t_s,pn_m,pe_m,pd_m,u_mps,v_mps,w_mps,p_rps,q_rps,r_rps,roll_rad,pitch_rad,yaw_rad,alt_m,airspeed_mps,alpha_rad,beta_rad,aileron_rad,elevator_rad,rudder_rad,throttle_01,fx_n,fy_n,fz_n,mx_nm,my_nm,mz_nm
0.000000,0.141940,0.072234,-59.979441,16.090169,0.625140,0.275653,-0.350506,-0.520411,0.031200,0.207720,-0.107452,0.436065,59.979441,16.104668,-0.017130,0.038827,-0.350000,0.350000,-0.026657,0.592251,15.806548,2.103465,5.208303,-1.902593,-3.741052,0.018380
0.010000,0.284539,0.144830,-59.957540,16.179512,0.649041,0.377589,-0.623997,0.175487,0.032883,0.202781,-0.109135,0.436038,59.957540,16.196927,-0.023333,0.040083,-0.350000,-0.350000,-0.026509,0.582123,15.626864,2.196436,7.175873,-1.405688,5.252591,0.023610
0.020000,0.427793,0.217770,-59.934200,16.269659,0.670733,0.506025,-0.826315,-0.337964,0.035049,0.195461,-0.110082,0.436197,59.934200,16.291339,-0.031092,0.041183,-0.350000,0.350000,-0.026062,0.586765,15.781072,2.283114,9.673924,-1.041527,-3.718293,0.029063
0.030000,0.571700,0.291035,-59.909304,16.362885,0.690102,0.568993,-0.976387,-0.763199,0.036399,0.186489,-0.115619,0.435489,59.909304,16.387312,-0.034759,0.042124,-0.350000,0.350000,-0.026937,0.585908,15.807232,2.362921,10.942675,-0.775017,-3.113413,0.028178
0.040000,0.716252,0.364617,-59.882785,16.459055,0.707674,0.571850,-1.088231,-1.124016,0.037216,0.176302,-0.125012,0.434134,59.882785,16.484183,-0.034730,0.042944,-0.350000,0.350000,-0.027042,0.582161,15.759311,2.437446,11.063047,-0.580267,-2.681651,0.031404
0.050000,0.861429,0.438514,-59.854623,16.552461,0.723714,0.620064,-1.172259,-0.258966,0.038707,0.165081,-0.131785,0.433334,59.854623,16.579873,-0.037443,0.043664,-0.350000,-0.350000,-0.026978,0.561011,15.337560,2.507193,12.066225,-0.437614,6.457222,0.034131
0.060000,1.007211,0.512716,-59.824758,16.641248,0.736615,0.815250,-1.236042,0.504529,0.041974,0.152946,-0.130569,0.433934,59.824758,16.677481,-0.048951,0.044183,-0.350000,-0.350000,-0.026578,0.558897,15.373585,2.566939,15.960943,-0.332735,5.820698,0.035183
0.070000,1.153591,0.587200,-59.793007,16.730052,0.744666,1.053364,-1.284798,0.000067,0.044713,0.140229,-0.128242,0.434729,59.793007,16.779712,-0.062879,0.044394,-0.350000,0.350000,-0.027957,0.566966,15.663736,2.610917,20.754787,-0.255502,-3.553130,0.025809
0.080000,1.300558,0.661941,-59.759142,16.823424,0.748096,1.238725,-1.322332,-0.393871,0.046461,0.127161,-0.130335,0.434914,59.759142,16.885546,-0.073498,0.044318,-0.350000,0.350000,-0.027657,0.561519,15.654708,2.639489,24.566881,-0.198606,-2.776014,0.025286
0.090000,1.448095,0.736920,-59.722973,16.922980,0.747578,1.382383,-1.351597,-0.702156,0.046677,0.113813,-0.135895,0.434713,59.722973,16.995797,-0.081506,0.044000,-0.350000,0.350000,-0.028966,0.564790,15.831046,2.654881,27.600375,-0.156817,-2.175232,0.016729
0.100000,1.596172,0.812122,-59.684338,17.016379,0.743100,1.605587,-1.374925,0.309673,0.047727,0.100140,-0.137798,0.434972,59.684338,17.108105,-0.094077,0.043449,-0.350000,-0.350000,-0.028516,0.542265,15.490842,2.656407,32.279873,-0.125242,7.676377,0.015315
0.110000,1.744757,0.887528,-59.643004,17.106450,0.732733,1.911890,-1.393745,-0.036206,0.048921,0.086210,-0.136579,0.435582,59.643004,17.228547,-0.111302,0.042543,-0.350000,0.350000,-0.028770,0.546426,15.811777,2.637760,38.730077,-0.101250,-2.317231,0.007687
0.120000,1.893827,0.963122,-59.598660,17.203465,0.716269,2.199774,-1.408987,-0.277511,0.048995,0.072144,-0.138261,0.435947,59.598660,17.358319,-0.127178,0.041275,-0.350000,0.350000,-0.028564,0.547504,16.087348,2.597879,44.923707,-0.083141,-1.559033,0.002094
0.130000,2.043347,1.038890,-59.550997,17.306074,0.693933,2.484451,-1.421518,-0.431866,0.047581,0.057954,-0.141899,0.436199,59.550997,17.497263,-0.142585,0.039670,-0.350000,0.350000,-0.029513,0.538058,16.161503,2.536969,51.175864,-0.069276,-0.918880,-0.010220
0.140000,2.193268,1.114821,-59.499691,17.395052,0.665026,2.902794,-1.432169,0.817318,0.047200,0.043605,-0.139902,0.436764,59.499691,17.648125,-0.165351,0.037691,-0.350000,-0.350000,-0.028710,0.527381,16.373835,2.452201,60.374893,-0.058111,9.595725,-0.016248
0.150000,2.343548,1.190910,-59.444286,17.469879,0.626591,3.466729,-1.441309,0.637812,0.046836,0.029135,-0.132770,0.437504,59.444286,17.821546,-0.195895,0.035166,-0.350000,0.350000,-0.028972,0.530619,17.136932,2.333120,72.940637,-0.049290,-0.864371,-0.032313
0.160000,2.494150,1.267163,-59.384164,17.546850,0.577520,4.077716,-1.449141,0.596257,0.044718,0.014605,-0.126722,0.438101,59.384164,18.023685,-0.228337,0.032048,-0.350000,0.350000,-0.029416,0.521602,17.825620,2.174730,86.960261,-0.042902,0.197074,-0.051245
0.170000,2.645032,1.343599,-59.318625,17.622217,0.516872,4.768287,-1.456112,0.685096,0.041595,0.000019,-0.120427,0.438583,59.318625,18.263249,-0.264256,0.028305,-0.350000,0.350000,-0.028622,0.512242,18.796033,1.972157,103.333234,-0.039031,1.233398,-0.065787
0.180000,2.796156,1.420259,-59.246848,17.691322,0.443124,5.575807,-1.462717,0.905719,0.037090,-0.014615,-0.112584,0.438920,59.246848,18.554483,-0.305317,0.023885,-0.350000,0.350000,-0.028606,0.515104,20.474007,1.717676,123.228429,-0.038323,2.317992,-0.088941
0.190000,2.947492,1.497217,-59.167836,17.742193,0.354082,6.545716,-1.469543,1.269380,0.031456,-0.029287,-0.101832,0.439024,59.167836,18.914470,-0.353443,0.018721,-0.350000,0.350000,-0.028049,0.494445,22.311851,1.399110,148.242415,-0.041455,3.537074,-0.113960
0.200000,3.099029,1.574590,-59.080331,17.761046,0.246623,7.736210,-1.477402,1.799523,0.024720,-0.043994,-0.086641,0.438742,59.080331,19.374326,-0.410791,0.012730,-0.350000,0.350000,-0.027205,0.483233,25.433422,0.998167,180.776608,-0.050708,5.002807,-0.144438
0.210000,3.250813,1.652580,-58.982696,17.722362,0.116367,9.225569,-1.487561,2.536648,0.016779,-0.058749,-0.065175,0.437836,58.982696,19.980160,-0.479961,0.005824,-0.350000,0.350000,-0.026105,0.458014,30.013339,0.485697,224.634023,-0.069752,6.881933,-0.183465
0.220000,3.403015,1.731532,-58.872726,17.587370,-0.042896,11.124559,-1.502150,3.548073,0.007041,-0.073599,-0.035080,0.435949,58.872726,20.810412,-0.563997,-0.002061,-0.350000,0.350000,-0.025309,0.443509,37.864840,-0.186484,286.360991,-0.106157,9.449676,-0.239700
0.230000,3.556064,1.812047,-58.747322,17.284620,-0.232241,13.599413,-1.404015,4.948103,-0.004351,-0.088043,0.006869,0.432547,58.747322,21.994455,-0.666636,-0.010559,-0.273654,0.350000,-0.022793,0.407646,50.785833,-1.067097,378.090315,0.447105,13.211997,-0.301508
0.240000,3.710939,1.895208,-58.601915,16.687380,-0.438834,16.918875,-1.143957,6.942677,-0.019246,-0.100904,0.065419,0.426850,58.601915,23.767826,-0.792287,-0.018464,-0.157237,0.350000,-0.020119,0.362612,74.470829,-2.179030,524.743429,1.254867,19.205930,-0.379768
0.250000,3.869923,1.983078,-58.429321,15.521514,-0.636403,21.581975,-0.756156,10.198330,-0.039560,-0.111290,0.149490,0.417505,58.429321,26.591428,-0.947308,-0.023935,-0.052049,0.281140,-0.016583,0.298541,122.318936,-3.535662,785.355537,1.902505,31.983376,-0.461369
0.260000,4.038852,2.080064,-58.217176,12.792951,-0.772329,28.800509,-0.191289,18.523663,-0.066676,-0.119646,0.289371,0.400262,58.217176,31.523410,-1.152783,-0.024503,0.059989,-0.350000,-0.011086,0.188748,239.954439,-5.086765,1343.114507,2.870902,81.747300,-0.502091
0.270000,4.236256,2.197845,-57.941600,6.025608,-0.634928,41.119463,1.062564,32.685583,-0.115223,-0.129099,0.535183,0.365631,57.941600,41.563461,-1.425293,-0.015277,0.266074,-0.350000,-0.003207,0.000000,616.917374,-5.513463,2886.924891,7.137798,159.823081,-0.210628
0.280000,4.538138,2.376122,-57.556902,-13.035082,0.432837,65.022488,3.079202,65.575139,-0.186668,-0.180352,0.995709,0.264638,57.556902,66.317604,-1.570796,0.006527,0.350000,-0.350000,0.013443,0.000000,1897.614362,5.997071,8100.223430,14.156976,397.123859,2.724223
0.290000,5.266594,2.746223,-57.107000,-82.468332,4.683289,103.178633,6.790201,159.657926,0.083505,-2.927070,1.105521,-2.577944,57.107000,132.169548,-1.570796,0.035441,0.350000,-0.350000,0.048860,0.000000,7537.532023,129.351723,32174.974280,32.954305,1271.325006,27.329622
0.300000,6.579738,3.172622,-58.335220,-150.764027,26.669660,-271.729490,7.044475,-40.739708,13.928076,-0.727060,-1.294760,1.055105,58.335220,311.894178,1.570796,0.085613,0.350000,-0.350000,0.350000,0.000000,41975.867851,1740.095625,-179179.665096,394.508282,-11829.522034,448.431950
0.310000,37344.376182,-1609.838629,-45455.336673,-26815392.756620,5731237.942631,-8072049.229887,10688744.458735,8772888.561502,-3559416.789551,2.716098,0.638450,2.611342,45455.336673,28584442.548642,1.570796,0.201870,-0.350000,0.350000,-0.350000,0.000000,352527764868367.375000,34458653436479.835938,-1504812406248226.500000,-48171960599271.335938,-158408566928472.125000,6218109440370.513672
0.320000,-362494442187840108522162713513249772669398536117205082594324803388561292555956163375486813770617726215127040.000000,-330672484629851198188083341278850975747737678621612313718038880360411408208654964408043761385460280846188544.000000,-330148210155041623633010401911843077636574620131506113306234100003014416540919358338045430532037759295553536.000000,7887237692586461630278123090567964094419739234022483782164193794163425238249897984.000000,618615215159446470186176561086854243907213482556797710152849190920483432959049728.000000,36087262539295953927492608070203049588913648688841799350303369788169605494113042432.000000,3701972087468403001189962372816104202180955269316165053284365723234538620389949440.000000,82449944463541772927171357346215515613838659307858106630323021290834884852315062272.000000,-869624230868029429093825034127364729683097601476138370718555239013776733438476288.000000,-2.963149,0.473527,1.629934,330148210155041623633010401911843077636574620131506113306234100003014416540919358338045430532037759295553536.000000,36944305661141561033894348597304831829989730059517764770735780095270355643593129984.000000,-1.355620,0.016745,-0.350000,-0.350000,0.350000,0.000000,36529861271922419100105583526267667641587942209444940732023761372576363001736758996431440496477601100321547374952863671494638358307544246399989357329368602134970368.000000,394345622990703666016240682583481704045801963216857729149660656163185843231334327770893969979063065418067534460599149879780859636387777232203019125707053719355392.000000,179167056905907619310476329235134913192901252407259750568642629633769523994313484159823559316907334782243852039464236165657750530163919493038380296402056860286320640.000000,-2412014591673078333707727972148695854969234371708383423484563384898421604878160326803309560014144130971538213422111582572815328467701339829960906345484514649702400.000000,-3349142301766647576883065375497439233704689680219693325939677696983999917814304328520346763170783459386177067092020935001095953193267583688780629246170154944954368.000000,1015888582154270006205757676705625386514027641432797282863177325701097206354671439411338757004380239772419881732038861074865917326018974316483826968285949877813248.000000
0.330000,nan,nan,nan,nan,nan,nan,nan,nan,nan,nan,nan,nan,nan,0.001000,nan,1.570796,0.350000,-0.350000,0.350000,0.000000,nan,nan,nan,nan,nan,nan
0.340000,nan,nan,nan,nan,nan,nan,nan,nan,nan,nan,nan,nan,nan,0.001000,nan,1.570796,0.350000,0.350000,0.350000,1.000000,nan,nan,nan,nan,nan,nan
0.350000,nan,nan,nan,nan,nan,nan,nan,nan,nan,nan,nan,nan,nan,0.001000,nan,1.570796,0.350000,0.350000,0.350000,1.000000,nan,nan,nan,nan,nan,nan
0.360000,nan,nan,nan,nan,nan,nan,nan,nan,nan,nan,nan,nan,nan,0.001000,nan,1.570796,0.350000,0.350000,0.350000,1.000000,nan,nan,nan,nan,nan,nan
0.370000,nan,nan,nan,nan,nan,nan,nan,nan,nan,nan,nan,nan,nan,0.001000,nan,1.570796,0.350000,0.350000,0.350000,1.000000,nan,nan,nan,nan,nan,nan
0.380000,nan,nan,nan,nan,nan,nan,nan,nan,nan,nan,nan,nan,nan,0.001000,nan,1.570796,0.350000,0.350000,0.350000,1.000000,nan,nan,nan,nan,nan,nan
0.390000,nan,nan,nan,nan,nan,nan,nan,nan,nan,nan,nan,nan,nan,0.001000,nan,1.570796,0.350000,0.350000,0.350000,1.000000,nan,nan,nan,nan,nan,nan
0.400000,nan,nan,nan,nan,nan,nan,nan,nan,nan,nan,nan,nan,nan,0.001000,nan,1.570796,0.350000,0.350000,0.350000,1.000000,nan,nan,nan,nan,nan,nan
0.410000,nan,nan,nan,nan,nan,nan,nan,nan,nan,nan,nan,nan,nan,0.001000,nan,1.570796,0.350000,0.350000,0.350000,1.000000,nan,nan,nan,nan,nan,nan
0.420000,nan,nan,nan,nan,nan,nan,nan,nan,nan,nan,nan,nan,nan,0.001000,nan,1.570796,0.350000,0.350000,0.350000,1.000000,nan,nan,nan,nan,nan,nan
0.430000,nan,nan,nan,nan,nan,nan,nan,nan,nan,nan,nan,nan,nan,0.001000,nan,1.570796,0.350000,0.350000,0.350000,1.000000,nan,nan,nan,nan,nan,nan
0.440000,nan,nan,nan,nan,nan,nan,nan,nan,nan,nan,nan,nan,nan,0.001000,nan,1.570796,0.350000,0.350000,0.350000,1.000000,nan,nan,nan,nan,nan,nan
0.450000,nan,nan,nan,nan,nan,nan,nan,nan,nan,nan,nan,nan,nan,0.001000,nan,1.570796,0.350000,0.350000,0.350000,1.000000,nan,nan,nan,nan,nan,nan
0.460000,nan,nan,nan,nan,nan,nan,nan,nan,nan,nan,nan,nan,nan,0.001000,nan,1.570796,0.350000,0.350000,0.350000,1.000000,nan,nan,nan,nan,nan,nan
0.470000,nan,nan,nan,nan,nan,nan,nan,nan,nan,nan,nan,nan,nan,0.001000,nan,1.570796,0.350000,0.350000,0.350000,1.000000,nan,nan,nan,nan,nan,nan
0.480000,nan,nan,nan,nan,nan,nan,nan,nan,nan,nan,nan,nan,nan,0.001000,nan,1.570796,0.350000,0.350000,0.350000,1.000000,nan,nan,nan,nan,nan,nan
0.490000,nan,nan,nan,nan,nan,nan,nan,nan,nan,nan,nan,nan,nan,0.001000,nan,1.570796,0.350000,0.350000,0.350000,1.000000,nan,nan,nan,nan,nan,nan
0.500000,nan,nan,nan,nan,nan,nan,nan,nan,nan,nan,nan,nan,nan,0.001000,nan,1.570796,0.350000,0.350000,0.350000,1.000000,nan,nan,nan,nan,nan,nan
0.510000,nan,nan,nan,nan,nan,nan,nan,nan,nan,nan,nan,nan,nan,0.001000,nan,1.570796,0.350000,0.350000,0.350000,1.000000,nan,nan,nan,nan,nan,nan
0.520000,nan,nan,nan,nan,nan,nan,nan,nan,nan,nan,nan,nan,nan,0.001000,nan,1.570796,0.350000,0.350000,0.350000,1.000000,nan,nan,nan,nan,nan,nan
0.530000,nan,nan,nan,nan,nan,nan,nan,nan,nan,nan,nan,nan,nan,0.001000,nan,1.570796,0.350000,0.350000,0.350000,1.000000,nan,nan,nan,nan,nan,nan
0.540000,nan,nan,nan,nan,nan,nan,nan,nan,nan,nan,nan,nan,nan,0.001000,nan,1.570796,0.350000,0.350000,0.350000,1.000000,nan,nan,nan,nan,nan,nan
0.550000,nan,nan,nan,nan,nan,nan,nan,nan,nan,nan,nan,nan,nan,0.001000,nan,1.570796,0.350000,0.350000,0.350000,1.000000,nan,nan,nan,nan,nan,nan
0.560000,nan,nan,nan,nan,nan,nan,nan,nan,nan,nan,nan,nan,nan,0.001000,nan,1.570796,0.350000,0.350000,0.350000,1.000000,nan,nan,nan,nan,nan,nan
0.570000,nan,nan,nan,nan,nan,nan,nan,nan,nan,nan,nan,nan,nan,0.001000,nan,1.570796,0.350000,0.350000,0.350000,1.000000,nan,nan,nan,nan,nan,nan
0.580000,nan,nan,nan,nan,nan,nan,nan,nan,nan,nan,nan,nan,nan,0.001000,nan,1.570796,0.350000,0.350000,0.350000,1.000000,nan,nan,nan,nan,nan,nan
0.590000,nan,nan,nan,nan,nan,nan,nan,nan,nan,nan,nan,nan,nan,0.001000,nan,1.570796,0.350000,0.350000,0.350000,1.000000,nan,nan,nan,nan,nan,nan
0.600000,nan,nan,nan,nan,nan,nan,nan,nan,nan,nan,nan,nan,nan,0.001000,nan,1.570796,0.350000,0.350000,0.350000,1.000000,nan,nan,nan,nan,nan,nan
0.610000,nan,nan,nan,nan,nan,nan,nan,nan,nan,nan,nan,nan,nan,0.001000,nan,1.570796,0.350000,0.350000,0.350000,1.000000,nan,nan,nan,nan,nan,nan
0.620000,nan,nan,nan,nan,nan,nan,nan,nan,nan,nan,nan,nan,nan,0.001000,nan,1.570796,0.350000,0.350000,0.350000,1.000000,nan,nan,nan,nan,nan,nan
0.630000,nan,nan,nan,nan,nan,nan,nan,nan,nan,nan,nan,nan,nan,0.001000,nan,1.570796,0.350000,0.350000,0.350000,1.000000,nan,nan,nan,nan,nan,nan
0.640000,nan,nan,nan,nan,nan,nan,nan,nan,nan,nan,nan,nan,nan,0.001000,nan,1.570796,0.350000,0.350000,0.350000,1.000000,nan,nan,nan,nan,nan,nan
0.650000,nan,nan,nan,nan,nan,nan,nan,nan,nan,nan,nan,nan,nan,0.001000,nan,1.570796,0.350000,0.350000,0.350000,1.000000,nan,nan,nan,nan,nan,nan
0.660000,nan,nan,nan,nan,nan,nan,nan,nan,nan,nan,nan,nan,nan,0.001000,nan,1.570796,0.350000,0.350000,0.350000,1.000000,nan,nan,nan,nan,nan,nan
0.670000,nan,nan,nan,nan,nan,nan,nan,nan,nan,nan,nan,nan,nan,0.001000,nan,1.570796,0.350000,0.350000,0.350000,1.000000,nan,nan,nan,nan,nan,nan
0.680000,nan,nan,nan,nan,nan,nan,nan,nan,nan,nan,nan,nan,nan,0.001000,nan,1.570796,0.350000,0.350000,0.350000,1.000000,nan,nan,nan,nan,nan,nan
0.690000,nan,nan,nan,nan,nan,nan,nan,nan,nan,nan,nan,nan,nan,0.001000,nan,1.570796,0.350000,0.350000,0.350000,1.000000,nan,nan,nan,nan,nan,nan
0.700000,nan,nan,nan,nan,nan,nan,nan,nan,nan,nan,nan,nan,nan,0.001000,nan,1.570796,0.350000,0.350000,0.350000,1.000000,nan,nan,nan,nan,nan,nan
0.710000,nan,nan,nan,nan,nan,nan,nan,nan,nan,nan,nan,nan,nan,0.001000,nan,1.570796,0.350000,0.350000,0.350000,1.000000,nan,nan,nan,nan,nan,nan
0.720000,nan,nan,nan,nan,nan,nan,nan,nan,nan,nan,nan,nan,nan,0.001000,nan,1.570796,0.350000,0.350000,0.350000,1.000000,nan,nan,nan,nan,nan,nan
0.730000,nan,nan,nan,nan,nan,nan,nan,nan,nan,nan,nan,nan,nan,0.001000,nan,1.570796,0.350000,0.350000,0.350000,1.000000,nan,nan,nan,nan,nan,nan
0.740000,nan,nan,nan,nan,nan,nan,nan,nan,nan,nan,nan,nan,nan,0.001000,nan,1.570796,0.350000,0.350000,0.350000,1.000000,nan,nan,nan,nan,nan,nan
0.750000,nan,nan,nan,nan,nan,nan,nan,nan,nan,nan,nan,nan,nan,0.001000,nan,1.570796,0.350000,0.350000,0.350000,1.000000,nan,nan,nan,nan,nan,nan
0.760000,nan,nan,nan,nan,nan,nan,nan,nan,nan,nan,nan,nan,nan,0.001000,nan,1.570796,0.350000,0.350000,0.350000,1.000000,nan,nan,nan,nan,nan,nan
0.770000,nan,nan,nan,nan,nan,nan,nan,nan,nan,nan,nan,nan,nan,0.001000,nan,1.570796,0.350000,0.350000,0.350000,1.000000,nan,nan,nan,nan,nan,nan
0.780000,nan,nan,nan,nan,nan,nan,nan,nan,nan,nan,nan,nan,nan,0.001000,nan,1.570796,0.350000,0.350000,0.350000,1.000000,nan,nan,nan,nan,nan,nan
0.790000,nan,nan,nan,nan,nan,nan,nan,nan,nan,nan,nan,nan,nan,0.001000,nan,1.570796,0.350000,0.350000,0.350000,1.000000,nan,nan,nan,nan,nan,nan
0.800000,nan,nan,nan,nan,nan,nan,nan,nan,nan,nan,nan,nan,nan,0.001000,nan,1.570796,0.350000,0.350000,0.350000,1.000000,nan,nan,nan,nan,nan,nan
0.810000,nan,nan,nan,nan,nan,nan,nan,nan,nan,nan,nan,nan,nan,0.001000,nan,1.570796,0.350000,0.350000,0.350000,1.000000,nan,nan,nan,nan,nan,nan
0.820000,nan,nan,nan,nan,nan,nan,nan,nan,nan,nan,nan,nan,nan,0.001000,nan,1.570796,0.350000,0.350000,0.350000,1.000000,nan,nan,nan,nan,nan,nan
0.830000,nan,nan,nan,nan,nan,nan,nan,nan,nan,nan,nan,nan,nan,0.001000,nan,1.570796,0.350000,0.350000,0.350000,1.000000,nan,nan,nan,nan,nan,nan
0.840000,nan,nan,nan,nan,nan,nan,nan,nan,nan,nan,nan,nan,nan,0.001000,nan,1.570796,0.350000,0.350000,0.350000,1.000000,nan,nan,nan,nan,nan,nan
0.850000,nan,nan,nan,nan,nan,nan,nan,nan,nan,nan,nan,nan,nan,0.001000,nan,1.570796,0.350000,0.350000,0.350000,1.000000,nan,nan,nan,nan,nan,nan
0.860000,nan,nan,nan,nan,nan,nan,nan,nan,nan,nan,nan,nan,nan,0.001000,nan,1.570796,0.350000,0.350000,0.350000,1.000000,nan,nan,nan,nan,nan,nan
0.870000,nan,nan,nan,nan,nan,nan,nan,nan,nan,nan,nan,nan,nan,0.001000,nan,1.570796,0.350000,0.350000,0.350000,1.000000,nan,nan,nan,nan,nan,nan
0.880000,nan,nan,nan,nan,nan,nan,nan,nan,nan,nan,nan,nan,nan,0.001000,nan,1.570796,0.350000,0.350000,0.350000,1.000000,nan,nan,nan,nan,nan,nan
0.890000,nan,nan,nan,nan,nan,nan,nan,nan,nan,nan,nan,nan,nan,0.001000,nan,1.570796,0.350000,0.350000,0.350000,1.000000,nan,nan,nan,nan,nan,nan
0.900000,nan,nan,nan,nan,nan,nan,nan,nan,nan,nan,nan,nan,nan,0.001000,nan,1.570796,0.350000,0.350000,0.350000,1.000000,nan,nan,nan,nan,nan,nan
0.910000,nan,nan,nan,nan,nan,nan,nan,nan,nan,nan,nan,nan,nan,0.001000,nan,1.570796,0.350000,0.350000,0.350000,1.000000,nan,nan,nan,nan,nan,nan
0.920000,nan,nan,nan,nan,nan,nan,nan,nan,nan,nan,nan,nan,nan,0.001000,nan,1.570796,0.350000,0.350000,0.350000,1.000000,nan,nan,nan,nan,nan,nan
0.930000,nan,nan,nan,nan,nan,nan,nan,nan,nan,nan,nan,nan,nan,0.001000,nan,1.570796,0.350000,0.350000,0.350000,1.000000,nan,nan,nan,nan,nan,nan
0.940000,nan,nan,nan,nan,nan,nan,nan,nan,nan,nan,nan,nan,nan,0.001000,nan,1.570796,0.350000,0.350000,0.350000,1.000000,nan,nan,nan,nan,nan,nan
0.950000,nan,nan,nan,nan,nan,nan,nan,nan,nan,nan,nan,nan,nan,0.001000,nan,1.570796,0.350000,0.350000,0.350000,1.000000,nan,nan,nan,nan,nan,nan
0.960000,nan,nan,nan,nan,nan,nan,nan,nan,nan,nan,nan,nan,nan,0.001000,nan,1.570796,0.350000,0.350000,0.350000,1.000000,nan,nan,nan,nan,nan,nan
0.970000,nan,nan,nan,nan,nan,nan,nan,nan,nan,nan,nan,nan,nan,0.001000,nan,1.570796,0.350000,0.350000,0.350000,1.000000,nan,nan,nan,nan,nan,nan
0.980000,nan,nan,nan,nan,nan,nan,nan,nan,nan,nan,nan,nan,nan,0.001000,nan,1.570796,0.350000,0.350000,0.350000,1.000000,nan,nan,nan,nan,nan,nan
0.990000,nan,nan,nan,nan,nan,nan,nan,nan,nan,nan,nan,nan,nan,0.001000,nan,1.570796,0.350000,0.350000,0.350000,1.000000,nan,nan,nan,nan,nan,nan
1.000000,nan,nan,nan,nan,nan,nan,nan,nan,nan,nan,nan,nan,nan,0.001000,nan,1.570796,0.350000,0.350000,0.350000,1.000000,nan,nan,nan,nan,nan,nan
1.010000,nan,nan,nan,nan,nan,nan,nan,nan,nan,nan,nan,nan,nan,0.001000,nan,1.570796,0.350000,0.350000,0.350000,1.000000,nan,nan,nan,nan,nan,nan
1.020000,nan,nan,nan,nan,nan,nan,nan,nan,nan,nan,nan,nan,nan,0.001000,nan,1.570796,0.350000,0.350000,0.350000,1.000000,nan,nan,nan,nan,nan,nan
1.030000,nan,nan,nan,nan,nan,nan,nan,nan,nan,nan,nan,nan,nan,0.001000,nan,1.570796,0.350000,0.350000,0.350000,1.000000,nan,nan,nan,nan,nan,nan
1.040000,nan,nan,nan,nan,nan,nan,nan,nan,nan,nan,nan,nan,nan,0.001000,nan,1.570796,0.350000,0.350000,0.350000,1.000000,nan,nan,nan,nan,nan,nan
1.050000,nan,nan,nan,nan,nan,nan,nan,nan,nan,nan,nan,nan,nan,0.001000,nan,1.570796,0.350000,0.350000,0.350000,1.000000,nan,nan,nan,nan,nan,nan
1.060000,nan,nan,nan,nan,nan,nan,nan,nan,nan,nan,nan,nan,nan,0.001000,nan,1.570796,0.350000,0.350000,0.350000,1.000000,nan,nan,nan,nan,nan,nan
1.070000,nan,nan,nan,nan,nan,nan,nan,nan,nan,nan,nan,nan,nan,0.001000,nan,1.570796,0.350000,0.350000,0.350000,1.000000,nan,nan,nan,nan,nan,nan
1.080000,nan,nan,nan,nan,nan,nan,nan,nan,nan,nan,nan,nan,nan,0.001000,nan,1.570796,0.350000,0.350000,0.350000,1.000000,nan,nan,nan,nan,nan,nan
1.090000,nan,nan,nan,nan,nan,nan,nan,nan,nan,nan,nan,nan,nan,0.001000,nan,1.570796,0.350000,0.350000,0.350000,1.000000,nan,nan,nan,nan,nan,nan
1.100000,nan,nan,nan,nan,nan,nan,nan,nan,nan,nan,nan,nan,nan,0.001000,nan,1.570796,0.350000,0.350000,0.350000,1.000000,nan,nan,nan,nan,nan,nan
1.110000,nan,nan,nan,nan,nan,nan,nan,nan,nan,nan,nan,nan,nan,0.001000,nan,1.570796,0.350000,0.350000,0.350000,1.000000,nan,nan,nan,nan,nan,nan
1.120000,nan,nan,nan,nan,nan,nan,nan,nan,nan,nan,nan,nan,nan,0.001000,nan,1.570796,0.350000,0.350000,0.350000,1.000000,nan,nan,nan,nan,nan,nan
1.130000,nan,nan,nan,nan,nan,nan,nan,nan,nan,nan,nan,nan,nan,0.001000,nan,1.570796,0.350000,0.350000,0.350000,1.000000,nan,nan,nan,nan,nan,nan
1.140000,nan,nan,nan,nan,nan,nan,nan,nan,nan,nan,nan,nan,nan,0.001000,nan,1.570796,0.350000,0.350000,0.350000,1.000000,nan,nan,nan,nan,nan,nan
1.150000,nan,nan,nan,nan,nan,nan,nan,nan,nan,nan,nan,nan,nan,0.001000,nan,1.570796,0.350000,0.350000,0.350000,1.000000,nan,nan,nan,nan,nan,nan
1.160000,nan,nan,nan,nan,nan,nan,nan,nan,nan,nan,nan,nan,nan,0.001000,nan,1.570796,0.350000,0.350000,0.350000,1.000000,nan,nan,nan,nan,nan,nan
1.170000,nan,nan,nan,nan,nan,nan,nan,nan,nan,nan,nan,nan,nan,0.001000,nan,1.570796,0.350000,0.350000,0.350000,1.000000,nan,nan,nan,nan,nan,nan
1.180000,nan,nan,nan,nan,nan,nan,nan,nan,nan,nan,nan,nan,nan,0.001000,nan,1.570796,0.350000,0.350000,0.350000,1.000000,nan,nan,nan,nan,nan,nan
1.190000,nan,nan,nan,nan,nan,nan,nan,nan,nan,nan,nan,nan,nan,0.001000,nan,1.570796,0.350000,0.350000,0.350000,1.000000,nan,nan,nan,nan,nan,nan
1.200000,nan,nan,nan,nan,nan,nan,nan,nan,nan,nan,nan,nan,nan,0.001000,nan,1.570796,0.350000,0.350000,0.350000,1.000000,nan,nan,nan,nan,nan,nan
1.210000,nan,nan,nan,nan,nan,nan,nan,nan,nan,nan,nan,nan,nan,0.001000,nan,1.570796,0.350000,0.350000,0.350000,1.000000,nan,nan,nan,nan,nan,nan
1.220000,nan,nan,nan,nan,nan,nan,nan,nan,nan,nan,nan,nan,nan,0.001000,nan,1.570796,0.350000,0.350000,0.350000,1.000000,nan,nan,nan,nan,nan,nan
1.230000,nan,nan,nan,nan,nan,nan,nan,nan,nan,nan,nan,nan,nan,0.001000,nan,1.570796,0.350000,0.350000,0.350000,1.000000,nan,nan,nan,nan,nan,nan
1.240000,nan,nan,nan,nan,nan,nan,nan,nan,nan,nan,nan,nan,nan,0.001000,nan,1.570796,0.350000,0.350000,0.350000,1.000000,nan,nan,nan,nan,nan,nan
1.250000,nan,nan,nan,nan,nan,nan,nan,nan,nan,nan,nan,nan,nan,0.001000,nan,1.570796,0.350000,0.350000,0.350000,1.000000,nan,nan,nan,nan,nan,nan
1.260000,nan,nan,nan,nan,nan,nan,nan,nan,nan,nan,nan,nan,nan,0.001000,nan,1.570796,0.350000,0.350000,0.350000,1.000000,nan,nan,nan,nan,nan,nan
1.270000,nan,nan,nan,nan,nan,nan,nan,nan,nan,nan,nan,nan,nan,0.001000,nan,1.570796,0.350000,0.350000,0.350000,1.000000,nan,nan,nan,nan,nan,nan
1.280000,nan,nan,nan,nan,nan,nan,nan,nan,nan,nan,nan,nan,nan,0.001000,nan,1.570796,0.350000,0.350000,0.350000,1.000000,nan,nan,nan,nan,nan,nan
1.290000,nan,nan,nan,nan,nan,nan,nan,nan,nan,nan,nan,nan,nan,0.001000,nan,1.570796,0.350000,0.350000,0.350000,1.000000,nan,nan,nan,nan,nan,nan
1.300000,nan,nan,nan,nan,nan,nan,nan,nan,nan,nan,nan,nan,nan,0.001000,nan,1.570796,0.350000,0.350000,0.350000,1.000000,nan,nan,nan,nan,nan,nan
1.310000,nan,nan,nan,nan,nan,nan,nan,nan,nan,nan,nan,nan,nan,0.001000,nan,1.570796,0.350000,0.350000,0.350000,1.000000,nan,nan,nan,nan,nan,nan
1.320000,nan,nan,nan,nan,nan,nan,nan,nan,nan,nan,nan,nan,nan,0.001000,nan,1.570796,0.350000,0.350000,0.350000,1.000000,nan,nan,nan,nan,nan,nan
1.330000,nan,nan,nan,nan,nan,nan,nan,nan,nan,nan,nan,nan,nan,0.001000,nan,1.570796,0.350000,0.350000,0.350000,1.000000,nan,nan,nan,nan,nan,nan
1.340000,nan,nan,nan,nan,nan,nan,nan,nan,nan,nan,nan,nan,nan,0.001000,nan,1.570796,0.350000,0.350000,0.350000,1.000000,nan,nan,nan,nan,nan,nan
1.350000,nan,nan,nan,nan,nan,nan,nan,nan,nan,nan,nan,nan,nan,0.001000,nan,1.570796,0.350000,0.350000,0.350000,1.000000,nan,nan,nan,nan,nan,nan
1.360000,nan,nan,nan,nan,nan,nan,nan,nan,nan,nan,nan,nan,nan,0.001000,nan,1.570796,0.350000,0.350000,0.350000,1.000000,nan,nan,nan,nan,nan,nan
1.370000,nan,nan,nan,nan,nan,nan,nan,nan,nan,nan,nan,nan,nan,0.001000,nan,1.570796,0.350000,0.350000,0.350000,1.000000,nan,nan,nan,nan,nan,nan
1.380000,nan,nan,nan,nan,nan,nan,nan,nan,nan,nan,nan,nan,nan,0.001000,nan,1.570796,0.350000,0.350000,0.350000,1.000000,nan,nan,nan,nan,nan,nan
1.390000,nan,nan,nan,nan,nan,nan,nan,nan,nan,nan,nan,nan,nan,0.001000,nan,1.570796,0.350000,0.350000,0.350000,1.000000,nan,nan,nan,nan,nan,nan
1.400000,nan,nan,nan,nan,nan,nan,nan,nan,nan,nan,nan,nan,nan,0.001000,nan,1.570796,0.350000,0.350000,0.350000,1.000000,nan,nan,nan,nan,nan,nan
1.410000,nan,nan,nan,nan,nan,nan,nan,nan,nan,nan,nan,nan,nan,0.001000,nan,1.570796,0.350000,0.350000,0.350000,1.000000,nan,nan,nan,nan,nan,nan
1.420000,nan,nan,nan,nan,nan,nan,nan,nan,nan,nan,nan,nan,nan,0.001000,nan,1.570796,0.350000,0.350000,0.350000,1.000000,nan,nan,nan,nan,nan,nan
1.430000,nan,nan,nan,nan,nan,nan,nan,nan,nan,nan,nan,nan,nan,0.001000,nan,1.570796,0.350000,0.350000,0.350000,1.000000,nan,nan,nan,nan,nan,nan
1.440000,nan,nan,nan,nan,nan,nan,nan,nan,nan,nan,nan,nan,nan,0.001000,nan,1.570796,0.350000,0.350000,0.350000,1.000000,nan,nan,nan,nan,nan,nan
1.450000,nan,nan,nan,nan,nan,nan,nan,nan,nan,nan,nan,nan,nan,0.001000,nan,1.570796,0.350000,0.350000,0.350000,1.000000,nan,nan,nan,nan,nan,nan
1.460000,nan,nan,nan,nan,nan,nan,nan,nan,nan,nan,nan,nan,nan,0.001000,nan,1.570796,0.350000,0.350000,0.350000,1.000000,nan,nan,nan,nan,nan,nan
1.470000,nan,nan,nan,nan,nan,nan,nan,nan,nan,nan,nan,nan,nan,0.001000,nan,1.570796,0.350000,0.350000,0.350000,1.000000,nan,nan,nan,nan,nan,nan
1.480000,nan,nan,nan,nan,nan,nan,nan,nan,nan,nan,nan,nan,nan,0.001000,nan,1.570796,0.350000,0.350000,0.350000,1.000000,nan,nan,nan,nan,nan,nan
1.490000,nan,nan,nan,nan,nan,nan,nan,nan,nan,nan,nan,nan,nan,0.001000,nan,1.570796,0.350000,0.350000,0.350000,1.000000,nan,nan,nan,nan,nan,nan
1.500000,nan,nan,nan,nan,nan,nan,nan,nan,nan,nan,nan,nan,nan,0.001000,nan,1.570796,0.350000,0.350000,0.350000,1.000000,nan,nan,nan,nan,nan,nan
1.510000,nan,nan,nan,nan,nan,nan,nan,nan,nan,nan,nan,nan,nan,0.001000,nan,1.570796,0.350000,0.350000,0.350000,1.000000,nan,nan,nan,nan,nan,nan
1.520000,nan,nan,nan,nan,nan,nan,nan,nan,nan,nan,nan,nan,nan,0.001000,nan,1.570796,0.350000,0.350000,0.350000,1.000000,nan,nan,nan,nan,nan,nan
1.530000,nan,nan,nan,nan,nan,nan,nan,nan,nan,nan,nan,nan,nan,0.001000,nan,1.570796,0.350000,0.350000,0.350000,1.000000,nan,nan,nan,nan,nan,nan
1.540000,nan,nan,nan,nan,nan,nan,nan,nan,nan,nan,nan,nan,nan,0.001000,nan,1.570796,0.350000,0.350000,0.350000,1.000000,nan,nan,nan,nan,nan,nan
1.550000,nan,nan,nan,nan,nan,nan,nan,nan,nan,nan,nan,nan,nan,0.001000,nan,1.570796,0.350000,0.350000,0.350000,1.000000,nan,nan,nan,nan,nan,nan
1.560000,nan,nan,nan,nan,nan,nan,nan,nan,nan,nan,nan,nan,nan,0.001000,nan,1.570796,0.350000,0.350000,0.350000,1.000000,nan,nan,nan,nan,nan,nan
1.570000,nan,nan,nan,nan,nan,nan,nan,nan,nan,nan,nan,nan,nan,0.001000,nan,1.570796,0.350000,0.350000,0.350000,1.000000,nan,nan,nan,nan,nan,nan
1.580000,nan,nan,nan,nan,nan,nan,nan,nan,nan,nan,nan,nan,nan,0.001000,nan,1.570796,0.350000,0.350000,0.350000,1.000000,nan,nan,nan,nan,nan,nan
1.590000,nan,nan,nan,nan,nan,nan,nan,nan,nan,nan,nan,nan,nan,0.001000,nan,1.570796,0.350000,0.350000,0.350000,1.000000,nan,nan,nan,nan,nan,nan
1.600000,nan,nan,nan,nan,nan,nan,nan,nan,nan,nan,nan,nan,nan,0.001000,nan,1.570796,0.350000,0.350000,0.350000,1.000000,nan,nan,nan,nan,nan,nan
1.610000,nan,nan,nan,nan,nan,nan,nan,nan,nan,nan,nan,nan,nan,0.001000,nan,1.570796,0.350000,0.350000,0.350000,1.000000,nan,nan,nan,nan,nan,nan
1.620000,nan,nan,nan,nan,nan,nan,nan,nan,nan,nan,nan,nan,nan,0.001000,nan,1.570796,0.350000,0.350000,0.350000,1.000000,nan,nan,nan,nan,nan,nan
1.630000,nan,nan,nan,nan,nan,nan,nan,nan,nan,nan,nan,nan,nan,0.001000,nan,1.570796,0.350000,0.350000,0.350000,1.000000,nan,nan,nan,nan,nan,nan
1.640000,nan,nan,nan,nan,nan,nan,nan,nan,nan,nan,nan,nan,nan,0.001000,nan,1.570796,0.350000,0.350000,0.350000,1.000000,nan,nan,nan,nan,nan,nan
1.650000,nan,nan,nan,nan,nan,nan,nan,nan,nan,nan,nan,nan,nan,0.001000,nan,1.570796,0.350000,0.350000,0.350000,1.000000,nan,nan,nan,nan,nan,nan
1.660000,nan,nan,nan,nan,nan,nan,nan,nan,nan,nan,nan,nan,nan,0.001000,nan,1.570796,0.350000,0.350000,0.350000,1.000000,nan,nan,nan,nan,nan,nan
1.670000,nan,nan,nan,nan,nan,nan,nan,nan,nan,nan,nan,nan,nan,0.001000,nan,1.570796,0.350000,0.350000,0.350000,1.000000,nan,nan,nan,nan,nan,nan
1.680000,nan,nan,nan,nan,nan,nan,nan,nan,nan,nan,nan,nan,nan,0.001000,nan,1.570796,0.350000,0.350000,0.350000,1.000000,nan,nan,nan,nan,nan,nan
1.690000,nan,nan,nan,nan,nan,nan,nan,nan,nan,nan,nan,nan,nan,0.001000,nan,1.570796,0.350000,0.350000,0.350000,1.000000,nan,nan,nan,nan,nan,nan
1.700000,nan,nan,nan,nan,nan,nan,nan,nan,nan,nan,nan,nan,nan,0.001000,nan,1.570796,0.350000,0.350000,0.350000,1.000000,nan,nan,nan,nan,nan,nan
1.710000,nan,nan,nan,nan,nan,nan,nan,nan,nan,nan,nan,nan,nan,0.001000,nan,1.570796,0.350000,0.350000,0.350000,1.000000,nan,nan,nan,nan,nan,nan
1.720000,nan,nan,nan,nan,nan,nan,nan,nan,nan,nan,nan,nan,nan,0.001000,nan,1.570796,0.350000,0.350000,0.350000,1.000000,nan,nan,nan,nan,nan,nan
1.730000,nan,nan,nan,nan,nan,nan,nan,nan,nan,nan,nan,nan,nan,0.001000,nan,1.570796,0.350000,0.350000,0.350000,1.000000,nan,nan,nan,nan,nan,nan
1.740000,nan,nan,nan,nan,nan,nan,nan,nan,nan,nan,nan,nan,nan,0.001000,nan,1.570796,0.350000,0.350000,0.350000,1.000000,nan,nan,nan,nan,nan,nan
1.750000,nan,nan,nan,nan,nan,nan,nan,nan,nan,nan,nan,nan,nan,0.001000,nan,1.570796,0.350000,0.350000,0.350000,1.000000,nan,nan,nan,nan,nan,nan
1.760000,nan,nan,nan,nan,nan,nan,nan,nan,nan,nan,nan,nan,nan,0.001000,nan,1.570796,0.350000,0.350000,0.350000,1.000000,nan,nan,nan,nan,nan,nan
1.770000,nan,nan,nan,nan,nan,nan,nan,nan,nan,nan,nan,nan,nan,0.001000,nan,1.570796,0.350000,0.350000,0.350000,1.000000,nan,nan,nan,nan,nan,nan
1.780000,nan,nan,nan,nan,nan,nan,nan,nan,nan,nan,nan,nan,nan,0.001000,nan,1.570796,0.350000,0.350000,0.350000,1.000000,nan,nan,nan,nan,nan,nan
1.790000,nan,nan,nan,nan,nan,nan,nan,nan,nan,nan,nan,nan,nan,0.001000,nan,1.570796,0.350000,0.350000,0.350000,1.000000,nan,nan,nan,nan,nan,nan
1.800000,nan,nan,nan,nan,nan,nan,nan,nan,nan,nan,nan,nan,nan,0.001000,nan,1.570796,0.350000,0.350000,0.350000,1.000000,nan,nan,nan,nan,nan,nan
1.810000,nan,nan,nan,nan,nan,nan,nan,nan,nan,nan,nan,nan,nan,0.001000,nan,1.570796,0.350000,0.350000,0.350000,1.000000,nan,nan,nan,nan,nan,nan
1.820000,nan,nan,nan,nan,nan,nan,nan,nan,nan,nan,nan,nan,nan,0.001000,nan,1.570796,0.350000,0.350000,0.350000,1.000000,nan,nan,nan,nan,nan,nan
1.830000,nan,nan,nan,nan,nan,nan,nan,nan,nan,nan,nan,nan,nan,0.001000,nan,1.570796,0.350000,0.350000,0.350000,1.000000,nan,nan,nan,nan,nan,nan
1.840000,nan,nan,nan,nan,nan,nan,nan,nan,nan,nan,nan,nan,nan,0.001000,nan,1.570796,0.350000,0.350000,0.350000,1.000000,nan,nan,nan,nan,nan,nan
1.850000,nan,nan,nan,nan,nan,nan,nan,nan,nan,nan,nan,nan,nan,0.001000,nan,1.570796,0.350000,0.350000,0.350000,1.000000,nan,nan,nan,nan,nan,nan
1.860000,nan,nan,nan,nan,nan,nan,nan,nan,nan,nan,nan,nan,nan,0.001000,nan,1.570796,0.350000,0.350000,0.350000,1.000000,nan,nan,nan,nan,nan,nan
1.870000,nan,nan,nan,nan,nan,nan,nan,nan,nan,nan,nan,nan,nan,0.001000,nan,1.570796,0.350000,0.350000,0.350000,1.000000,nan,nan,nan,nan,nan,nan
1.880000,nan,nan,nan,nan,nan,nan,nan,nan,nan,nan,nan,nan,nan,0.001000,nan,1.570796,0.350000,0.350000,0.350000,1.000000,nan,nan,nan,nan,nan,nan
1.890000,nan,nan,nan,nan,nan,nan,nan,nan,nan,nan,nan,nan,nan,0.001000,nan,1.570796,0.350000,0.350000,0.350000,1.000000,nan,nan,nan,nan,nan,nan
1.900000,nan,nan,nan,nan,nan,nan,nan,nan,nan,nan,nan,nan,nan,0.001000,nan,1.570796,0.350000,0.350000,0.350000,1.000000,nan,nan,nan,nan,nan,nan
1.910000,nan,nan,nan,nan,nan,nan,nan,nan,nan,nan,nan,nan,nan,0.001000,nan,1.570796,0.350000,0.350000,0.350000,1.000000,nan,nan,nan,nan,nan,nan
1.920000,nan,nan,nan,nan,nan,nan,nan,nan,nan,nan,nan,nan,nan,0.001000,nan,1.570796,0.350000,0.350000,0.350000,1.000000,nan,nan,nan,nan,nan,nan
1.930000,nan,nan,nan,nan,nan,nan,nan,nan,nan,nan,nan,nan,nan,0.001000,nan,1.570796,0.350000,0.350000,0.350000,1.000000,nan,nan,nan,nan,nan,nan
1.940000,nan,nan,nan,nan,nan,nan,nan,nan,nan,nan,nan,nan,nan,0.001000,nan,1.570796,0.350000,0.350000,0.350000,1.000000,nan,nan,nan,nan,nan,nan
1.950000,nan,nan,nan,nan,nan,nan,nan,nan,nan,nan,nan,nan,nan,0.001000,nan,1.570796,0.350000,0.350000,0.350000,1.000000,nan,nan,nan,nan,nan,nan
1.960000,nan,nan,nan,nan,nan,nan,nan,nan,nan,nan,nan,nan,nan,0.001000,nan,1.570796,0.350000,0.350000,0.350000,1.000000,nan,nan,nan,nan,nan,nan
1.970000,nan,nan,nan,nan,nan,nan,nan,nan,nan,nan,nan,nan,nan,0.001000,nan,1.570796,0.350000,0.350000,0.350000,1.000000,nan,nan,nan,nan,nan,nan
1.980000,nan,nan,nan,nan,nan,nan,nan,nan,nan,nan,nan,nan,nan,0.001000,nan,1.570796,0.350000,0.350000,0.350000,1.000000,nan,nan,nan,nan,nan,nan
1.990000,nan,nan,nan,nan,nan,nan,nan,nan,nan,nan,nan,nan,nan,0.001000,nan,1.570796,0.350000,0.350000,0.350000,1.000000,nan,nan,nan,nan,nan,nan
2.000000,nan,nan,nan,nan,nan,nan,nan,nan,nan,nan,nan,nan,nan,0.001000,nan,1.570796,0.350000,0.350000,0.350000,1.000000,nan,nan,nan,nan,nan,nan
2.010000,nan,nan,nan,nan,nan,nan,nan,nan,nan,nan,nan,nan,nan,0.001000,nan,1.570796,0.350000,0.350000,0.350000,1.000000,nan,nan,nan,nan,nan,nan
2.020000,nan,nan,nan,nan,nan,nan,nan,nan,nan,nan,nan,nan,nan,0.001000,nan,1.570796,0.350000,0.350000,0.350000,1.000000,nan,nan,nan,nan,nan,nan
2.030000,nan,nan,nan,nan,nan,nan,nan,nan,nan,nan,nan,nan,nan,0.001000,nan,1.570796,0.350000,0.350000,0.350000,1.000000,nan,nan,nan,nan,nan,nan
2.040000,nan,nan,nan,nan,nan,nan,nan,nan,nan,nan,nan,nan,nan,0.001000,nan,1.570796,0.350000,0.350000,0.350000,1.000000,nan,nan,nan,nan,nan,nan
2.050000,nan,nan,nan,nan,nan,nan,nan,nan,nan,nan,nan,nan,nan,0.001000,nan,1.570796,0.350000,0.350000,0.350000,1.000000,nan,nan,nan,nan,nan,nan
2.060000,nan,nan,nan,nan,nan,nan,nan,nan,nan,nan,nan,nan,nan,0.001000,nan,1.570796,0.350000,0.350000,0.350000,1.000000,nan,nan,nan,nan,nan,nan
2.070000,nan,nan,nan,nan,nan,nan,nan,nan,nan,nan,nan,nan,nan,0.001000,nan,1.570796,0.350000,0.350000,0.350000,1.000000,nan,nan,nan,nan,nan,nan
2.080000,nan,nan,nan,nan,nan,nan,nan,nan,nan,nan,nan,nan,nan,0.001000,nan,1.570796,0.350000,0.350000,0.350000,1.000000,nan,nan,nan,nan,nan,nan
2.090000,nan,nan,nan,nan,nan,nan,nan,nan,nan,nan,nan,nan,nan,0.001000,nan,1.570796,0.350000,0.350000,0.350000,1.000000,nan,nan,nan,nan,nan,nan
2.100000,nan,nan,nan,nan,nan,nan,nan,nan,nan,nan,nan,nan,nan,0.001000,nan,1.570796,0.350000,0.350000,0.350000,1.000000,nan,nan,nan,nan,nan,nan
2.110000,nan,nan,nan,nan,nan,nan,nan,nan,nan,nan,nan,nan,nan,0.001000,nan,1.570796,0.350000,0.350000,0.350000,1.000000,nan,nan,nan,nan,nan,nan
2.120000,nan,nan,nan,nan,nan,nan,nan,nan,nan,nan,nan,nan,nan,0.001000,nan,1.570796,0.350000,0.350000,0.350000,1.000000,nan,nan,nan,nan,nan,nan
2.130000,nan,nan,nan,nan,nan,nan,nan,nan,nan,nan,nan,nan,nan,0.001000,nan,1.570796,0.350000,0.350000,0.350000,1.000000,nan,nan,nan,nan,nan,nan
2.140000,nan,nan,nan,nan,nan,nan,nan,nan,nan,nan,nan,nan,nan,0.001000,nan,1.570796,0.350000,0.350000,0.350000,1.000000,nan,nan,nan,nan,nan,nan
2.150000,nan,nan,nan,nan,nan,nan,nan,nan,nan,nan,nan,nan,nan,0.001000,nan,1.570796,0.350000,0.350000,0.350000,1.000000,nan,nan,nan,nan,nan,nan
2.160000,nan,nan,nan,nan,nan,nan,nan,nan,nan,nan,nan,nan,nan,0.001000,nan,1.570796,0.350000,0.350000,0.350000,1.000000,nan,nan,nan,nan,nan,nan
2.170000,nan,nan,nan,nan,nan,nan,nan,nan,nan,nan,nan,nan,nan,0.001000,nan,1.570796,0.350000,0.350000,0.350000,1.000000,nan,nan,nan,nan,nan,nan
2.180000,nan,nan,nan,nan,nan,nan,nan,nan,nan,nan,nan,nan,nan,0.001000,nan,1.570796,0.350000,0.350000,0.350000,1.000000,nan,nan,nan,nan,nan,nan
2.190000,nan,nan,nan,nan,nan,nan,nan,nan,nan,nan,nan,nan,nan,0.001000,nan,1.570796,0.350000,0.350000,0.350000,1.000000,nan,nan,nan,nan,nan,nan
2.200000,nan,nan,nan,nan,nan,nan,nan,nan,nan,nan,nan,nan,nan,0.001000,nan,1.570796,0.350000,0.350000,0.350000,1.000000,nan,nan,nan,nan,nan,nan
2.210000,nan,nan,nan,nan,nan,nan,nan,nan,nan,nan,nan,nan,nan,0.001000,nan,1.570796,0.350000,0.350000,0.350000,1.000000,nan,nan,nan,nan,nan,nan
2.220000,nan,nan,nan,nan,nan,nan,nan,nan,nan,nan,nan,nan,nan,0.001000,nan,1.570796,0.350000,0.350000,0.350000,1.000000,nan,nan,nan,nan,nan,nan
2.230000,nan,nan,nan,nan,nan,nan,nan,nan,nan,nan,nan,nan,nan,0.001000,nan,1.570796,0.350000,0.350000,0.350000,1.000000,nan,nan,nan,nan,nan,nan
2.240000,nan,nan,nan,nan,nan,nan,nan,nan,nan,nan,nan,nan,nan,0.001000,nan,1.570796,0.350000,0.350000,0.350000,1.000000,nan,nan,nan,nan,nan,nan
2.250000,nan,nan,nan,nan,nan,nan,nan,nan,nan,nan,nan,nan,nan,0.001000,nan,1.570796,0.350000,0.350000,0.350000,1.000000,nan,nan,nan,nan,nan,nan
2.260000,nan,nan,nan,nan,nan,nan,nan,nan,nan,nan,nan,nan,nan,0.001000,nan,1.570796,0.350000,0.350000,0.350000,1.000000,nan,nan,nan,nan,nan,nan
2.270000,nan,nan,nan,nan,nan,nan,nan,nan,nan,nan,nan,nan,nan,0.001000,nan,1.570796,0.350000,0.350000,0.350000,1.000000,nan,nan,nan,nan,nan,nan
2.280000,nan,nan,nan,nan,nan,nan,nan,nan,nan,nan,nan,nan,nan,0.001000,nan,1.570796,0.350000,0.350000,0.350000,1.000000,nan,nan,nan,nan,nan,nan
2.290000,nan,nan,nan,nan,nan,nan,nan,nan,nan,nan,nan,nan,nan,0.001000,nan,1.570796,0.350000,0.350000,0.350000,1.000000,nan,nan,nan,nan,nan,nan
2.300000,nan,nan,nan,nan,nan,nan,nan,nan,nan,nan,nan,nan,nan,0.001000,nan,1.570796,0.350000,0.350000,0.350000,1.000000,nan,nan,nan,nan,nan,nan
2.310000,nan,nan,nan,nan,nan,nan,nan,nan,nan,nan,nan,nan,nan,0.001000,nan,1.570796,0.350000,0.350000,0.350000,1.000000,nan,nan,nan,nan,nan,nan
2.320000,nan,nan,nan,nan,nan,nan,nan,nan,nan,nan,nan,nan,nan,0.001000,nan,1.570796,0.350000,0.350000,0.350000,1.000000,nan,nan,nan,nan,nan,nan
2.330000,nan,nan,nan,nan,nan,nan,nan,nan,nan,nan,nan,nan,nan,0.001000,nan,1.570796,0.350000,0.350000,0.350000,1.000000,nan,nan,nan,nan,nan,nan
2.340000,nan,nan,nan,nan,nan,nan,nan,nan,nan,nan,nan,nan,nan,0.001000,nan,1.570796,0.350000,0.350000,0.350000,1.000000,nan,nan,nan,nan,nan,nan
2.350000,nan,nan,nan,nan,nan,nan,nan,nan,nan,nan,nan,nan,nan,0.001000,nan,1.570796,0.350000,0.350000,0.350000,1.000000,nan,nan,nan,nan,nan,nan
2.360000,nan,nan,nan,nan,nan,nan,nan,nan,nan,nan,nan,nan,nan,0.001000,nan,1.570796,0.350000,0.350000,0.350000,1.000000,nan,nan,nan,nan,nan,nan
2.370000,nan,nan,nan,nan,nan,nan,nan,nan,nan,nan,nan,nan,nan,0.001000,nan,1.570796,0.350000,0.350000,0.350000,1.000000,nan,nan,nan,nan,nan,nan
2.380000,nan,nan,nan,nan,nan,nan,nan,nan,nan,nan,nan,nan,nan,0.001000,nan,1.570796,0.350000,0.350000,0.350000,1.000000,nan,nan,nan,nan,nan,nan
2.390000,nan,nan,nan,nan,nan,nan,nan,nan,nan,nan,nan,nan,nan,0.001000,nan,1.570796,0.350000,0.350000,0.350000,1.000000,nan,nan,nan,nan,nan,nan
2.400000,nan,nan,nan,nan,nan,nan,nan,nan,nan,nan,nan,nan,nan,0.001000,nan,1.570796,0.350000,0.350000,0.350000,1.000000,nan,nan,nan,nan,nan,nan
2.410000,nan,nan,nan,nan,nan,nan,nan,nan,nan,nan,nan,nan,nan,0.001000,nan,1.570796,0.350000,0.350000,0.350000,1.000000,nan,nan,nan,nan,nan,nan
2.420000,nan,nan,nan,nan,nan,nan,nan,nan,nan,nan,nan,nan,nan,0.001000,nan,1.570796,0.350000,0.350000,0.350000,1.000000,nan,nan,nan,nan,nan,nan
2.430000,nan,nan,nan,nan,nan,nan,nan,nan,nan,nan,nan,nan,nan,0.001000,nan,1.570796,0.350000,0.350000,0.350000,1.000000,nan,nan,nan,nan,nan,nan
2.440000,nan,nan,nan,nan,nan,nan,nan,nan,nan,nan,nan,nan,nan,0.001000,nan,1.570796,0.350000,0.350000,0.350000,1.000000,nan,nan,nan,nan,nan,nan
2.450000,nan,nan,nan,nan,nan,nan,nan,nan,nan,nan,nan,nan,nan,0.001000,nan,1.570796,0.350000,0.350000,0.350000,1.000000,nan,nan,nan,nan,nan,nan
2.460000,nan,nan,nan,nan,nan,nan,nan,nan,nan,nan,nan,nan,nan,0.001000,nan,1.570796,0.350000,0.350000,0.350000,1.000000,nan,nan,nan,nan,nan,nan
2.470000,nan,nan,nan,nan,nan,nan,nan,nan,nan,nan,nan,nan,nan,0.001000,nan,1.570796,0.350000,0.350000,0.350000,1.000000,nan,nan,nan,nan,nan,nan
2.480000,nan,nan,nan,nan,nan,nan,nan,nan,nan,nan,nan,nan,nan,0.001000,nan,1.570796,0.350000,0.350000,0.350000,1.000000,nan,nan,nan,nan,nan,nan
2.490000,nan,nan,nan,nan,nan,nan,nan,nan,nan,nan,nan,nan,nan,0.001000,nan,1.570796,0.350000,0.350000,0.350000,1.000000,nan,nan,nan,nan,nan,nan
2.500000,nan,nan,nan,nan,nan,nan,nan,nan,nan,nan,nan,nan,nan,0.001000,nan,1.570796,0.350000,0.350000,0.350000,1.000000,nan,nan,nan,nan,nan,nan
2.510000,nan,nan,nan,nan,nan,nan,nan,nan,nan,nan,nan,nan,nan,0.001000,nan,1.570796,0.350000,0.350000,0.350000,1.000000,nan,nan,nan,nan,nan,nan
2.520000,nan,nan,nan,nan,nan,nan,nan,nan,nan,nan,nan,nan,nan,0.001000,nan,1.570796,0.350000,0.350000,0.350000,1.000000,nan,nan,nan,nan,nan,nan
2.530000,nan,nan,nan,nan,nan,nan,nan,nan,nan,nan,nan,nan,nan,0.001000,nan,1.570796,0.350000,0.350000,0.350000,1.000000,nan,nan,nan,nan,nan,nan
2.540000,nan,nan,nan,nan,nan,nan,nan,nan,nan,nan,nan,nan,nan,0.001000,nan,1.570796,0.350000,0.350000,0.350000,1.000000,nan,nan,nan,nan,nan,nan
2.550000,nan,nan,nan,nan,nan,nan,nan,nan,nan,nan,nan,nan,nan,0.001000,nan,1.570796,0.350000,0.350000,0.350000,1.000000,nan,nan,nan,nan,nan,nan
2.560000,nan,nan,nan,nan,nan,nan,nan,nan,nan,nan,nan,nan,nan,0.001000,nan,1.570796,0.350000,0.350000,0.350000,1.000000,nan,nan,nan,nan,nan,nan
2.570000,nan,nan,nan,nan,nan,nan,nan,nan,nan,nan,nan,nan,nan,0.001000,nan,1.570796,0.350000,0.350000,0.350000,1.000000,nan,nan,nan,nan,nan,nan
2.580000,nan,nan,nan,nan,nan,nan,nan,nan,nan,nan,nan,nan,nan,0.001000,nan,1.570796,0.350000,0.350000,0.350000,1.000000,nan,nan,nan,nan,nan,nan
2.590000,nan,nan,nan,nan,nan,nan,nan,nan,nan,nan,nan,nan,nan,0.001000,nan,1.570796,0.350000,0.350000,0.350000,1.000000,nan,nan,nan,nan,nan,nan
2.600000,nan,nan,nan,nan,nan,nan,nan,nan,nan,nan,nan,nan,nan,0.001000,nan,1.570796,0.350000,0.350000,0.350000,1.000000,nan,nan,nan,nan,nan,nan
2.610000,nan,nan,nan,nan,nan,nan,nan,nan,nan,nan,nan,nan,nan,0.001000,nan,1.570796,0.350000,0.350000,0.350000,1.000000,nan,nan,nan,nan,nan,nan
2.620000,nan,nan,nan,nan,nan,nan,nan,nan,nan,nan,nan,nan,nan,0.001000,nan,1.570796,0.350000,0.350000,0.350000,1.000000,nan,nan,nan,nan,nan,nan
2.630000,nan,nan,nan,nan,nan,nan,nan,nan,nan,nan,nan,nan,nan,0.001000,nan,1.570796,0.350000,0.350000,0.350000,1.000000,nan,nan,nan,nan,nan,nan
2.640000,nan,nan,nan,nan,nan,nan,nan,nan,nan,nan,nan,nan,nan,0.001000,nan,1.570796,0.350000,0.350000,0.350000,1.000000,nan,nan,nan,nan,nan,nan
2.650000,nan,nan,nan,nan,nan,nan,nan,nan,nan,nan,nan,nan,nan,0.001000,nan,1.570796,0.350000,0.350000,0.350000,1.000000,nan,nan,nan,nan,nan,nan
2.660000,nan,nan,nan,nan,nan,nan,nan,nan,nan,nan,nan,nan,nan,0.001000,nan,1.570796,0.350000,0.350000,0.350000,1.000000,nan,nan,nan,nan,nan,nan
2.670000,nan,nan,nan,nan,nan,nan,nan,nan,nan,nan,nan,nan,nan,0.001000,nan,1.570796,0.350000,0.350000,0.350000,1.000000,nan,nan,nan,nan,nan,nan
2.680000,nan,nan,nan,nan,nan,nan,nan,nan,nan,nan,nan,nan,nan,0.001000,nan,1.570796,0.350000,0.350000,0.350000,1.000000,nan,nan,nan,nan,nan,nan
2.690000,nan,nan,nan,nan,nan,nan,nan,nan,nan,nan,nan,nan,nan,0.001000,nan,1.570796,0.350000,0.350000,0.350000,1.000000,nan,nan,nan,nan,nan,nan
2.700000,nan,nan,nan,nan,nan,nan,nan,nan,nan,nan,nan,nan,nan,0.001000,nan,1.570796,0.350000,0.350000,0.350000,1.000000,nan,nan,nan,nan,nan,nan
2.710000,nan,nan,nan,nan,nan,nan,nan,nan,nan,nan,nan,nan,nan,0.001000,nan,1.570796,0.350000,0.350000,0.350000,1.000000,nan,nan,nan,nan,nan,nan
2.720000,nan,nan,nan,nan,nan,nan,nan,nan,nan,nan,nan,nan,nan,0.001000,nan,1.570796,0.350000,0.350000,0.350000,1.000000,nan,nan,nan,nan,nan,nan
2.730000,nan,nan,nan,nan,nan,nan,nan,nan,nan,nan,nan,nan,nan,0.001000,nan,1.570796,0.350000,0.350000,0.350000,1.000000,nan,nan,nan,nan,nan,nan
2.740000,nan,nan,nan,nan,nan,nan,nan,nan,nan,nan,nan,nan,nan,0.001000,nan,1.570796,0.350000,0.350000,0.350000,1.000000,nan,nan,nan,nan,nan,nan
2.750000,nan,nan,nan,nan,nan,nan,nan,nan,nan,nan,nan,nan,nan,0.001000,nan,1.570796,0.350000,0.350000,0.350000,1.000000,nan,nan,nan,nan,nan,nan
2.760000,nan,nan,nan,nan,nan,nan,nan,nan,nan,nan,nan,nan,nan,0.001000,nan,1.570796,0.350000,0.350000,0.350000,1.000000,nan,nan,nan,nan,nan,nan
2.770000,nan,nan,nan,nan,nan,nan,nan,nan,nan,nan,nan,nan,nan,0.001000,nan,1.570796,0.350000,0.350000,0.350000,1.000000,nan,nan,nan,nan,nan,nan
2.780000,nan,nan,nan,nan,nan,nan,nan,nan,nan,nan,nan,nan,nan,0.001000,nan,1.570796,0.350000,0.350000,0.350000,1.000000,nan,nan,nan,nan,nan,nan
2.790000,nan,nan,nan,nan,nan,nan,nan,nan,nan,nan,nan,nan,nan,0.001000,nan,1.570796,0.350000,0.350000,0.350000,1.000000,nan,nan,nan,nan,nan,nan
2.800000,nan,nan,nan,nan,nan,nan,nan,nan,nan,nan,nan,nan,nan,0.001000,nan,1.570796,0.350000,0.350000,0.350000,1.000000,nan,nan,nan,nan,nan,nan
2.810000,nan,nan,nan,nan,nan,nan,nan,nan,nan,nan,nan,nan,nan,0.001000,nan,1.570796,0.350000,0.350000,0.350000,1.000000,nan,nan,nan,nan,nan,nan
2.820000,nan,nan,nan,nan,nan,nan,nan,nan,nan,nan,nan,nan,nan,0.001000,nan,1.570796,0.350000,0.350000,0.350000,1.000000,nan,nan,nan,nan,nan,nan
2.830000,nan,nan,nan,nan,nan,nan,nan,nan,nan,nan,nan,nan,nan,0.001000,nan,1.570796,0.350000,0.350000,0.350000,1.000000,nan,nan,nan,nan,nan,nan
2.840000,nan,nan,nan,nan,nan,nan,nan,nan,nan,nan,nan,nan,nan,0.001000,nan,1.570796,0.350000,0.350000,0.350000,1.000000,nan,nan,nan,nan,nan,nan
2.850000,nan,nan,nan,nan,nan,nan,nan,nan,nan,nan,nan,nan,nan,0.001000,nan,1.570796,0.350000,0.350000,0.350000,1.000000,nan,nan,nan,nan,nan,nan
2.860000,nan,nan,nan,nan,nan,nan,nan,nan,nan,nan,nan,nan,nan,0.001000,nan,1.570796,0.350000,0.350000,0.350000,1.000000,nan,nan,nan,nan,nan,nan
2.870000,nan,nan,nan,nan,nan,nan,nan,nan,nan,nan,nan,nan,nan,0.001000,nan,1.570796,0.350000,0.350000,0.350000,1.000000,nan,nan,nan,nan,nan,nan
2.880000,nan,nan,nan,nan,nan,nan,nan,nan,nan,nan,nan,nan,nan,0.001000,nan,1.570796,0.350000,0.350000,0.350000,1.000000,nan,nan,nan,nan,nan,nan
2.890000,nan,nan,nan,nan,nan,nan,nan,nan,nan,nan,nan,nan,nan,0.001000,nan,1.570796,0.350000,0.350000,0.350000,1.000000,nan,nan,nan,nan,nan,nan
2.900000,nan,nan,nan,nan,nan,nan,nan,nan,nan,nan,nan,nan,nan,0.001000,nan,1.570796,0.350000,0.350000,0.350000,1.000000,nan,nan,nan,nan,nan,nan
2.910000,nan,nan,nan,nan,nan,nan,nan,nan,nan,nan,nan,nan,nan,0.001000,nan,1.570796,0.350000,0.350000,0.350000,1.000000,nan,nan,nan,nan,nan,nan
2.920000,nan,nan,nan,nan,nan,nan,nan,nan,nan,nan,nan,nan,nan,0.001000,nan,1.570796,0.350000,0.350000,0.350000,1.000000,nan,nan,nan,nan,nan,nan
2.930000,nan,nan,nan,nan,nan,nan,nan,nan,nan,nan,nan,nan,nan,0.001000,nan,1.570796,0.350000,0.350000,0.350000,1.000000,nan,nan,nan,nan,nan,nan
2.940000,nan,nan,nan,nan,nan,nan,nan,nan,nan,nan,nan,nan,nan,0.001000,nan,1.570796,0.350000,0.350000,0.350000,1.000000,nan,nan,nan,nan,nan,nan
2.950000,nan,nan,nan,nan,nan,nan,nan,nan,nan,nan,nan,nan,nan,0.001000,nan,1.570796,0.350000,0.350000,0.350000,1.000000,nan,nan,nan,nan,nan,nan
2.960000,nan,nan,nan,nan,nan,nan,nan,nan,nan,nan,nan,nan,nan,0.001000,nan,1.570796,0.350000,0.350000,0.350000,1.000000,nan,nan,nan,nan,nan,nan
2.970000,nan,nan,nan,nan,nan,nan,nan,nan,nan,nan,nan,nan,nan,0.001000,nan,1.570796,0.350000,0.350000,0.350000,1.000000,nan,nan,nan,nan,nan,nan
2.980000,nan,nan,nan,nan,nan,nan,nan,nan,nan,nan,nan,nan,nan,0.001000,nan,1.570796,0.350000,0.350000,0.350000,1.000000,nan,nan,nan,nan,nan,nan
2.990000,nan,nan,nan,nan,nan,nan,nan,nan,nan,nan,nan,nan,nan,0.001000,nan,1.570796,0.350000,0.350000,0.350000,1.000000,nan,nan,nan,nan,nan,nan
3.000000,nan,nan,nan,nan,nan,nan,nan,nan,nan,nan,nan,nan,nan,0.001000,nan,1.570796,0.350000,0.350000,0.350000,1.000000,nan,nan,nan,nan,nan,nan
3.010000,nan,nan,nan,nan,nan,nan,nan,nan,nan,nan,nan,nan,nan,0.001000,nan,1.570796,0.350000,0.350000,0.350000,1.000000,nan,nan,nan,nan,nan,nan
3.020000,nan,nan,nan,nan,nan,nan,nan,nan,nan,nan,nan,nan,nan,0.001000,nan,1.570796,0.350000,0.350000,0.350000,1.000000,nan,nan,nan,nan,nan,nan
3.030000,nan,nan,nan,nan,nan,nan,nan,nan,nan,nan,nan,nan,nan,0.001000,nan,1.570796,0.350000,0.350000,0.350000,1.000000,nan,nan,nan,nan,nan,nan
3.040000,nan,nan,nan,nan,nan,nan,nan,nan,nan,nan,nan,nan,nan,0.001000,nan,1.570796,0.350000,0.350000,0.350000,1.000000,nan,nan,nan,nan,nan,nan
3.050000,nan,nan,nan,nan,nan,nan,nan,nan,nan,nan,nan,nan,nan,0.001000,nan,1.570796,0.350000,0.350000,0.350000,1.000000,nan,nan,nan,nan,nan,nan
3.060000,nan,nan,nan,nan,nan,nan,nan,nan,nan,nan,nan,nan,nan,0.001000,nan,1.570796,0.350000,0.350000,0.350000,1.000000,nan,nan,nan,nan,nan,nan
3.070000,nan,nan,nan,nan,nan,nan,nan,nan,nan,nan,nan,nan,nan,0.001000,nan,1.570796,0.350000,0.350000,0.350000,1.000000,nan,nan,nan,nan,nan,nan
3.080000,nan,nan,nan,nan,nan,nan,nan,nan,nan,nan,nan,nan,nan,0.001000,nan,1.570796,0.350000,0.350000,0.350000,1.000000,nan,nan,nan,nan,nan,nan
3.090000,nan,nan,nan,nan,nan,nan,nan,nan,nan,nan,nan,nan,nan,0.001000,nan,1.570796,0.350000,0.350000,0.350000,1.000000,nan,nan,nan,nan,nan,nan
3.100000,nan,nan,nan,nan,nan,nan,nan,nan,nan,nan,nan,nan,nan,0.001000,nan,1.570796,0.350000,0.350000,0.350000,1.000000,nan,nan,nan,nan,nan,nan
3.110000,nan,nan,nan,nan,nan,nan,nan,nan,nan,nan,nan,nan,nan,0.001000,nan,1.570796,0.350000,0.350000,0.350000,1.000000,nan,nan,nan,nan,nan,nan
3.120000,nan,nan,nan,nan,nan,nan,nan,nan,nan,nan,nan,nan,nan,0.001000,nan,1.570796,0.350000,0.350000,0.350000,1.000000,nan,nan,nan,nan,nan,nan
3.130000,nan,nan,nan,nan,nan,nan,nan,nan,nan,nan,nan,nan,nan,0.001000,nan,1.570796,0.350000,0.350000,0.350000,1.000000,nan,nan,nan,nan,nan,nan
3.140000,nan,nan,nan,nan,nan,nan,nan,nan,nan,nan,nan,nan,nan,0.001000,nan,1.570796,0.350000,0.350000,0.350000,1.000000,nan,nan,nan,nan,nan,nan
3.150000,nan,nan,nan,nan,nan,nan,nan,nan,nan,nan,nan,nan,nan,0.001000,nan,1.570796,0.350000,0.350000,0.350000,1.000000,nan,nan,nan,nan,nan,nan
3.160000,nan,nan,nan,nan,nan,nan,nan,nan,nan,nan,nan,nan,nan,0.001000,nan,1.570796,0.350000,0.350000,0.350000,1.000000,nan,nan,nan,nan,nan,nan
3.170000,nan,nan,nan,nan,nan,nan,nan,nan,nan,nan,nan,nan,nan,0.001000,nan,1.570796,0.350000,0.350000,0.350000,1.000000,nan,nan,nan,nan,nan,nan
3.180000,nan,nan,nan,nan,nan,nan,nan,nan,nan,nan,nan,nan,nan,0.001000,nan,1.570796,0.350000,0.350000,0.350000,1.000000,nan,nan,nan,nan,nan,nan
3.190000,nan,nan,nan,nan,nan,nan,nan,nan,nan,nan,nan,nan,nan,0.001000,nan,1.570796,0.350000,0.350000,0.350000,1.000000,nan,nan,nan,nan,nan,nan
3.200000,nan,nan,nan,nan,nan,nan,nan,nan,nan,nan,nan,nan,nan,0.001000,nan,1.570796,0.350000,0.350000,0.350000,1.000000,nan,nan,nan,nan,nan,nan
3.210000,nan,nan,nan,nan,nan,nan,nan,nan,nan,nan,nan,nan,nan,0.001000,nan,1.570796,0.350000,0.350000,0.350000,1.000000,nan,nan,nan,nan,nan,nan
3.220000,nan,nan,nan,nan,nan,nan,nan,nan,nan,nan,nan,nan,nan,0.001000,nan,1.570796,0.350000,0.350000,0.350000,1.000000,nan,nan,nan,nan,nan,nan
3.230000,nan,nan,nan,nan,nan,nan,nan,nan,nan,nan,nan,nan,nan,0.001000,nan,1.570796,0.350000,0.350000,0.350000,1.000000,nan,nan,nan,nan,nan,nan
3.240000,nan,nan,nan,nan,nan,nan,nan,nan,nan,nan,nan,nan,nan,0.001000,nan,1.570796,0.350000,0.350000,0.350000,1.000000,nan,nan,nan,nan,nan,nan
3.250000,nan,nan,nan,nan,nan,nan,nan,nan,nan,nan,nan,nan,nan,0.001000,nan,1.570796,0.350000,0.350000,0.350000,1.000000,nan,nan,nan,nan,nan,nan
3.260000,nan,nan,nan,nan,nan,nan,nan,nan,nan,nan,nan,nan,nan,0.001000,nan,1.570796,0.350000,0.350000,0.350000,1.000000,nan,nan,nan,nan,nan,nan
3.270000,nan,nan,nan,nan,nan,nan,nan,nan,nan,nan,nan,nan,nan,0.001000,nan,1.570796,0.350000,0.350000,0.350000,1.000000,nan,nan,nan,nan,nan,nan
3.280000,nan,nan,nan,nan,nan,nan,nan,nan,nan,nan,nan,nan,nan,0.001000,nan,1.570796,0.350000,0.350000,0.350000,1.000000,nan,nan,nan,nan,nan,nan
3.290000,nan,nan,nan,nan,nan,nan,nan,nan,nan,nan,nan,nan,nan,0.001000,nan,1.570796,0.350000,0.350000,0.350000,1.000000,nan,nan,nan,nan,nan,nan
3.300000,nan,nan,nan,nan,nan,nan,nan,nan,nan,nan,nan,nan,nan,0.001000,nan,1.570796,0.350000,0.350000,0.350000,1.000000,nan,nan,nan,nan,nan,nan
3.310000,nan,nan,nan,nan,nan,nan,nan,nan,nan,nan,nan,nan,nan,0.001000,nan,1.570796,0.350000,0.350000,0.350000,1.000000,nan,nan,nan,nan,nan,nan
3.320000,nan,nan,nan,nan,nan,nan,nan,nan,nan,nan,nan,nan,nan,0.001000,nan,1.570796,0.350000,0.350000,0.350000,1.000000,nan,nan,nan,nan,nan,nan
3.330000,nan,nan,nan,nan,nan,nan,nan,nan,nan,nan,nan,nan,nan,0.001000,nan,1.570796,0.350000,0.350000,0.350000,1.000000,nan,nan,nan,nan,nan,nan
3.340000,nan,nan,nan,nan,nan,nan,nan,nan,nan,nan,nan,nan,nan,0.001000,nan,1.570796,0.350000,0.350000,0.350000,1.000000,nan,nan,nan,nan,nan,nan
3.350000,nan,nan,nan,nan,nan,nan,nan,nan,nan,nan,nan,nan,nan,0.001000,nan,1.570796,0.350000,0.350000,0.350000,1.000000,nan,nan,nan,nan,nan,nan
3.360000,nan,nan,nan,nan,nan,nan,nan,nan,nan,nan,nan,nan,nan,0.001000,nan,1.570796,0.350000,0.350000,0.350000,1.000000,nan,nan,nan,nan,nan,nan
3.370000,nan,nan,nan,nan,nan,nan,nan,nan,nan,nan,nan,nan,nan,0.001000,nan,1.570796,0.350000,0.350000,0.350000,1.000000,nan,nan,nan,nan,nan,nan
3.380000,nan,nan,nan,nan,nan,nan,nan,nan,nan,nan,nan,nan,nan,0.001000,nan,1.570796,0.350000,0.350000,0.350000,1.000000,nan,nan,nan,nan,nan,nan
3.390000,nan,nan,nan,nan,nan,nan,nan,nan,nan,nan,nan,nan,nan,0.001000,nan,1.570796,0.350000,0.350000,0.350000,1.000000,nan,nan,nan,nan,nan,nan
3.400000,nan,nan,nan,nan,nan,nan,nan,nan,nan,nan,nan,nan,nan,0.001000,nan,1.570796,0.350000,0.350000,0.350000,1.000000,nan,nan,nan,nan,nan,nan
3.410000,nan,nan,nan,nan,nan,nan,nan,nan,nan,nan,nan,nan,nan,0.001000,nan,1.570796,0.350000,0.350000,0.350000,1.000000,nan,nan,nan,nan,nan,nan
3.420000,nan,nan,nan,nan,nan,nan,nan,nan,nan,nan,nan,nan,nan,0.001000,nan,1.570796,0.350000,0.350000,0.350000,1.000000,nan,nan,nan,nan,nan,nan
3.430000,nan,nan,nan,nan,nan,nan,nan,nan,nan,nan,nan,nan,nan,0.001000,nan,1.570796,0.350000,0.350000,0.350000,1.000000,nan,nan,nan,nan,nan,nan
3.440000,nan,nan,nan,nan,nan,nan,nan,nan,nan,nan,nan,nan,nan,0.001000,nan,1.570796,0.350000,0.350000,0.350000,1.000000,nan,nan,nan,nan,nan,nan
3.450000,nan,nan,nan,nan,nan,nan,nan,nan,nan,nan,nan,nan,nan,0.001000,nan,1.570796,0.350000,0.350000,0.350000,1.000000,nan,nan,nan,nan,nan,nan
3.460000,nan,nan,nan,nan,nan,nan,nan,nan,nan,nan,nan,nan,nan,0.001000,nan,1.570796,0.350000,0.350000,0.350000,1.000000,nan,nan,nan,nan,nan,nan
3.470000,nan,nan,nan,nan,nan,nan,nan,nan,nan,nan,nan,nan,nan,0.001000,nan,1.570796,0.350000,0.350000,0.350000,1.000000,nan,nan,nan,nan,nan,nan
3.480000,nan,nan,nan,nan,nan,nan,nan,nan,nan,nan,nan,nan,nan,0.001000,nan,1.570796,0.350000,0.350000,0.350000,1.000000,nan,nan,nan,nan,nan,nan
3.490000,nan,nan,nan,nan,nan,nan,nan,nan,nan,nan,nan,nan,nan,0.001000,nan,1.570796,0.350000,0.350000,0.350000,1.000000,nan,nan,nan,nan,nan,nan
3.500000,nan,nan,nan,nan,nan,nan,nan,nan,nan,nan,nan,nan,nan,0.001000,nan,1.570796,0.350000,0.350000,0.350000,1.000000,nan,nan,nan,nan,nan,nan
3.510000,nan,nan,nan,nan,nan,nan,nan,nan,nan,nan,nan,nan,nan,0.001000,nan,1.570796,0.350000,0.350000,0.350000,1.000000,nan,nan,nan,nan,nan,nan
3.520000,nan,nan,nan,nan,nan,nan,nan,nan,nan,nan,nan,nan,nan,0.001000,nan,1.570796,0.350000,0.350000,0.350000,1.000000,nan,nan,nan,nan,nan,nan
3.530000,nan,nan,nan,nan,nan,nan,nan,nan,nan,nan,nan,nan,nan,0.001000,nan,1.570796,0.350000,0.350000,0.350000,1.000000,nan,nan,nan,nan,nan,nan
3.540000,nan,nan,nan,nan,nan,nan,nan,nan,nan,nan,nan,nan,nan,0.001000,nan,1.570796,0.350000,0.350000,0.350000,1.000000,nan,nan,nan,nan,nan,nan
3.550000,nan,nan,nan,nan,nan,nan,nan,nan,nan,nan,nan,nan,nan,0.001000,nan,1.570796,0.350000,0.350000,0.350000,1.000000,nan,nan,nan,nan,nan,nan
3.560000,nan,nan,nan,nan,nan,nan,nan,nan,nan,nan,nan,nan,nan,0.001000,nan,1.570796,0.350000,0.350000,0.350000,1.000000,nan,nan,nan,nan,nan,nan
3.570000,nan,nan,nan,nan,nan,nan,nan,nan,nan,nan,nan,nan,nan,0.001000,nan,1.570796,0.350000,0.350000,0.350000,1.000000,nan,nan,nan,nan,nan,nan
3.580000,nan,nan,nan,nan,nan,nan,nan,nan,nan,nan,nan,nan,nan,0.001000,nan,1.570796,0.350000,0.350000,0.350000,1.000000,nan,nan,nan,nan,nan,nan
3.590000,nan,nan,nan,nan,nan,nan,nan,nan,nan,nan,nan,nan,nan,0.001000,nan,1.570796,0.350000,0.350000,0.350000,1.000000,nan,nan,nan,nan,nan,nan
3.600000,nan,nan,nan,nan,nan,nan,nan,nan,nan,nan,nan,nan,nan,0.001000,nan,1.570796,0.350000,0.350000,0.350000,1.000000,nan,nan,nan,nan,nan,nan
3.610000,nan,nan,nan,nan,nan,nan,nan,nan,nan,nan,nan,nan,nan,0.001000,nan,1.570796,0.350000,0.350000,0.350000,1.000000,nan,nan,nan,nan,nan,nan
3.620000,nan,nan,nan,nan,nan,nan,nan,nan,nan,nan,nan,nan,nan,0.001000,nan,1.570796,0.350000,0.350000,0.350000,1.000000,nan,nan,nan,nan,nan,nan
3.630000,nan,nan,nan,nan,nan,nan,nan,nan,nan,nan,nan,nan,nan,0.001000,nan,1.570796,0.350000,0.350000,0.350000,1.000000,nan,nan,nan,nan,nan,nan
3.640000,nan,nan,nan,nan,nan,nan,nan,nan,nan,nan,nan,nan,nan,0.001000,nan,1.570796,0.350000,0.350000,0.350000,1.000000,nan,nan,nan,nan,nan,nan
3.650000,nan,nan,nan,nan,nan,nan,nan,nan,nan,nan,nan,nan,nan,0.001000,nan,1.570796,0.350000,0.350000,0.350000,1.000000,nan,nan,nan,nan,nan,nan
3.660000,nan,nan,nan,nan,nan,nan,nan,nan,nan,nan,nan,nan,nan,0.001000,nan,1.570796,0.350000,0.350000,0.350000,1.000000,nan,nan,nan,nan,nan,nan
3.670000,nan,nan,nan,nan,nan,nan,nan,nan,nan,nan,nan,nan,nan,0.001000,nan,1.570796,0.350000,0.350000,0.350000,1.000000,nan,nan,nan,nan,nan,nan
3.680000,nan,nan,nan,nan,nan,nan,nan,nan,nan,nan,nan,nan,nan,0.001000,nan,1.570796,0.350000,0.350000,0.350000,1.000000,nan,nan,nan,nan,nan,nan
3.690000,nan,nan,nan,nan,nan,nan,nan,nan,nan,nan,nan,nan,nan,0.001000,nan,1.570796,0.350000,0.350000,0.350000,1.000000,nan,nan,nan,nan,nan,nan
3.700000,nan,nan,nan,nan,nan,nan,nan,nan,nan,nan,nan,nan,nan,0.001000,nan,1.570796,0.350000,0.350000,0.350000,1.000000,nan,nan,nan,nan,nan,nan
3.710000,nan,nan,nan,nan,nan,nan,nan,nan,nan,nan,nan,nan,nan,0.001000,nan,1.570796,0.350000,0.350000,0.350000,1.000000,nan,nan,nan,nan,nan,nan
3.720000,nan,nan,nan,nan,nan,nan,nan,nan,nan,nan,nan,nan,nan,0.001000,nan,1.570796,0.350000,0.350000,0.350000,1.000000,nan,nan,nan,nan,nan,nan
3.730000,nan,nan,nan,nan,nan,nan,nan,nan,nan,nan,nan,nan,nan,0.001000,nan,1.570796,0.350000,0.350000,0.350000,1.000000,nan,nan,nan,nan,nan,nan
3.740000,nan,nan,nan,nan,nan,nan,nan,nan,nan,nan,nan,nan,nan,0.001000,nan,1.570796,0.350000,0.350000,0.350000,1.000000,nan,nan,nan,nan,nan,nan
3.750000,nan,nan,nan,nan,nan,nan,nan,nan,nan,nan,nan,nan,nan,0.001000,nan,1.570796,0.350000,0.350000,0.350000,1.000000,nan,nan,nan,nan,nan,nan
3.760000,nan,nan,nan,nan,nan,nan,nan,nan,nan,nan,nan,nan,nan,0.001000,nan,1.570796,0.350000,0.350000,0.350000,1.000000,nan,nan,nan,nan,nan,nan
3.770000,nan,nan,nan,nan,nan,nan,nan,nan,nan,nan,nan,nan,nan,0.001000,nan,1.570796,0.350000,0.350000,0.350000,1.000000,nan,nan,nan,nan,nan,nan
3.780000,nan,nan,nan,nan,nan,nan,nan,nan,nan,nan,nan,nan,nan,0.001000,nan,1.570796,0.350000,0.350000,0.350000,1.000000,nan,nan,nan,nan,nan,nan
3.790000,nan,nan,nan,nan,nan,nan,nan,nan,nan,nan,nan,nan,nan,0.001000,nan,1.570796,0.350000,0.350000,0.350000,1.000000,nan,nan,nan,nan,nan,nan
3.800000,nan,nan,nan,nan,nan,nan,nan,nan,nan,nan,nan,nan,nan,0.001000,nan,1.570796,0.350000,0.350000,0.350000,1.000000,nan,nan,nan,nan,nan,nan
3.810000,nan,nan,nan,nan,nan,nan,nan,nan,nan,nan,nan,nan,nan,0.001000,nan,1.570796,0.350000,0.350000,0.350000,1.000000,nan,nan,nan,nan,nan,nan
3.820000,nan,nan,nan,nan,nan,nan,nan,nan,nan,nan,nan,nan,nan,0.001000,nan,1.570796,0.350000,0.350000,0.350000,1.000000,nan,nan,nan,nan,nan,nan
3.830000,nan,nan,nan,nan,nan,nan,nan,nan,nan,nan,nan,nan,nan,0.001000,nan,1.570796,0.350000,0.350000,0.350000,1.000000,nan,nan,nan,nan,nan,nan
3.840000,nan,nan,nan,nan,nan,nan,nan,nan,nan,nan,nan,nan,nan,0.001000,nan,1.570796,0.350000,0.350000,0.350000,1.000000,nan,nan,nan,nan,nan,nan
3.850000,nan,nan,nan,nan,nan,nan,nan,nan,nan,nan,nan,nan,nan,0.001000,nan,1.570796,0.350000,0.350000,0.350000,1.000000,nan,nan,nan,nan,nan,nan
3.860000,nan,nan,nan,nan,nan,nan,nan,nan,nan,nan,nan,nan,nan,0.001000,nan,1.570796,0.350000,0.350000,0.350000,1.000000,nan,nan,nan,nan,nan,nan
3.870000,nan,nan,nan,nan,nan,nan,nan,nan,nan,nan,nan,nan,nan,0.001000,nan,1.570796,0.350000,0.350000,0.350000,1.000000,nan,nan,nan,nan,nan,nan
3.880000,nan,nan,nan,nan,nan,nan,nan,nan,nan,nan,nan,nan,nan,0.001000,nan,1.570796,0.350000,0.350000,0.350000,1.000000,nan,nan,nan,nan,nan,nan
3.890000,nan,nan,nan,nan,nan,nan,nan,nan,nan,nan,nan,nan,nan,0.001000,nan,1.570796,0.350000,0.350000,0.350000,1.000000,nan,nan,nan,nan,nan,nan
3.900000,nan,nan,nan,nan,nan,nan,nan,nan,nan,nan,nan,nan,nan,0.001000,nan,1.570796,0.350000,0.350000,0.350000,1.000000,nan,nan,nan,nan,nan,nan
3.910000,nan,nan,nan,nan,nan,nan,nan,nan,nan,nan,nan,nan,nan,0.001000,nan,1.570796,0.350000,0.350000,0.350000,1.000000,nan,nan,nan,nan,nan,nan
3.920000,nan,nan,nan,nan,nan,nan,nan,nan,nan,nan,nan,nan,nan,0.001000,nan,1.570796,0.350000,0.350000,0.350000,1.000000,nan,nan,nan,nan,nan,nan
3.930000,nan,nan,nan,nan,nan,nan,nan,nan,nan,nan,nan,nan,nan,0.001000,nan,1.570796,0.350000,0.350000,0.350000,1.000000,nan,nan,nan,nan,nan,nan
3.940000,nan,nan,nan,nan,nan,nan,nan,nan,nan,nan,nan,nan,nan,0.001000,nan,1.570796,0.350000,0.350000,0.350000,1.000000,nan,nan,nan,nan,nan,nan
3.950000,nan,nan,nan,nan,nan,nan,nan,nan,nan,nan,nan,nan,nan,0.001000,nan,1.570796,0.350000,0.350000,0.350000,1.000000,nan,nan,nan,nan,nan,nan
3.960000,nan,nan,nan,nan,nan,nan,nan,nan,nan,nan,nan,nan,nan,0.001000,nan,1.570796,0.350000,0.350000,0.350000,1.000000,nan,nan,nan,nan,nan,nan
3.970000,nan,nan,nan,nan,nan,nan,nan,nan,nan,nan,nan,nan,nan,0.001000,nan,1.570796,0.350000,0.350000,0.350000,1.000000,nan,nan,nan,nan,nan,nan
3.980000,nan,nan,nan,nan,nan,nan,nan,nan,nan,nan,nan,nan,nan,0.001000,nan,1.570796,0.350000,0.350000,0.350000,1.000000,nan,nan,nan,nan,nan,nan
3.990000,nan,nan,nan,nan,nan,nan,nan,nan,nan,nan,nan,nan,nan,0.001000,nan,1.570796,0.350000,0.350000,0.350000,1.000000,nan,nan,nan,nan,nan,nan
4.000000,nan,nan,nan,nan,nan,nan,nan,nan,nan,nan,nan,nan,nan,0.001000,nan,1.570796,0.350000,0.350000,0.350000,1.000000,nan,nan,nan,nan,nan,nan
4.010000,nan,nan,nan,nan,nan,nan,nan,nan,nan,nan,nan,nan,nan,0.001000,nan,1.570796,0.350000,0.350000,0.350000,1.000000,nan,nan,nan,nan,nan,nan
4.020000,nan,nan,nan,nan,nan,nan,nan,nan,nan,nan,nan,nan,nan,0.001000,nan,1.570796,0.350000,0.350000,0.350000,1.000000,nan,nan,nan,nan,nan,nan
4.030000,nan,nan,nan,nan,nan,nan,nan,nan,nan,nan,nan,nan,nan,0.001000,nan,1.570796,0.350000,0.350000,0.350000,1.000000,nan,nan,nan,nan,nan,nan
4.040000,nan,nan,nan,nan,nan,nan,nan,nan,nan,nan,nan,nan,nan,0.001000,nan,1.570796,0.350000,0.350000,0.350000,1.000000,nan,nan,nan,nan,nan,nan
4.050000,nan,nan,nan,nan,nan,nan,nan,nan,nan,nan,nan,nan,nan,0.001000,nan,1.570796,0.350000,0.350000,0.350000,1.000000,nan,nan,nan,nan,nan,nan
4.060000,nan,nan,nan,nan,nan,nan,nan,nan,nan,nan,nan,nan,nan,0.001000,nan,1.570796,0.350000,0.350000,0.350000,1.000000,nan,nan,nan,nan,nan,nan
4.070000,nan,nan,nan,nan,nan,nan,nan,nan,nan,nan,nan,nan,nan,0.001000,nan,1.570796,0.350000,0.350000,0.350000,1.000000,nan,nan,nan,nan,nan,nan
4.080000,nan,nan,nan,nan,nan,nan,nan,nan,nan,nan,nan,nan,nan,0.001000,nan,1.570796,0.350000,0.350000,0.350000,1.000000,nan,nan,nan,nan,nan,nan
4.090000,nan,nan,nan,nan,nan,nan,nan,nan,nan,nan,nan,nan,nan,0.001000,nan,1.570796,0.350000,0.350000,0.350000,1.000000,nan,nan,nan,nan,nan,nan
4.100000,nan,nan,nan,nan,nan,nan,nan,nan,nan,nan,nan,nan,nan,0.001000,nan,1.570796,0.350000,0.350000,0.350000,1.000000,nan,nan,nan,nan,nan,nan
4.110000,nan,nan,nan,nan,nan,nan,nan,nan,nan,nan,nan,nan,nan,0.001000,nan,1.570796,0.350000,0.350000,0.350000,1.000000,nan,nan,nan,nan,nan,nan
4.120000,nan,nan,nan,nan,nan,nan,nan,nan,nan,nan,nan,nan,nan,0.001000,nan,1.570796,0.350000,0.350000,0.350000,1.000000,nan,nan,nan,nan,nan,nan
4.130000,nan,nan,nan,nan,nan,nan,nan,nan,nan,nan,nan,nan,nan,0.001000,nan,1.570796,0.350000,0.350000,0.350000,1.000000,nan,nan,nan,nan,nan,nan
4.140000,nan,nan,nan,nan,nan,nan,nan,nan,nan,nan,nan,nan,nan,0.001000,nan,1.570796,0.350000,0.350000,0.350000,1.000000,nan,nan,nan,nan,nan,nan
4.150000,nan,nan,nan,nan,nan,nan,nan,nan,nan,nan,nan,nan,nan,0.001000,nan,1.570796,0.350000,0.350000,0.350000,1.000000,nan,nan,nan,nan,nan,nan
4.160000,nan,nan,nan,nan,nan,nan,nan,nan,nan,nan,nan,nan,nan,0.001000,nan,1.570796,0.350000,0.350000,0.350000,1.000000,nan,nan,nan,nan,nan,nan
4.170000,nan,nan,nan,nan,nan,nan,nan,nan,nan,nan,nan,nan,nan,0.001000,nan,1.570796,0.350000,0.350000,0.350000,1.000000,nan,nan,nan,nan,nan,nan
4.180000,nan,nan,nan,nan,nan,nan,nan,nan,nan,nan,nan,nan,nan,0.001000,nan,1.570796,0.350000,0.350000,0.350000,1.000000,nan,nan,nan,nan,nan,nan
4.190000,nan,nan,nan,nan,nan,nan,nan,nan,nan,nan,nan,nan,nan,0.001000,nan,1.570796,0.350000,0.350000,0.350000,1.000000,nan,nan,nan,nan,nan,nan
4.200000,nan,nan,nan,nan,nan,nan,nan,nan,nan,nan,nan,nan,nan,0.001000,nan,1.570796,0.350000,0.350000,0.350000,1.000000,nan,nan,nan,nan,nan,nan
4.210000,nan,nan,nan,nan,nan,nan,nan,nan,nan,nan,nan,nan,nan,0.001000,nan,1.570796,0.350000,0.350000,0.350000,1.000000,nan,nan,nan,nan,nan,nan
4.220000,nan,nan,nan,nan,nan,nan,nan,nan,nan,nan,nan,nan,nan,0.001000,nan,1.570796,0.350000,0.350000,0.350000,1.000000,nan,nan,nan,nan,nan,nan
4.230000,nan,nan,nan,nan,nan,nan,nan,nan,nan,nan,nan,nan,nan,0.001000,nan,1.570796,0.350000,0.350000,0.350000,1.000000,nan,nan,nan,nan,nan,nan
4.240000,nan,nan,nan,nan,nan,nan,nan,nan,nan,nan,nan,nan,nan,0.001000,nan,1.570796,0.350000,0.350000,0.350000,1.000000,nan,nan,nan,nan,nan,nan
4.250000,nan,nan,nan,nan,nan,nan,nan,nan,nan,nan,nan,nan,nan,0.001000,nan,1.570796,0.350000,0.350000,0.350000,1.000000,nan,nan,nan,nan,nan,nan
4.260000,nan,nan,nan,nan,nan,nan,nan,nan,nan,nan,nan,nan,nan,0.001000,nan,1.570796,0.350000,0.350000,0.350000,1.000000,nan,nan,nan,nan,nan,nan
4.270000,nan,nan,nan,nan,nan,nan,nan,nan,nan,nan,nan,nan,nan,0.001000,nan,1.570796,0.350000,0.350000,0.350000,1.000000,nan,nan,nan,nan,nan,nan
4.280000,nan,nan,nan,nan,nan,nan,nan,nan,nan,nan,nan,nan,nan,0.001000,nan,1.570796,0.350000,0.350000,0.350000,1.000000,nan,nan,nan,nan,nan,nan
4.290000,nan,nan,nan,nan,nan,nan,nan,nan,nan,nan,nan,nan,nan,0.001000,nan,1.570796,0.350000,0.350000,0.350000,1.000000,nan,nan,nan,nan,nan,nan
4.300000,nan,nan,nan,nan,nan,nan,nan,nan,nan,nan,nan,nan,nan,0.001000,nan,1.570796,0.350000,0.350000,0.350000,1.000000,nan,nan,nan,nan,nan,nan
4.310000,nan,nan,nan,nan,nan,nan,nan,nan,nan,nan,nan,nan,nan,0.001000,nan,1.570796,0.350000,0.350000,0.350000,1.000000,nan,nan,nan,nan,nan,nan
4.320000,nan,nan,nan,nan,nan,nan,nan,nan,nan,nan,nan,nan,nan,0.001000,nan,1.570796,0.350000,0.350000,0.350000,1.000000,nan,nan,nan,nan,nan,nan
4.330000,nan,nan,nan,nan,nan,nan,nan,nan,nan,nan,nan,nan,nan,0.001000,nan,1.570796,0.350000,0.350000,0.350000,1.000000,nan,nan,nan,nan,nan,nan
4.340000,nan,nan,nan,nan,nan,nan,nan,nan,nan,nan,nan,nan,nan,0.001000,nan,1.570796,0.350000,0.350000,0.350000,1.000000,nan,nan,nan,nan,nan,nan
4.350000,nan,nan,nan,nan,nan,nan,nan,nan,nan,nan,nan,nan,nan,0.001000,nan,1.570796,0.350000,0.350000,0.350000,1.000000,nan,nan,nan,nan,nan,nan
4.360000,nan,nan,nan,nan,nan,nan,nan,nan,nan,nan,nan,nan,nan,0.001000,nan,1.570796,0.350000,0.350000,0.350000,1.000000,nan,nan,nan,nan,nan,nan
4.370000,nan,nan,nan,nan,nan,nan,nan,nan,nan,nan,nan,nan,nan,0.001000,nan,1.570796,0.350000,0.350000,0.350000,1.000000,nan,nan,nan,nan,nan,nan
4.380000,nan,nan,nan,nan,nan,nan,nan,nan,nan,nan,nan,nan,nan,0.001000,nan,1.570796,0.350000,0.350000,0.350000,1.000000,nan,nan,nan,nan,nan,nan
4.390000,nan,nan,nan,nan,nan,nan,nan,nan,nan,nan,nan,nan,nan,0.001000,nan,1.570796,0.350000,0.350000,0.350000,1.000000,nan,nan,nan,nan,nan,nan
4.400000,nan,nan,nan,nan,nan,nan,nan,nan,nan,nan,nan,nan,nan,0.001000,nan,1.570796,0.350000,0.350000,0.350000,1.000000,nan,nan,nan,nan,nan,nan
4.410000,nan,nan,nan,nan,nan,nan,nan,nan,nan,nan,nan,nan,nan,0.001000,nan,1.570796,0.350000,0.350000,0.350000,1.000000,nan,nan,nan,nan,nan,nan
4.420000,nan,nan,nan,nan,nan,nan,nan,nan,nan,nan,nan,nan,nan,0.001000,nan,1.570796,0.350000,0.350000,0.350000,1.000000,nan,nan,nan,nan,nan,nan
4.430000,nan,nan,nan,nan,nan,nan,nan,nan,nan,nan,nan,nan,nan,0.001000,nan,1.570796,0.350000,0.350000,0.350000,1.000000,nan,nan,nan,nan,nan,nan
4.440000,nan,nan,nan,nan,nan,nan,nan,nan,nan,nan,nan,nan,nan,0.001000,nan,1.570796,0.350000,0.350000,0.350000,1.000000,nan,nan,nan,nan,nan,nan
4.450000,nan,nan,nan,nan,nan,nan,nan,nan,nan,nan,nan,nan,nan,0.001000,nan,1.570796,0.350000,0.350000,0.350000,1.000000,nan,nan,nan,nan,nan,nan
4.460000,nan,nan,nan,nan,nan,nan,nan,nan,nan,nan,nan,nan,nan,0.001000,nan,1.570796,0.350000,0.350000,0.350000,1.000000,nan,nan,nan,nan,nan,nan
4.470000,nan,nan,nan,nan,nan,nan,nan,nan,nan,nan,nan,nan,nan,0.001000,nan,1.570796,0.350000,0.350000,0.350000,1.000000,nan,nan,nan,nan,nan,nan
4.480000,nan,nan,nan,nan,nan,nan,nan,nan,nan,nan,nan,nan,nan,0.001000,nan,1.570796,0.350000,0.350000,0.350000,1.000000,nan,nan,nan,nan,nan,nan
4.490000,nan,nan,nan,nan,nan,nan,nan,nan,nan,nan,nan,nan,nan,0.001000,nan,1.570796,0.350000,0.350000,0.350000,1.000000,nan,nan,nan,nan,nan,nan
4.500000,nan,nan,nan,nan,nan,nan,nan,nan,nan,nan,nan,nan,nan,0.001000,nan,1.570796,0.350000,0.350000,0.350000,1.000000,nan,nan,nan,nan,nan,nan
4.510000,nan,nan,nan,nan,nan,nan,nan,nan,nan,nan,nan,nan,nan,0.001000,nan,1.570796,0.350000,0.350000,0.350000,1.000000,nan,nan,nan,nan,nan,nan
4.520000,nan,nan,nan,nan,nan,nan,nan,nan,nan,nan,nan,nan,nan,0.001000,nan,1.570796,0.350000,0.350000,0.350000,1.000000,nan,nan,nan,nan,nan,nan
4.530000,nan,nan,nan,nan,nan,nan,nan,nan,nan,nan,nan,nan,nan,0.001000,nan,1.570796,0.350000,0.350000,0.350000,1.000000,nan,nan,nan,nan,nan,nan
4.540000,nan,nan,nan,nan,nan,nan,nan,nan,nan,nan,nan,nan,nan,0.001000,nan,1.570796,0.350000,0.350000,0.350000,1.000000,nan,nan,nan,nan,nan,nan
4.550000,nan,nan,nan,nan,nan,nan,nan,nan,nan,nan,nan,nan,nan,0.001000,nan,1.570796,0.350000,0.350000,0.350000,1.000000,nan,nan,nan,nan,nan,nan
4.560000,nan,nan,nan,nan,nan,nan,nan,nan,nan,nan,nan,nan,nan,0.001000,nan,1.570796,0.350000,0.350000,0.350000,1.000000,nan,nan,nan,nan,nan,nan
4.570000,nan,nan,nan,nan,nan,nan,nan,nan,nan,nan,nan,nan,nan,0.001000,nan,1.570796,0.350000,0.350000,0.350000,1.000000,nan,nan,nan,nan,nan,nan
4.580000,nan,nan,nan,nan,nan,nan,nan,nan,nan,nan,nan,nan,nan,0.001000,nan,1.570796,0.350000,0.350000,0.350000,1.000000,nan,nan,nan,nan,nan,nan
4.590000,nan,nan,nan,nan,nan,nan,nan,nan,nan,nan,nan,nan,nan,0.001000,nan,1.570796,0.350000,0.350000,0.350000,1.000000,nan,nan,nan,nan,nan,nan
4.600000,nan,nan,nan,nan,nan,nan,nan,nan,nan,nan,nan,nan,nan,0.001000,nan,1.570796,0.350000,0.350000,0.350000,1.000000,nan,nan,nan,nan,nan,nan
4.610000,nan,nan,nan,nan,nan,nan,nan,nan,nan,nan,nan,nan,nan,0.001000,nan,1.570796,0.350000,0.350000,0.350000,1.000000,nan,nan,nan,nan,nan,nan
4.620000,nan,nan,nan,nan,nan,nan,nan,nan,nan,nan,nan,nan,nan,0.001000,nan,1.570796,0.350000,0.350000,0.350000,1.000000,nan,nan,nan,nan,nan,nan
4.630000,nan,nan,nan,nan,nan,nan,nan,nan,nan,nan,nan,nan,nan,0.001000,nan,1.570796,0.350000,0.350000,0.350000,1.000000,nan,nan,nan,nan,nan,nan
4.640000,nan,nan,nan,nan,nan,nan,nan,nan,nan,nan,nan,nan,nan,0.001000,nan,1.570796,0.350000,0.350000,0.350000,1.000000,nan,nan,nan,nan,nan,nan
4.650000,nan,nan,nan,nan,nan,nan,nan,nan,nan,nan,nan,nan,nan,0.001000,nan,1.570796,0.350000,0.350000,0.350000,1.000000,nan,nan,nan,nan,nan,nan
4.660000,nan,nan,nan,nan,nan,nan,nan,nan,nan,nan,nan,nan,nan,0.001000,nan,1.570796,0.350000,0.350000,0.350000,1.000000,nan,nan,nan,nan,nan,nan
4.670000,nan,nan,nan,nan,nan,nan,nan,nan,nan,nan,nan,nan,nan,0.001000,nan,1.570796,0.350000,0.350000,0.350000,1.000000,nan,nan,nan,nan,nan,nan
4.680000,nan,nan,nan,nan,nan,nan,nan,nan,nan,nan,nan,nan,nan,0.001000,nan,1.570796,0.350000,0.350000,0.350000,1.000000,nan,nan,nan,nan,nan,nan
4.690000,nan,nan,nan,nan,nan,nan,nan,nan,nan,nan,nan,nan,nan,0.001000,nan,1.570796,0.350000,0.350000,0.350000,1.000000,nan,nan,nan,nan,nan,nan
4.700000,nan,nan,nan,nan,nan,nan,nan,nan,nan,nan,nan,nan,nan,0.001000,nan,1.570796,0.350000,0.350000,0.350000,1.000000,nan,nan,nan,nan,nan,nan
4.710000,nan,nan,nan,nan,nan,nan,nan,nan,nan,nan,nan,nan,nan,0.001000,nan,1.570796,0.350000,0.350000,0.350000,1.000000,nan,nan,nan,nan,nan,nan
4.720000,nan,nan,nan,nan,nan,nan,nan,nan,nan,nan,nan,nan,nan,0.001000,nan,1.570796,0.350000,0.350000,0.350000,1.000000,nan,nan,nan,nan,nan,nan
4.730000,nan,nan,nan,nan,nan,nan,nan,nan,nan,nan,nan,nan,nan,0.001000,nan,1.570796,0.350000,0.350000,0.350000,1.000000,nan,nan,nan,nan,nan,nan
4.740000,nan,nan,nan,nan,nan,nan,nan,nan,nan,nan,nan,nan,nan,0.001000,nan,1.570796,0.350000,0.350000,0.350000,1.000000,nan,nan,nan,nan,nan,nan
4.750000,nan,nan,nan,nan,nan,nan,nan,nan,nan,nan,nan,nan,nan,0.001000,nan,1.570796,0.350000,0.350000,0.350000,1.000000,nan,nan,nan,nan,nan,nan
4.760000,nan,nan,nan,nan,nan,nan,nan,nan,nan,nan,nan,nan,nan,0.001000,nan,1.570796,0.350000,0.350000,0.350000,1.000000,nan,nan,nan,nan,nan,nan
4.770000,nan,nan,nan,nan,nan,nan,nan,nan,nan,nan,nan,nan,nan,0.001000,nan,1.570796,0.350000,0.350000,0.350000,1.000000,nan,nan,nan,nan,nan,nan
4.780000,nan,nan,nan,nan,nan,nan,nan,nan,nan,nan,nan,nan,nan,0.001000,nan,1.570796,0.350000,0.350000,0.350000,1.000000,nan,nan,nan,nan,nan,nan
4.790000,nan,nan,nan,nan,nan,nan,nan,nan,nan,nan,nan,nan,nan,0.001000,nan,1.570796,0.350000,0.350000,0.350000,1.000000,nan,nan,nan,nan,nan,nan
4.800000,nan,nan,nan,nan,nan,nan,nan,nan,nan,nan,nan,nan,nan,0.001000,nan,1.570796,0.350000,0.350000,0.350000,1.000000,nan,nan,nan,nan,nan,nan
4.810000,nan,nan,nan,nan,nan,nan,nan,nan,nan,nan,nan,nan,nan,0.001000,nan,1.570796,0.350000,0.350000,0.350000,1.000000,nan,nan,nan,nan,nan,nan
4.820000,nan,nan,nan,nan,nan,nan,nan,nan,nan,nan,nan,nan,nan,0.001000,nan,1.570796,0.350000,0.350000,0.350000,1.000000,nan,nan,nan,nan,nan,nan
4.830000,nan,nan,nan,nan,nan,nan,nan,nan,nan,nan,nan,nan,nan,0.001000,nan,1.570796,0.350000,0.350000,0.350000,1.000000,nan,nan,nan,nan,nan,nan
4.840000,nan,nan,nan,nan,nan,nan,nan,nan,nan,nan,nan,nan,nan,0.001000,nan,1.570796,0.350000,0.350000,0.350000,1.000000,nan,nan,nan,nan,nan,nan
4.850000,nan,nan,nan,nan,nan,nan,nan,nan,nan,nan,nan,nan,nan,0.001000,nan,1.570796,0.350000,0.350000,0.350000,1.000000,nan,nan,nan,nan,nan,nan
4.860000,nan,nan,nan,nan,nan,nan,nan,nan,nan,nan,nan,nan,nan,0.001000,nan,1.570796,0.350000,0.350000,0.350000,1.000000,nan,nan,nan,nan,nan,nan
4.870000,nan,nan,nan,nan,nan,nan,nan,nan,nan,nan,nan,nan,nan,0.001000,nan,1.570796,0.350000,0.350000,0.350000,1.000000,nan,nan,nan,nan,nan,nan
4.880000,nan,nan,nan,nan,nan,nan,nan,nan,nan,nan,nan,nan,nan,0.001000,nan,1.570796,0.350000,0.350000,0.350000,1.000000,nan,nan,nan,nan,nan,nan
4.890000,nan,nan,nan,nan,nan,nan,nan,nan,nan,nan,nan,nan,nan,0.001000,nan,1.570796,0.350000,0.350000,0.350000,1.000000,nan,nan,nan,nan,nan,nan
4.900000,nan,nan,nan,nan,nan,nan,nan,nan,nan,nan,nan,nan,nan,0.001000,nan,1.570796,0.350000,0.350000,0.350000,1.000000,nan,nan,nan,nan,nan,nan
4.910000,nan,nan,nan,nan,nan,nan,nan,nan,nan,nan,nan,nan,nan,0.001000,nan,1.570796,0.350000,0.350000,0.350000,1.000000,nan,nan,nan,nan,nan,nan
4.920000,nan,nan,nan,nan,nan,nan,nan,nan,nan,nan,nan,nan,nan,0.001000,nan,1.570796,0.350000,0.350000,0.350000,1.000000,nan,nan,nan,nan,nan,nan
4.930000,nan,nan,nan,nan,nan,nan,nan,nan,nan,nan,nan,nan,nan,0.001000,nan,1.570796,0.350000,0.350000,0.350000,1.000000,nan,nan,nan,nan,nan,nan
4.940000,nan,nan,nan,nan,nan,nan,nan,nan,nan,nan,nan,nan,nan,0.001000,nan,1.570796,0.350000,0.350000,0.350000,1.000000,nan,nan,nan,nan,nan,nan
4.950000,nan,nan,nan,nan,nan,nan,nan,nan,nan,nan,nan,nan,nan,0.001000,nan,1.570796,0.350000,0.350000,0.350000,1.000000,nan,nan,nan,nan,nan,nan
4.960000,nan,nan,nan,nan,nan,nan,nan,nan,nan,nan,nan,nan,nan,0.001000,nan,1.570796,0.350000,0.350000,0.350000,1.000000,nan,nan,nan,nan,nan,nan
4.970000,nan,nan,nan,nan,nan,nan,nan,nan,nan,nan,nan,nan,nan,0.001000,nan,1.570796,0.350000,0.350000,0.350000,1.000000,nan,nan,nan,nan,nan,nan
4.980000,nan,nan,nan,nan,nan,nan,nan,nan,nan,nan,nan,nan,nan,0.001000,nan,1.570796,0.350000,0.350000,0.350000,1.000000,nan,nan,nan,nan,nan,nan
4.990000,nan,nan,nan,nan,nan,nan,nan,nan,nan,nan,nan,nan,nan,0.001000,nan,1.570796,0.350000,0.350000,0.350000,1.000000,nan,nan,nan,nan,nan,nan
5.000000,nan,nan,nan,nan,nan,nan,nan,nan,nan,nan,nan,nan,nan,0.001000,nan,1.570796,0.350000,0.350000,0.350000,1.000000,nan,nan,nan,nan,nan,nan
5.010000,nan,nan,nan,nan,nan,nan,nan,nan,nan,nan,nan,nan,nan,0.001000,nan,1.570796,0.350000,0.350000,0.350000,1.000000,nan,nan,nan,nan,nan,nan
5.020000,nan,nan,nan,nan,nan,nan,nan,nan,nan,nan,nan,nan,nan,0.001000,nan,1.570796,0.350000,0.350000,0.350000,1.000000,nan,nan,nan,nan,nan,nan
5.030000,nan,nan,nan,nan,nan,nan,nan,nan,nan,nan,nan,nan,nan,0.001000,nan,1.570796,0.350000,0.350000,0.350000,1.000000,nan,nan,nan,nan,nan,nan
5.040000,nan,nan,nan,nan,nan,nan,nan,nan,nan,nan,nan,nan,nan,0.001000,nan,1.570796,0.350000,0.350000,0.350000,1.000000,nan,nan,nan,nan,nan,nan
5.050000,nan,nan,nan,nan,nan,nan,nan,nan,nan,nan,nan,nan,nan,0.001000,nan,1.570796,0.350000,0.350000,0.350000,1.000000,nan,nan,nan,nan,nan,nan
5.060000,nan,nan,nan,nan,nan,nan,nan,nan,nan,nan,nan,nan,nan,0.001000,nan,1.570796,0.350000,0.350000,0.350000,1.000000,nan,nan,nan,nan,nan,nan
5.070000,nan,nan,nan,nan,nan,nan,nan,nan,nan,nan,nan,nan,nan,0.001000,nan,1.570796,0.350000,0.350000,0.350000,1.000000,nan,nan,nan,nan,nan,nan
5.080000,nan,nan,nan,nan,nan,nan,nan,nan,nan,nan,nan,nan,nan,0.001000,nan,1.570796,0.350000,0.350000,0.350000,1.000000,nan,nan,nan,nan,nan,nan
5.090000,nan,nan,nan,nan,nan,nan,nan,nan,nan,nan,nan,nan,nan,0.001000,nan,1.570796,0.350000,0.350000,0.350000,1.000000,nan,nan,nan,nan,nan,nan
5.100000,nan,nan,nan,nan,nan,nan,nan,nan,nan,nan,nan,nan,nan,0.001000,nan,1.570796,0.350000,0.350000,0.350000,1.000000,nan,nan,nan,nan,nan,nan
5.110000,nan,nan,nan,nan,nan,nan,nan,nan,nan,nan,nan,nan,nan,0.001000,nan,1.570796,0.350000,0.350000,0.350000,1.000000,nan,nan,nan,nan,nan,nan
5.120000,nan,nan,nan,nan,nan,nan,nan,nan,nan,nan,nan,nan,nan,0.001000,nan,1.570796,0.350000,0.350000,0.350000,1.000000,nan,nan,nan,nan,nan,nan
5.130000,nan,nan,nan,nan,nan,nan,nan,nan,nan,nan,nan,nan,nan,0.001000,nan,1.570796,0.350000,0.350000,0.350000,1.000000,nan,nan,nan,nan,nan,nan
5.140000,nan,nan,nan,nan,nan,nan,nan,nan,nan,nan,nan,nan,nan,0.001000,nan,1.570796,0.350000,0.350000,0.350000,1.000000,nan,nan,nan,nan,nan,nan
5.150000,nan,nan,nan,nan,nan,nan,nan,nan,nan,nan,nan,nan,nan,0.001000,nan,1.570796,0.350000,0.350000,0.350000,1.000000,nan,nan,nan,nan,nan,nan
5.160000,nan,nan,nan,nan,nan,nan,nan,nan,nan,nan,nan,nan,nan,0.001000,nan,1.570796,0.350000,0.350000,0.350000,1.000000,nan,nan,nan,nan,nan,nan
5.170000,nan,nan,nan,nan,nan,nan,nan,nan,nan,nan,nan,nan,nan,0.001000,nan,1.570796,0.350000,0.350000,0.350000,1.000000,nan,nan,nan,nan,nan,nan
5.180000,nan,nan,nan,nan,nan,nan,nan,nan,nan,nan,nan,nan,nan,0.001000,nan,1.570796,0.350000,0.350000,0.350000,1.000000,nan,nan,nan,nan,nan,nan
5.190000,nan,nan,nan,nan,nan,nan,nan,nan,nan,nan,nan,nan,nan,0.001000,nan,1.570796,0.350000,0.350000,0.350000,1.000000,nan,nan,nan,nan,nan,nan
5.200000,nan,nan,nan,nan,nan,nan,nan,nan,nan,nan,nan,nan,nan,0.001000,nan,1.570796,0.350000,0.350000,0.350000,1.000000,nan,nan,nan,nan,nan,nan
5.210000,nan,nan,nan,nan,nan,nan,nan,nan,nan,nan,nan,nan,nan,0.001000,nan,1.570796,0.350000,0.350000,0.350000,1.000000,nan,nan,nan,nan,nan,nan
5.220000,nan,nan,nan,nan,nan,nan,nan,nan,nan,nan,nan,nan,nan,0.001000,nan,1.570796,0.350000,0.350000,0.350000,1.000000,nan,nan,nan,nan,nan,nan
5.230000,nan,nan,nan,nan,nan,nan,nan,nan,nan,nan,nan,nan,nan,0.001000,nan,1.570796,0.350000,0.350000,0.350000,1.000000,nan,nan,nan,nan,nan,nan
5.240000,nan,nan,nan,nan,nan,nan,nan,nan,nan,nan,nan,nan,nan,0.001000,nan,1.570796,0.350000,0.350000,0.350000,1.000000,nan,nan,nan,nan,nan,nan
5.250000,nan,nan,nan,nan,nan,nan,nan,nan,nan,nan,nan,nan,nan,0.001000,nan,1.570796,0.350000,0.350000,0.350000,1.000000,nan,nan,nan,nan,nan,nan
5.260000,nan,nan,nan,nan,nan,nan,nan,nan,nan,nan,nan,nan,nan,0.001000,nan,1.570796,0.350000,0.350000,0.350000,1.000000,nan,nan,nan,nan,nan,nan
5.270000,nan,nan,nan,nan,nan,nan,nan,nan,nan,nan,nan,nan,nan,0.001000,nan,1.570796,0.350000,0.350000,0.350000,1.000000,nan,nan,nan,nan,nan,nan
5.280000,nan,nan,nan,nan,nan,nan,nan,nan,nan,nan,nan,nan,nan,0.001000,nan,1.570796,0.350000,0.350000,0.350000,1.000000,nan,nan,nan,nan,nan,nan
5.290000,nan,nan,nan,nan,nan,nan,nan,nan,nan,nan,nan,nan,nan,0.001000,nan,1.570796,0.350000,0.350000,0.350000,1.000000,nan,nan,nan,nan,nan,nan
5.300000,nan,nan,nan,nan,nan,nan,nan,nan,nan,nan,nan,nan,nan,0.001000,nan,1.570796,0.350000,0.350000,0.350000,1.000000,nan,nan,nan,nan,nan,nan
5.310000,nan,nan,nan,nan,nan,nan,nan,nan,nan,nan,nan,nan,nan,0.001000,nan,1.570796,0.350000,0.350000,0.350000,1.000000,nan,nan,nan,nan,nan,nan
5.320000,nan,nan,nan,nan,nan,nan,nan,nan,nan,nan,nan,nan,nan,0.001000,nan,1.570796,0.350000,0.350000,0.350000,1.000000,nan,nan,nan,nan,nan,nan
5.330000,nan,nan,nan,nan,nan,nan,nan,nan,nan,nan,nan,nan,nan,0.001000,nan,1.570796,0.350000,0.350000,0.350000,1.000000,nan,nan,nan,nan,nan,nan
5.340000,nan,nan,nan,nan,nan,nan,nan,nan,nan,nan,nan,nan,nan,0.001000,nan,1.570796,0.350000,0.350000,0.350000,1.000000,nan,nan,nan,nan,nan,nan
5.350000,nan,nan,nan,nan,nan,nan,nan,nan,nan,nan,nan,nan,nan,0.001000,nan,1.570796,0.350000,0.350000,0.350000,1.000000,nan,nan,nan,nan,nan,nan
5.360000,nan,nan,nan,nan,nan,nan,nan,nan,nan,nan,nan,nan,nan,0.001000,nan,1.570796,0.350000,0.350000,0.350000,1.000000,nan,nan,nan,nan,nan,nan
5.370000,nan,nan,nan,nan,nan,nan,nan,nan,nan,nan,nan,nan,nan,0.001000,nan,1.570796,0.350000,0.350000,0.350000,1.000000,nan,nan,nan,nan,nan,nan
5.380000,nan,nan,nan,nan,nan,nan,nan,nan,nan,nan,nan,nan,nan,0.001000,nan,1.570796,0.350000,0.350000,0.350000,1.000000,nan,nan,nan,nan,nan,nan
5.390000,nan,nan,nan,nan,nan,nan,nan,nan,nan,nan,nan,nan,nan,0.001000,nan,1.570796,0.350000,0.350000,0.350000,1.000000,nan,nan,nan,nan,nan,nan
5.400000,nan,nan,nan,nan,nan,nan,nan,nan,nan,nan,nan,nan,nan,0.001000,nan,1.570796,0.350000,0.350000,0.350000,1.000000,nan,nan,nan,nan,nan,nan
5.410000,nan,nan,nan,nan,nan,nan,nan,nan,nan,nan,nan,nan,nan,0.001000,nan,1.570796,0.350000,0.350000,0.350000,1.000000,nan,nan,nan,nan,nan,nan
5.420000,nan,nan,nan,nan,nan,nan,nan,nan,nan,nan,nan,nan,nan,0.001000,nan,1.570796,0.350000,0.350000,0.350000,1.000000,nan,nan,nan,nan,nan,nan
5.430000,nan,nan,nan,nan,nan,nan,nan,nan,nan,nan,nan,nan,nan,0.001000,nan,1.570796,0.350000,0.350000,0.350000,1.000000,nan,nan,nan,nan,nan,nan
5.440000,nan,nan,nan,nan,nan,nan,nan,nan,nan,nan,nan,nan,nan,0.001000,nan,1.570796,0.350000,0.350000,0.350000,1.000000,nan,nan,nan,nan,nan,nan
5.450000,nan,nan,nan,nan,nan,nan,nan,nan,nan,nan,nan,nan,nan,0.001000,nan,1.570796,0.350000,0.350000,0.350000,1.000000,nan,nan,nan,nan,nan,nan
5.460000,nan,nan,nan,nan,nan,nan,nan,nan,nan,nan,nan,nan,nan,0.001000,nan,1.570796,0.350000,0.350000,0.350000,1.000000,nan,nan,nan,nan,nan,nan
5.470000,nan,nan,nan,nan,nan,nan,nan,nan,nan,nan,nan,nan,nan,0.001000,nan,1.570796,0.350000,0.350000,0.350000,1.000000,nan,nan,nan,nan,nan,nan
5.480000,nan,nan,nan,nan,nan,nan,nan,nan,nan,nan,nan,nan,nan,0.001000,nan,1.570796,0.350000,0.350000,0.350000,1.000000,nan,nan,nan,nan,nan,nan
5.490000,nan,nan,nan,nan,nan,nan,nan,nan,nan,nan,nan,nan,nan,0.001000,nan,1.570796,0.350000,0.350000,0.350000,1.000000,nan,nan,nan,nan,nan,nan
5.500000,nan,nan,nan,nan,nan,nan,nan,nan,nan,nan,nan,nan,nan,0.001000,nan,1.570796,0.350000,0.350000,0.350000,1.000000,nan,nan,nan,nan,nan,nan
5.510000,nan,nan,nan,nan,nan,nan,nan,nan,nan,nan,nan,nan,nan,0.001000,nan,1.570796,0.350000,0.350000,0.350000,1.000000,nan,nan,nan,nan,nan,nan
5.520000,nan,nan,nan,nan,nan,nan,nan,nan,nan,nan,nan,nan,nan,0.001000,nan,1.570796,0.350000,0.350000,0.350000,1.000000,nan,nan,nan,nan,nan,nan
5.530000,nan,nan,nan,nan,nan,nan,nan,nan,nan,nan,nan,nan,nan,0.001000,nan,1.570796,0.350000,0.350000,0.350000,1.000000,nan,nan,nan,nan,nan,nan
5.540000,nan,nan,nan,nan,nan,nan,nan,nan,nan,nan,nan,nan,nan,0.001000,nan,1.570796,0.350000,0.350000,0.350000,1.000000,nan,nan,nan,nan,nan,nan
5.550000,nan,nan,nan,nan,nan,nan,nan,nan,nan,nan,nan,nan,nan,0.001000,nan,1.570796,0.350000,0.350000,0.350000,1.000000,nan,nan,nan,nan,nan,nan
5.560000,nan,nan,nan,nan,nan,nan,nan,nan,nan,nan,nan,nan,nan,0.001000,nan,1.570796,0.350000,0.350000,0.350000,1.000000,nan,nan,nan,nan,nan,nan
5.570000,nan,nan,nan,nan,nan,nan,nan,nan,nan,nan,nan,nan,nan,0.001000,nan,1.570796,0.350000,0.350000,0.350000,1.000000,nan,nan,nan,nan,nan,nan
5.580000,nan,nan,nan,nan,nan,nan,nan,nan,nan,nan,nan,nan,nan,0.001000,nan,1.570796,0.350000,0.350000,0.350000,1.000000,nan,nan,nan,nan,nan,nan
5.590000,nan,nan,nan,nan,nan,nan,nan,nan,nan,nan,nan,nan,nan,0.001000,nan,1.570796,0.350000,0.350000,0.350000,1.000000,nan,nan,nan,nan,nan,nan
5.600000,nan,nan,nan,nan,nan,nan,nan,nan,nan,nan,nan,nan,nan,0.001000,nan,1.570796,0.350000,0.350000,0.350000,1.000000,nan,nan,nan,nan,nan,nan
5.610000,nan,nan,nan,nan,nan,nan,nan,nan,nan,nan,nan,nan,nan,0.001000,nan,1.570796,0.350000,0.350000,0.350000,1.000000,nan,nan,nan,nan,nan,nan
5.620000,nan,nan,nan,nan,nan,nan,nan,nan,nan,nan,nan,nan,nan,0.001000,nan,1.570796,0.350000,0.350000,0.350000,1.000000,nan,nan,nan,nan,nan,nan
5.630000,nan,nan,nan,nan,nan,nan,nan,nan,nan,nan,nan,nan,nan,0.001000,nan,1.570796,0.350000,0.350000,0.350000,1.000000,nan,nan,nan,nan,nan,nan
5.640000,nan,nan,nan,nan,nan,nan,nan,nan,nan,nan,nan,nan,nan,0.001000,nan,1.570796,0.350000,0.350000,0.350000,1.000000,nan,nan,nan,nan,nan,nan
5.650000,nan,nan,nan,nan,nan,nan,nan,nan,nan,nan,nan,nan,nan,0.001000,nan,1.570796,0.350000,0.350000,0.350000,1.000000,nan,nan,nan,nan,nan,nan
5.660000,nan,nan,nan,nan,nan,nan,nan,nan,nan,nan,nan,nan,nan,0.001000,nan,1.570796,0.350000,0.350000,0.350000,1.000000,nan,nan,nan,nan,nan,nan
5.670000,nan,nan,nan,nan,nan,nan,nan,nan,nan,nan,nan,nan,nan,0.001000,nan,1.570796,0.350000,0.350000,0.350000,1.000000,nan,nan,nan,nan,nan,nan
5.680000,nan,nan,nan,nan,nan,nan,nan,nan,nan,nan,nan,nan,nan,0.001000,nan,1.570796,0.350000,0.350000,0.350000,1.000000,nan,nan,nan,nan,nan,nan
5.690000,nan,nan,nan,nan,nan,nan,nan,nan,nan,nan,nan,nan,nan,0.001000,nan,1.570796,0.350000,0.350000,0.350000,1.000000,nan,nan,nan,nan,nan,nan
5.700000,nan,nan,nan,nan,nan,nan,nan,nan,nan,nan,nan,nan,nan,0.001000,nan,1.570796,0.350000,0.350000,0.350000,1.000000,nan,nan,nan,nan,nan,nan
5.710000,nan,nan,nan,nan,nan,nan,nan,nan,nan,nan,nan,nan,nan,0.001000,nan,1.570796,0.350000,0.350000,0.350000,1.000000,nan,nan,nan,nan,nan,nan
5.720000,nan,nan,nan,nan,nan,nan,nan,nan,nan,nan,nan,nan,nan,0.001000,nan,1.570796,0.350000,0.350000,0.350000,1.000000,nan,nan,nan,nan,nan,nan
5.730000,nan,nan,nan,nan,nan,nan,nan,nan,nan,nan,nan,nan,nan,0.001000,nan,1.570796,0.350000,0.350000,0.350000,1.000000,nan,nan,nan,nan,nan,nan
5.740000,nan,nan,nan,nan,nan,nan,nan,nan,nan,nan,nan,nan,nan,0.001000,nan,1.570796,0.350000,0.350000,0.350000,1.000000,nan,nan,nan,nan,nan,nan
5.750000,nan,nan,nan,nan,nan,nan,nan,nan,nan,nan,nan,nan,nan,0.001000,nan,1.570796,0.350000,0.350000,0.350000,1.000000,nan,nan,nan,nan,nan,nan
5.760000,nan,nan,nan,nan,nan,nan,nan,nan,nan,nan,nan,nan,nan,0.001000,nan,1.570796,0.350000,0.350000,0.350000,1.000000,nan,nan,nan,nan,nan,nan
5.770000,nan,nan,nan,nan,nan,nan,nan,nan,nan,nan,nan,nan,nan,0.001000,nan,1.570796,0.350000,0.350000,0.350000,1.000000,nan,nan,nan,nan,nan,nan
5.780000,nan,nan,nan,nan,nan,nan,nan,nan,nan,nan,nan,nan,nan,0.001000,nan,1.570796,0.350000,0.350000,0.350000,1.000000,nan,nan,nan,nan,nan,nan
5.790000,nan,nan,nan,nan,nan,nan,nan,nan,nan,nan,nan,nan,nan,0.001000,nan,1.570796,0.350000,0.350000,0.350000,1.000000,nan,nan,nan,nan,nan,nan
5.800000,nan,nan,nan,nan,nan,nan,nan,nan,nan,nan,nan,nan,nan,0.001000,nan,1.570796,0.350000,0.350000,0.350000,1.000000,nan,nan,nan,nan,nan,nan
5.810000,nan,nan,nan,nan,nan,nan,nan,nan,nan,nan,nan,nan,nan,0.001000,nan,1.570796,0.350000,0.350000,0.350000,1.000000,nan,nan,nan,nan,nan,nan
5.820000,nan,nan,nan,nan,nan,nan,nan,nan,nan,nan,nan,nan,nan,0.001000,nan,1.570796,0.350000,0.350000,0.350000,1.000000,nan,nan,nan,nan,nan,nan
5.830000,nan,nan,nan,nan,nan,nan,nan,nan,nan,nan,nan,nan,nan,0.001000,nan,1.570796,0.350000,0.350000,0.350000,1.000000,nan,nan,nan,nan,nan,nan
5.840000,nan,nan,nan,nan,nan,nan,nan,nan,nan,nan,nan,nan,nan,0.001000,nan,1.570796,0.350000,0.350000,0.350000,1.000000,nan,nan,nan,nan,nan,nan
5.850000,nan,nan,nan,nan,nan,nan,nan,nan,nan,nan,nan,nan,nan,0.001000,nan,1.570796,0.350000,0.350000,0.350000,1.000000,nan,nan,nan,nan,nan,nan
5.860000,nan,nan,nan,nan,nan,nan,nan,nan,nan,nan,nan,nan,nan,0.001000,nan,1.570796,0.350000,0.350000,0.350000,1.000000,nan,nan,nan,nan,nan,nan
5.870000,nan,nan,nan,nan,nan,nan,nan,nan,nan,nan,nan,nan,nan,0.001000,nan,1.570796,0.350000,0.350000,0.350000,1.000000,nan,nan,nan,nan,nan,nan
5.880000,nan,nan,nan,nan,nan,nan,nan,nan,nan,nan,nan,nan,nan,0.001000,nan,1.570796,0.350000,0.350000,0.350000,1.000000,nan,nan,nan,nan,nan,nan
5.890000,nan,nan,nan,nan,nan,nan,nan,nan,nan,nan,nan,nan,nan,0.001000,nan,1.570796,0.350000,0.350000,0.350000,1.000000,nan,nan,nan,nan,nan,nan
5.900000,nan,nan,nan,nan,nan,nan,nan,nan,nan,nan,nan,nan,nan,0.001000,nan,1.570796,0.350000,0.350000,0.350000,1.000000,nan,nan,nan,nan,nan,nan
5.910000,nan,nan,nan,nan,nan,nan,nan,nan,nan,nan,nan,nan,nan,0.001000,nan,1.570796,0.350000,0.350000,0.350000,1.000000,nan,nan,nan,nan,nan,nan
5.920000,nan,nan,nan,nan,nan,nan,nan,nan,nan,nan,nan,nan,nan,0.001000,nan,1.570796,0.350000,0.350000,0.350000,1.000000,nan,nan,nan,nan,nan,nan
5.930000,nan,nan,nan,nan,nan,nan,nan,nan,nan,nan,nan,nan,nan,0.001000,nan,1.570796,0.350000,0.350000,0.350000,1.000000,nan,nan,nan,nan,nan,nan
5.940000,nan,nan,nan,nan,nan,nan,nan,nan,nan,nan,nan,nan,nan,0.001000,nan,1.570796,0.350000,0.350000,0.350000,1.000000,nan,nan,nan,nan,nan,nan
5.950000,nan,nan,nan,nan,nan,nan,nan,nan,nan,nan,nan,nan,nan,0.001000,nan,1.570796,0.350000,0.350000,0.350000,1.000000,nan,nan,nan,nan,nan,nan
5.960000,nan,nan,nan,nan,nan,nan,nan,nan,nan,nan,nan,nan,nan,0.001000,nan,1.570796,0.350000,0.350000,0.350000,1.000000,nan,nan,nan,nan,nan,nan
5.970000,nan,nan,nan,nan,nan,nan,nan,nan,nan,nan,nan,nan,nan,0.001000,nan,1.570796,0.350000,0.350000,0.350000,1.000000,nan,nan,nan,nan,nan,nan
5.980000,nan,nan,nan,nan,nan,nan,nan,nan,nan,nan,nan,nan,nan,0.001000,nan,1.570796,0.350000,0.350000,0.350000,1.000000,nan,nan,nan,nan,nan,nan
5.990000,nan,nan,nan,nan,nan,nan,nan,nan,nan,nan,nan,nan,nan,0.001000,nan,1.570796,0.350000,0.350000,0.350000,1.000000,nan,nan,nan,nan,nan,nan
6.000000,nan,nan,nan,nan,nan,nan,nan,nan,nan,nan,nan,nan,nan,0.001000,nan,1.570796,0.350000,0.350000,0.350000,1.000000,nan,nan,nan,nan,nan,nan
6.010000,nan,nan,nan,nan,nan,nan,nan,nan,nan,nan,nan,nan,nan,0.001000,nan,1.570796,0.350000,0.350000,0.350000,1.000000,nan,nan,nan,nan,nan,nan
6.020000,nan,nan,nan,nan,nan,nan,nan,nan,nan,nan,nan,nan,nan,0.001000,nan,1.570796,0.350000,0.350000,0.350000,1.000000,nan,nan,nan,nan,nan,nan
6.030000,nan,nan,nan,nan,nan,nan,nan,nan,nan,nan,nan,nan,nan,0.001000,nan,1.570796,0.350000,0.350000,0.350000,1.000000,nan,nan,nan,nan,nan,nan
6.040000,nan,nan,nan,nan,nan,nan,nan,nan,nan,nan,nan,nan,nan,0.001000,nan,1.570796,0.350000,0.350000,0.350000,1.000000,nan,nan,nan,nan,nan,nan
6.050000,nan,nan,nan,nan,nan,nan,nan,nan,nan,nan,nan,nan,nan,0.001000,nan,1.570796,0.350000,0.350000,0.350000,1.000000,nan,nan,nan,nan,nan,nan
6.060000,nan,nan,nan,nan,nan,nan,nan,nan,nan,nan,nan,nan,nan,0.001000,nan,1.570796,0.350000,0.350000,0.350000,1.000000,nan,nan,nan,nan,nan,nan
6.070000,nan,nan,nan,nan,nan,nan,nan,nan,nan,nan,nan,nan,nan,0.001000,nan,1.570796,0.350000,0.350000,0.350000,1.000000,nan,nan,nan,nan,nan,nan
6.080000,nan,nan,nan,nan,nan,nan,nan,nan,nan,nan,nan,nan,nan,0.001000,nan,1.570796,0.350000,0.350000,0.350000,1.000000,nan,nan,nan,nan,nan,nan
6.090000,nan,nan,nan,nan,nan,nan,nan,nan,nan,nan,nan,nan,nan,0.001000,nan,1.570796,0.350000,0.350000,0.350000,1.000000,nan,nan,nan,nan,nan,nan
6.100000,nan,nan,nan,nan,nan,nan,nan,nan,nan,nan,nan,nan,nan,0.001000,nan,1.570796,0.350000,0.350000,0.350000,1.000000,nan,nan,nan,nan,nan,nan
6.110000,nan,nan,nan,nan,nan,nan,nan,nan,nan,nan,nan,nan,nan,0.001000,nan,1.570796,0.350000,0.350000,0.350000,1.000000,nan,nan,nan,nan,nan,nan
6.120000,nan,nan,nan,nan,nan,nan,nan,nan,nan,nan,nan,nan,nan,0.001000,nan,1.570796,0.350000,0.350000,0.350000,1.000000,nan,nan,nan,nan,nan,nan
6.130000,nan,nan,nan,nan,nan,nan,nan,nan,nan,nan,nan,nan,nan,0.001000,nan,1.570796,0.350000,0.350000,0.350000,1.000000,nan,nan,nan,nan,nan,nan
6.140000,nan,nan,nan,nan,nan,nan,nan,nan,nan,nan,nan,nan,nan,0.001000,nan,1.570796,0.350000,0.350000,0.350000,1.000000,nan,nan,nan,nan,nan,nan
6.150000,nan,nan,nan,nan,nan,nan,nan,nan,nan,nan,nan,nan,nan,0.001000,nan,1.570796,0.350000,0.350000,0.350000,1.000000,nan,nan,nan,nan,nan,nan
6.160000,nan,nan,nan,nan,nan,nan,nan,nan,nan,nan,nan,nan,nan,0.001000,nan,1.570796,0.350000,0.350000,0.350000,1.000000,nan,nan,nan,nan,nan,nan
6.170000,nan,nan,nan,nan,nan,nan,nan,nan,nan,nan,nan,nan,nan,0.001000,nan,1.570796,0.350000,0.350000,0.350000,1.000000,nan,nan,nan,nan,nan,nan
6.180000,nan,nan,nan,nan,nan,nan,nan,nan,nan,nan,nan,nan,nan,0.001000,nan,1.570796,0.350000,0.350000,0.350000,1.000000,nan,nan,nan,nan,nan,nan
6.190000,nan,nan,nan,nan,nan,nan,nan,nan,nan,nan,nan,nan,nan,0.001000,nan,1.570796,0.350000,0.350000,0.350000,1.000000,nan,nan,nan,nan,nan,nan
6.200000,nan,nan,nan,nan,nan,nan,nan,nan,nan,nan,nan,nan,nan,0.001000,nan,1.570796,0.350000,0.350000,0.350000,1.000000,nan,nan,nan,nan,nan,nan
6.210000,nan,nan,nan,nan,nan,nan,nan,nan,nan,nan,nan,nan,nan,0.001000,nan,1.570796,0.350000,0.350000,0.350000,1.000000,nan,nan,nan,nan,nan,nan
6.220000,nan,nan,nan,nan,nan,nan,nan,nan,nan,nan,nan,nan,nan,0.001000,nan,1.570796,0.350000,0.350000,0.350000,1.000000,nan,nan,nan,nan,nan,nan
6.230000,nan,nan,nan,nan,nan,nan,nan,nan,nan,nan,nan,nan,nan,0.001000,nan,1.570796,0.350000,0.350000,0.350000,1.000000,nan,nan,nan,nan,nan,nan
6.240000,nan,nan,nan,nan,nan,nan,nan,nan,nan,nan,nan,nan,nan,0.001000,nan,1.570796,0.350000,0.350000,0.350000,1.000000,nan,nan,nan,nan,nan,nan
6.250000,nan,nan,nan,nan,nan,nan,nan,nan,nan,nan,nan,nan,nan,0.001000,nan,1.570796,0.350000,0.350000,0.350000,1.000000,nan,nan,nan,nan,nan,nan
6.260000,nan,nan,nan,nan,nan,nan,nan,nan,nan,nan,nan,nan,nan,0.001000,nan,1.570796,0.350000,0.350000,0.350000,1.000000,nan,nan,nan,nan,nan,nan
6.270000,nan,nan,nan,nan,nan,nan,nan,nan,nan,nan,nan,nan,nan,0.001000,nan,1.570796,0.350000,0.350000,0.350000,1.000000,nan,nan,nan,nan,nan,nan
6.280000,nan,nan,nan,nan,nan,nan,nan,nan,nan,nan,nan,nan,nan,0.001000,nan,1.570796,0.350000,0.350000,0.350000,1.000000,nan,nan,nan,nan,nan,nan
6.290000,nan,nan,nan,nan,nan,nan,nan,nan,nan,nan,nan,nan,nan,0.001000,nan,1.570796,0.350000,0.350000,0.350000,1.000000,nan,nan,nan,nan,nan,nan
6.300000,nan,nan,nan,nan,nan,nan,nan,nan,nan,nan,nan,nan,nan,0.001000,nan,1.570796,0.350000,0.350000,0.350000,1.000000,nan,nan,nan,nan,nan,nan
6.310000,nan,nan,nan,nan,nan,nan,nan,nan,nan,nan,nan,nan,nan,0.001000,nan,1.570796,0.350000,0.350000,0.350000,1.000000,nan,nan,nan,nan,nan,nan
6.320000,nan,nan,nan,nan,nan,nan,nan,nan,nan,nan,nan,nan,nan,0.001000,nan,1.570796,0.350000,0.350000,0.350000,1.000000,nan,nan,nan,nan,nan,nan
6.330000,nan,nan,nan,nan,nan,nan,nan,nan,nan,nan,nan,nan,nan,0.001000,nan,1.570796,0.350000,0.350000,0.350000,1.000000,nan,nan,nan,nan,nan,nan
6.340000,nan,nan,nan,nan,nan,nan,nan,nan,nan,nan,nan,nan,nan,0.001000,nan,1.570796,0.350000,0.350000,0.350000,1.000000,nan,nan,nan,nan,nan,nan
6.350000,nan,nan,nan,nan,nan,nan,nan,nan,nan,nan,nan,nan,nan,0.001000,nan,1.570796,0.350000,0.350000,0.350000,1.000000,nan,nan,nan,nan,nan,nan
6.360000,nan,nan,nan,nan,nan,nan,nan,nan,nan,nan,nan,nan,nan,0.001000,nan,1.570796,0.350000,0.350000,0.350000,1.000000,nan,nan,nan,nan,nan,nan
6.370000,nan,nan,nan,nan,nan,nan,nan,nan,nan,nan,nan,nan,nan,0.001000,nan,1.570796,0.350000,0.350000,0.350000,1.000000,nan,nan,nan,nan,nan,nan
6.380000,nan,nan,nan,nan,nan,nan,nan,nan,nan,nan,nan,nan,nan,0.001000,nan,1.570796,0.350000,0.350000,0.350000,1.000000,nan,nan,nan,nan,nan,nan
6.390000,nan,nan,nan,nan,nan,nan,nan,nan,nan,nan,nan,nan,nan,0.001000,nan,1.570796,0.350000,0.350000,0.350000,1.000000,nan,nan,nan,nan,nan,nan
6.400000,nan,nan,nan,nan,nan,nan,nan,nan,nan,nan,nan,nan,nan,0.001000,nan,1.570796,0.350000,0.350000,0.350000,1.000000,nan,nan,nan,nan,nan,nan
6.410000,nan,nan,nan,nan,nan,nan,nan,nan,nan,nan,nan,nan,nan,0.001000,nan,1.570796,0.350000,0.350000,0.350000,1.000000,nan,nan,nan,nan,nan,nan
6.420000,nan,nan,nan,nan,nan,nan,nan,nan,nan,nan,nan,nan,nan,0.001000,nan,1.570796,0.350000,0.350000,0.350000,1.000000,nan,nan,nan,nan,nan,nan
6.430000,nan,nan,nan,nan,nan,nan,nan,nan,nan,nan,nan,nan,nan,0.001000,nan,1.570796,0.350000,0.350000,0.350000,1.000000,nan,nan,nan,nan,nan,nan
6.440000,nan,nan,nan,nan,nan,nan,nan,nan,nan,nan,nan,nan,nan,0.001000,nan,1.570796,0.350000,0.350000,0.350000,1.000000,nan,nan,nan,nan,nan,nan
6.450000,nan,nan,nan,nan,nan,nan,nan,nan,nan,nan,nan,nan,nan,0.001000,nan,1.570796,0.350000,0.350000,0.350000,1.000000,nan,nan,nan,nan,nan,nan
6.460000,nan,nan,nan,nan,nan,nan,nan,nan,nan,nan,nan,nan,nan,0.001000,nan,1.570796,0.350000,0.350000,0.350000,1.000000,nan,nan,nan,nan,nan,nan
6.470000,nan,nan,nan,nan,nan,nan,nan,nan,nan,nan,nan,nan,nan,0.001000,nan,1.570796,0.350000,0.350000,0.350000,1.000000,nan,nan,nan,nan,nan,nan
6.480000,nan,nan,nan,nan,nan,nan,nan,nan,nan,nan,nan,nan,nan,0.001000,nan,1.570796,0.350000,0.350000,0.350000,1.000000,nan,nan,nan,nan,nan,nan
6.490000,nan,nan,nan,nan,nan,nan,nan,nan,nan,nan,nan,nan,nan,0.001000,nan,1.570796,0.350000,0.350000,0.350000,1.000000,nan,nan,nan,nan,nan,nan
6.500000,nan,nan,nan,nan,nan,nan,nan,nan,nan,nan,nan,nan,nan,0.001000,nan,1.570796,0.350000,0.350000,0.350000,1.000000,nan,nan,nan,nan,nan,nan
6.510000,nan,nan,nan,nan,nan,nan,nan,nan,nan,nan,nan,nan,nan,0.001000,nan,1.570796,0.350000,0.350000,0.350000,1.000000,nan,nan,nan,nan,nan,nan
6.520000,nan,nan,nan,nan,nan,nan,nan,nan,nan,nan,nan,nan,nan,0.001000,nan,1.570796,0.350000,0.350000,0.350000,1.000000,nan,nan,nan,nan,nan,nan
6.530000,nan,nan,nan,nan,nan,nan,nan,nan,nan,nan,nan,nan,nan,0.001000,nan,1.570796,0.350000,0.350000,0.350000,1.000000,nan,nan,nan,nan,nan,nan
6.540000,nan,nan,nan,nan,nan,nan,nan,nan,nan,nan,nan,nan,nan,0.001000,nan,1.570796,0.350000,0.350000,0.350000,1.000000,nan,nan,nan,nan,nan,nan
6.550000,nan,nan,nan,nan,nan,nan,nan,nan,nan,nan,nan,nan,nan,0.001000,nan,1.570796,0.350000,0.350000,0.350000,1.000000,nan,nan,nan,nan,nan,nan
6.560000,nan,nan,nan,nan,nan,nan,nan,nan,nan,nan,nan,nan,nan,0.001000,nan,1.570796,0.350000,0.350000,0.350000,1.000000,nan,nan,nan,nan,nan,nan
6.570000,nan,nan,nan,nan,nan,nan,nan,nan,nan,nan,nan,nan,nan,0.001000,nan,1.570796,0.350000,0.350000,0.350000,1.000000,nan,nan,nan,nan,nan,nan
6.580000,nan,nan,nan,nan,nan,nan,nan,nan,nan,nan,nan,nan,nan,0.001000,nan,1.570796,0.350000,0.350000,0.350000,1.000000,nan,nan,nan,nan,nan,nan
6.590000,nan,nan,nan,nan,nan,nan,nan,nan,nan,nan,nan,nan,nan,0.001000,nan,1.570796,0.350000,0.350000,0.350000,1.000000,nan,nan,nan,nan,nan,nan
6.600000,nan,nan,nan,nan,nan,nan,nan,nan,nan,nan,nan,nan,nan,0.001000,nan,1.570796,0.350000,0.350000,0.350000,1.000000,nan,nan,nan,nan,nan,nan
6.610000,nan,nan,nan,nan,nan,nan,nan,nan,nan,nan,nan,nan,nan,0.001000,nan,1.570796,0.350000,0.350000,0.350000,1.000000,nan,nan,nan,nan,nan,nan
6.620000,nan,nan,nan,nan,nan,nan,nan,nan,nan,nan,nan,nan,nan,0.001000,nan,1.570796,0.350000,0.350000,0.350000,1.000000,nan,nan,nan,nan,nan,nan
6.630000,nan,nan,nan,nan,nan,nan,nan,nan,nan,nan,nan,nan,nan,0.001000,nan,1.570796,0.350000,0.350000,0.350000,1.000000,nan,nan,nan,nan,nan,nan
6.640000,nan,nan,nan,nan,nan,nan,nan,nan,nan,nan,nan,nan,nan,0.001000,nan,1.570796,0.350000,0.350000,0.350000,1.000000,nan,nan,nan,nan,nan,nan
6.650000,nan,nan,nan,nan,nan,nan,nan,nan,nan,nan,nan,nan,nan,0.001000,nan,1.570796,0.350000,0.350000,0.350000,1.000000,nan,nan,nan,nan,nan,nan
6.660000,nan,nan,nan,nan,nan,nan,nan,nan,nan,nan,nan,nan,nan,0.001000,nan,1.570796,0.350000,0.350000,0.350000,1.000000,nan,nan,nan,nan,nan,nan
6.670000,nan,nan,nan,nan,nan,nan,nan,nan,nan,nan,nan,nan,nan,0.001000,nan,1.570796,0.350000,0.350000,0.350000,1.000000,nan,nan,nan,nan,nan,nan
6.680000,nan,nan,nan,nan,nan,nan,nan,nan,nan,nan,nan,nan,nan,0.001000,nan,1.570796,0.350000,0.350000,0.350000,1.000000,nan,nan,nan,nan,nan,nan
6.690000,nan,nan,nan,nan,nan,nan,nan,nan,nan,nan,nan,nan,nan,0.001000,nan,1.570796,0.350000,0.350000,0.350000,1.000000,nan,nan,nan,nan,nan,nan
6.700000,nan,nan,nan,nan,nan,nan,nan,nan,nan,nan,nan,nan,nan,0.001000,nan,1.570796,0.350000,0.350000,0.350000,1.000000,nan,nan,nan,nan,nan,nan
6.710000,nan,nan,nan,nan,nan,nan,nan,nan,nan,nan,nan,nan,nan,0.001000,nan,1.570796,0.350000,0.350000,0.350000,1.000000,nan,nan,nan,nan,nan,nan
6.720000,nan,nan,nan,nan,nan,nan,nan,nan,nan,nan,nan,nan,nan,0.001000,nan,1.570796,0.350000,0.350000,0.350000,1.000000,nan,nan,nan,nan,nan,nan
6.730000,nan,nan,nan,nan,nan,nan,nan,nan,nan,nan,nan,nan,nan,0.001000,nan,1.570796,0.350000,0.350000,0.350000,1.000000,nan,nan,nan,nan,nan,nan
6.740000,nan,nan,nan,nan,nan,nan,nan,nan,nan,nan,nan,nan,nan,0.001000,nan,1.570796,0.350000,0.350000,0.350000,1.000000,nan,nan,nan,nan,nan,nan
6.750000,nan,nan,nan,nan,nan,nan,nan,nan,nan,nan,nan,nan,nan,0.001000,nan,1.570796,0.350000,0.350000,0.350000,1.000000,nan,nan,nan,nan,nan,nan
6.760000,nan,nan,nan,nan,nan,nan,nan,nan,nan,nan,nan,nan,nan,0.001000,nan,1.570796,0.350000,0.350000,0.350000,1.000000,nan,nan,nan,nan,nan,nan
6.770000,nan,nan,nan,nan,nan,nan,nan,nan,nan,nan,nan,nan,nan,0.001000,nan,1.570796,0.350000,0.350000,0.350000,1.000000,nan,nan,nan,nan,nan,nan
6.780000,nan,nan,nan,nan,nan,nan,nan,nan,nan,nan,nan,nan,nan,0.001000,nan,1.570796,0.350000,0.350000,0.350000,1.000000,nan,nan,nan,nan,nan,nan
6.790000,nan,nan,nan,nan,nan,nan,nan,nan,nan,nan,nan,nan,nan,0.001000,nan,1.570796,0.350000,0.350000,0.350000,1.000000,nan,nan,nan,nan,nan,nan
6.800000,nan,nan,nan,nan,nan,nan,nan,nan,nan,nan,nan,nan,nan,0.001000,nan,1.570796,0.350000,0.350000,0.350000,1.000000,nan,nan,nan,nan,nan,nan
6.810000,nan,nan,nan,nan,nan,nan,nan,nan,nan,nan,nan,nan,nan,0.001000,nan,1.570796,0.350000,0.350000,0.350000,1.000000,nan,nan,nan,nan,nan,nan
6.820000,nan,nan,nan,nan,nan,nan,nan,nan,nan,nan,nan,nan,nan,0.001000,nan,1.570796,0.350000,0.350000,0.350000,1.000000,nan,nan,nan,nan,nan,nan
6.830000,nan,nan,nan,nan,nan,nan,nan,nan,nan,nan,nan,nan,nan,0.001000,nan,1.570796,0.350000,0.350000,0.350000,1.000000,nan,nan,nan,nan,nan,nan
6.840000,nan,nan,nan,nan,nan,nan,nan,nan,nan,nan,nan,nan,nan,0.001000,nan,1.570796,0.350000,0.350000,0.350000,1.000000,nan,nan,nan,nan,nan,nan
6.850000,nan,nan,nan,nan,nan,nan,nan,nan,nan,nan,nan,nan,nan,0.001000,nan,1.570796,0.350000,0.350000,0.350000,1.000000,nan,nan,nan,nan,nan,nan
6.860000,nan,nan,nan,nan,nan,nan,nan,nan,nan,nan,nan,nan,nan,0.001000,nan,1.570796,0.350000,0.350000,0.350000,1.000000,nan,nan,nan,nan,nan,nan
6.870000,nan,nan,nan,nan,nan,nan,nan,nan,nan,nan,nan,nan,nan,0.001000,nan,1.570796,0.350000,0.350000,0.350000,1.000000,nan,nan,nan,nan,nan,nan
6.880000,nan,nan,nan,nan,nan,nan,nan,nan,nan,nan,nan,nan,nan,0.001000,nan,1.570796,0.350000,0.350000,0.350000,1.000000,nan,nan,nan,nan,nan,nan
6.890000,nan,nan,nan,nan,nan,nan,nan,nan,nan,nan,nan,nan,nan,0.001000,nan,1.570796,0.350000,0.350000,0.350000,1.000000,nan,nan,nan,nan,nan,nan
6.900000,nan,nan,nan,nan,nan,nan,nan,nan,nan,nan,nan,nan,nan,0.001000,nan,1.570796,0.350000,0.350000,0.350000,1.000000,nan,nan,nan,nan,nan,nan
6.910000,nan,nan,nan,nan,nan,nan,nan,nan,nan,nan,nan,nan,nan,0.001000,nan,1.570796,0.350000,0.350000,0.350000,1.000000,nan,nan,nan,nan,nan,nan
6.920000,nan,nan,nan,nan,nan,nan,nan,nan,nan,nan,nan,nan,nan,0.001000,nan,1.570796,0.350000,0.350000,0.350000,1.000000,nan,nan,nan,nan,nan,nan
6.930000,nan,nan,nan,nan,nan,nan,nan,nan,nan,nan,nan,nan,nan,0.001000,nan,1.570796,0.350000,0.350000,0.350000,1.000000,nan,nan,nan,nan,nan,nan
6.940000,nan,nan,nan,nan,nan,nan,nan,nan,nan,nan,nan,nan,nan,0.001000,nan,1.570796,0.350000,0.350000,0.350000,1.000000,nan,nan,nan,nan,nan,nan
6.950000,nan,nan,nan,nan,nan,nan,nan,nan,nan,nan,nan,nan,nan,0.001000,nan,1.570796,0.350000,0.350000,0.350000,1.000000,nan,nan,nan,nan,nan,nan
6.960000,nan,nan,nan,nan,nan,nan,nan,nan,nan,nan,nan,nan,nan,0.001000,nan,1.570796,0.350000,0.350000,0.350000,1.000000,nan,nan,nan,nan,nan,nan
6.970000,nan,nan,nan,nan,nan,nan,nan,nan,nan,nan,nan,nan,nan,0.001000,nan,1.570796,0.350000,0.350000,0.350000,1.000000,nan,nan,nan,nan,nan,nan
6.980000,nan,nan,nan,nan,nan,nan,nan,nan,nan,nan,nan,nan,nan,0.001000,nan,1.570796,0.350000,0.350000,0.350000,1.000000,nan,nan,nan,nan,nan,nan
6.990000,nan,nan,nan,nan,nan,nan,nan,nan,nan,nan,nan,nan,nan,0.001000,nan,1.570796,0.350000,0.350000,0.350000,1.000000,nan,nan,nan,nan,nan,nan
7.000000,nan,nan,nan,nan,nan,nan,nan,nan,nan,nan,nan,nan,nan,0.001000,nan,1.570796,0.350000,0.350000,0.350000,1.000000,nan,nan,nan,nan,nan,nan
7.010000,nan,nan,nan,nan,nan,nan,nan,nan,nan,nan,nan,nan,nan,0.001000,nan,1.570796,0.350000,0.350000,0.350000,1.000000,nan,nan,nan,nan,nan,nan
7.020000,nan,nan,nan,nan,nan,nan,nan,nan,nan,nan,nan,nan,nan,0.001000,nan,1.570796,0.350000,0.350000,0.350000,1.000000,nan,nan,nan,nan,nan,nan
7.030000,nan,nan,nan,nan,nan,nan,nan,nan,nan,nan,nan,nan,nan,0.001000,nan,1.570796,0.350000,0.350000,0.350000,1.000000,nan,nan,nan,nan,nan,nan
7.040000,nan,nan,nan,nan,nan,nan,nan,nan,nan,nan,nan,nan,nan,0.001000,nan,1.570796,0.350000,0.350000,0.350000,1.000000,nan,nan,nan,nan,nan,nan
7.050000,nan,nan,nan,nan,nan,nan,nan,nan,nan,nan,nan,nan,nan,0.001000,nan,1.570796,0.350000,0.350000,0.350000,1.000000,nan,nan,nan,nan,nan,nan
7.060000,nan,nan,nan,nan,nan,nan,nan,nan,nan,nan,nan,nan,nan,0.001000,nan,1.570796,0.350000,0.350000,0.350000,1.000000,nan,nan,nan,nan,nan,nan
7.070000,nan,nan,nan,nan,nan,nan,nan,nan,nan,nan,nan,nan,nan,0.001000,nan,1.570796,0.350000,0.350000,0.350000,1.000000,nan,nan,nan,nan,nan,nan
7.080000,nan,nan,nan,nan,nan,nan,nan,nan,nan,nan,nan,nan,nan,0.001000,nan,1.570796,0.350000,0.350000,0.350000,1.000000,nan,nan,nan,nan,nan,nan
7.090000,nan,nan,nan,nan,nan,nan,nan,nan,nan,nan,nan,nan,nan,0.001000,nan,1.570796,0.350000,0.350000,0.350000,1.000000,nan,nan,nan,nan,nan,nan
7.100000,nan,nan,nan,nan,nan,nan,nan,nan,nan,nan,nan,nan,nan,0.001000,nan,1.570796,0.350000,0.350000,0.350000,1.000000,nan,nan,nan,nan,nan,nan
7.110000,nan,nan,nan,nan,nan,nan,nan,nan,nan,nan,nan,nan,nan,0.001000,nan,1.570796,0.350000,0.350000,0.350000,1.000000,nan,nan,nan,nan,nan,nan
7.120000,nan,nan,nan,nan,nan,nan,nan,nan,nan,nan,nan,nan,nan,0.001000,nan,1.570796,0.350000,0.350000,0.350000,1.000000,nan,nan,nan,nan,nan,nan
7.130000,nan,nan,nan,nan,nan,nan,nan,nan,nan,nan,nan,nan,nan,0.001000,nan,1.570796,0.350000,0.350000,0.350000,1.000000,nan,nan,nan,nan,nan,nan
7.140000,nan,nan,nan,nan,nan,nan,nan,nan,nan,nan,nan,nan,nan,0.001000,nan,1.570796,0.350000,0.350000,0.350000,1.000000,nan,nan,nan,nan,nan,nan
7.150000,nan,nan,nan,nan,nan,nan,nan,nan,nan,nan,nan,nan,nan,0.001000,nan,1.570796,0.350000,0.350000,0.350000,1.000000,nan,nan,nan,nan,nan,nan
7.160000,nan,nan,nan,nan,nan,nan,nan,nan,nan,nan,nan,nan,nan,0.001000,nan,1.570796,0.350000,0.350000,0.350000,1.000000,nan,nan,nan,nan,nan,nan
7.170000,nan,nan,nan,nan,nan,nan,nan,nan,nan,nan,nan,nan,nan,0.001000,nan,1.570796,0.350000,0.350000,0.350000,1.000000,nan,nan,nan,nan,nan,nan
7.180000,nan,nan,nan,nan,nan,nan,nan,nan,nan,nan,nan,nan,nan,0.001000,nan,1.570796,0.350000,0.350000,0.350000,1.000000,nan,nan,nan,nan,nan,nan
7.190000,nan,nan,nan,nan,nan,nan,nan,nan,nan,nan,nan,nan,nan,0.001000,nan,1.570796,0.350000,0.350000,0.350000,1.000000,nan,nan,nan,nan,nan,nan
7.200000,nan,nan,nan,nan,nan,nan,nan,nan,nan,nan,nan,nan,nan,0.001000,nan,1.570796,0.350000,0.350000,0.350000,1.000000,nan,nan,nan,nan,nan,nan
7.210000,nan,nan,nan,nan,nan,nan,nan,nan,nan,nan,nan,nan,nan,0.001000,nan,1.570796,0.350000,0.350000,0.350000,1.000000,nan,nan,nan,nan,nan,nan
7.220000,nan,nan,nan,nan,nan,nan,nan,nan,nan,nan,nan,nan,nan,0.001000,nan,1.570796,0.350000,0.350000,0.350000,1.000000,nan,nan,nan,nan,nan,nan
7.230000,nan,nan,nan,nan,nan,nan,nan,nan,nan,nan,nan,nan,nan,0.001000,nan,1.570796,0.350000,0.350000,0.350000,1.000000,nan,nan,nan,nan,nan,nan
7.240000,nan,nan,nan,nan,nan,nan,nan,nan,nan,nan,nan,nan,nan,0.001000,nan,1.570796,0.350000,0.350000,0.350000,1.000000,nan,nan,nan,nan,nan,nan
7.250000,nan,nan,nan,nan,nan,nan,nan,nan,nan,nan,nan,nan,nan,0.001000,nan,1.570796,0.350000,0.350000,0.350000,1.000000,nan,nan,nan,nan,nan,nan
7.260000,nan,nan,nan,nan,nan,nan,nan,nan,nan,nan,nan,nan,nan,0.001000,nan,1.570796,0.350000,0.350000,0.350000,1.000000,nan,nan,nan,nan,nan,nan
7.270000,nan,nan,nan,nan,nan,nan,nan,nan,nan,nan,nan,nan,nan,0.001000,nan,1.570796,0.350000,0.350000,0.350000,1.000000,nan,nan,nan,nan,nan,nan
7.280000,nan,nan,nan,nan,nan,nan,nan,nan,nan,nan,nan,nan,nan,0.001000,nan,1.570796,0.350000,0.350000,0.350000,1.000000,nan,nan,nan,nan,nan,nan
7.290000,nan,nan,nan,nan,nan,nan,nan,nan,nan,nan,nan,nan,nan,0.001000,nan,1.570796,0.350000,0.350000,0.350000,1.000000,nan,nan,nan,nan,nan,nan
7.300000,nan,nan,nan,nan,nan,nan,nan,nan,nan,nan,nan,nan,nan,0.001000,nan,1.570796,0.350000,0.350000,0.350000,1.000000,nan,nan,nan,nan,nan,nan
7.310000,nan,nan,nan,nan,nan,nan,nan,nan,nan,nan,nan,nan,nan,0.001000,nan,1.570796,0.350000,0.350000,0.350000,1.000000,nan,nan,nan,nan,nan,nan
7.320000,nan,nan,nan,nan,nan,nan,nan,nan,nan,nan,nan,nan,nan,0.001000,nan,1.570796,0.350000,0.350000,0.350000,1.000000,nan,nan,nan,nan,nan,nan
7.330000,nan,nan,nan,nan,nan,nan,nan,nan,nan,nan,nan,nan,nan,0.001000,nan,1.570796,0.350000,0.350000,0.350000,1.000000,nan,nan,nan,nan,nan,nan
7.340000,nan,nan,nan,nan,nan,nan,nan,nan,nan,nan,nan,nan,nan,0.001000,nan,1.570796,0.350000,0.350000,0.350000,1.000000,nan,nan,nan,nan,nan,nan
7.350000,nan,nan,nan,nan,nan,nan,nan,nan,nan,nan,nan,nan,nan,0.001000,nan,1.570796,0.350000,0.350000,0.350000,1.000000,nan,nan,nan,nan,nan,nan
7.360000,nan,nan,nan,nan,nan,nan,nan,nan,nan,nan,nan,nan,nan,0.001000,nan,1.570796,0.350000,0.350000,0.350000,1.000000,nan,nan,nan,nan,nan,nan
7.370000,nan,nan,nan,nan,nan,nan,nan,nan,nan,nan,nan,nan,nan,0.001000,nan,1.570796,0.350000,0.350000,0.350000,1.000000,nan,nan,nan,nan,nan,nan
7.380000,nan,nan,nan,nan,nan,nan,nan,nan,nan,nan,nan,nan,nan,0.001000,nan,1.570796,0.350000,0.350000,0.350000,1.000000,nan,nan,nan,nan,nan,nan
7.390000,nan,nan,nan,nan,nan,nan,nan,nan,nan,nan,nan,nan,nan,0.001000,nan,1.570796,0.350000,0.350000,0.350000,1.000000,nan,nan,nan,nan,nan,nan
7.400000,nan,nan,nan,nan,nan,nan,nan,nan,nan,nan,nan,nan,nan,0.001000,nan,1.570796,0.350000,0.350000,0.350000,1.000000,nan,nan,nan,nan,nan,nan
7.410000,nan,nan,nan,nan,nan,nan,nan,nan,nan,nan,nan,nan,nan,0.001000,nan,1.570796,0.350000,0.350000,0.350000,1.000000,nan,nan,nan,nan,nan,nan
7.420000,nan,nan,nan,nan,nan,nan,nan,nan,nan,nan,nan,nan,nan,0.001000,nan,1.570796,0.350000,0.350000,0.350000,1.000000,nan,nan,nan,nan,nan,nan
7.430000,nan,nan,nan,nan,nan,nan,nan,nan,nan,nan,nan,nan,nan,0.001000,nan,1.570796,0.350000,0.350000,0.350000,1.000000,nan,nan,nan,nan,nan,nan
7.440000,nan,nan,nan,nan,nan,nan,nan,nan,nan,nan,nan,nan,nan,0.001000,nan,1.570796,0.350000,0.350000,0.350000,1.000000,nan,nan,nan,nan,nan,nan
7.450000,nan,nan,nan,nan,nan,nan,nan,nan,nan,nan,nan,nan,nan,0.001000,nan,1.570796,0.350000,0.350000,0.350000,1.000000,nan,nan,nan,nan,nan,nan
7.460000,nan,nan,nan,nan,nan,nan,nan,nan,nan,nan,nan,nan,nan,0.001000,nan,1.570796,0.350000,0.350000,0.350000,1.000000,nan,nan,nan,nan,nan,nan
7.470000,nan,nan,nan,nan,nan,nan,nan,nan,nan,nan,nan,nan,nan,0.001000,nan,1.570796,0.350000,0.350000,0.350000,1.000000,nan,nan,nan,nan,nan,nan
7.480000,nan,nan,nan,nan,nan,nan,nan,nan,nan,nan,nan,nan,nan,0.001000,nan,1.570796,0.350000,0.350000,0.350000,1.000000,nan,nan,nan,nan,nan,nan
7.490000,nan,nan,nan,nan,nan,nan,nan,nan,nan,nan,nan,nan,nan,0.001000,nan,1.570796,0.350000,0.350000,0.350000,1.000000,nan,nan,nan,nan,nan,nan
7.500000,nan,nan,nan,nan,nan,nan,nan,nan,nan,nan,nan,nan,nan,0.001000,nan,1.570796,0.350000,0.350000,0.350000,1.000000,nan,nan,nan,nan,nan,nan
7.510000,nan,nan,nan,nan,nan,nan,nan,nan,nan,nan,nan,nan,nan,0.001000,nan,1.570796,0.350000,0.350000,0.350000,1.000000,nan,nan,nan,nan,nan,nan
7.520000,nan,nan,nan,nan,nan,nan,nan,nan,nan,nan,nan,nan,nan,0.001000,nan,1.570796,0.350000,0.350000,0.350000,1.000000,nan,nan,nan,nan,nan,nan
7.530000,nan,nan,nan,nan,nan,nan,nan,nan,nan,nan,nan,nan,nan,0.001000,nan,1.570796,0.350000,0.350000,0.350000,1.000000,nan,nan,nan,nan,nan,nan
7.540000,nan,nan,nan,nan,nan,nan,nan,nan,nan,nan,nan,nan,nan,0.001000,nan,1.570796,0.350000,0.350000,0.350000,1.000000,nan,nan,nan,nan,nan,nan
7.550000,nan,nan,nan,nan,nan,nan,nan,nan,nan,nan,nan,nan,nan,0.001000,nan,1.570796,0.350000,0.350000,0.350000,1.000000,nan,nan,nan,nan,nan,nan
7.560000,nan,nan,nan,nan,nan,nan,nan,nan,nan,nan,nan,nan,nan,0.001000,nan,1.570796,0.350000,0.350000,0.350000,1.000000,nan,nan,nan,nan,nan,nan
7.570000,nan,nan,nan,nan,nan,nan,nan,nan,nan,nan,nan,nan,nan,0.001000,nan,1.570796,0.350000,0.350000,0.350000,1.000000,nan,nan,nan,nan,nan,nan
7.580000,nan,nan,nan,nan,nan,nan,nan,nan,nan,nan,nan,nan,nan,0.001000,nan,1.570796,0.350000,0.350000,0.350000,1.000000,nan,nan,nan,nan,nan,nan
7.590000,nan,nan,nan,nan,nan,nan,nan,nan,nan,nan,nan,nan,nan,0.001000,nan,1.570796,0.350000,0.350000,0.350000,1.000000,nan,nan,nan,nan,nan,nan
7.600000,nan,nan,nan,nan,nan,nan,nan,nan,nan,nan,nan,nan,nan,0.001000,nan,1.570796,0.350000,0.350000,0.350000,1.000000,nan,nan,nan,nan,nan,nan
7.610000,nan,nan,nan,nan,nan,nan,nan,nan,nan,nan,nan,nan,nan,0.001000,nan,1.570796,0.350000,0.350000,0.350000,1.000000,nan,nan,nan,nan,nan,nan
7.620000,nan,nan,nan,nan,nan,nan,nan,nan,nan,nan,nan,nan,nan,0.001000,nan,1.570796,0.350000,0.350000,0.350000,1.000000,nan,nan,nan,nan,nan,nan
7.630000,nan,nan,nan,nan,nan,nan,nan,nan,nan,nan,nan,nan,nan,0.001000,nan,1.570796,0.350000,0.350000,0.350000,1.000000,nan,nan,nan,nan,nan,nan
7.640000,nan,nan,nan,nan,nan,nan,nan,nan,nan,nan,nan,nan,nan,0.001000,nan,1.570796,0.350000,0.350000,0.350000,1.000000,nan,nan,nan,nan,nan,nan
7.650000,nan,nan,nan,nan,nan,nan,nan,nan,nan,nan,nan,nan,nan,0.001000,nan,1.570796,0.350000,0.350000,0.350000,1.000000,nan,nan,nan,nan,nan,nan
7.660000,nan,nan,nan,nan,nan,nan,nan,nan,nan,nan,nan,nan,nan,0.001000,nan,1.570796,0.350000,0.350000,0.350000,1.000000,nan,nan,nan,nan,nan,nan
7.670000,nan,nan,nan,nan,nan,nan,nan,nan,nan,nan,nan,nan,nan,0.001000,nan,1.570796,0.350000,0.350000,0.350000,1.000000,nan,nan,nan,nan,nan,nan
7.680000,nan,nan,nan,nan,nan,nan,nan,nan,nan,nan,nan,nan,nan,0.001000,nan,1.570796,0.350000,0.350000,0.350000,1.000000,nan,nan,nan,nan,nan,nan
7.690000,nan,nan,nan,nan,nan,nan,nan,nan,nan,nan,nan,nan,nan,0.001000,nan,1.570796,0.350000,0.350000,0.350000,1.000000,nan,nan,nan,nan,nan,nan
7.700000,nan,nan,nan,nan,nan,nan,nan,nan,nan,nan,nan,nan,nan,0.001000,nan,1.570796,0.350000,0.350000,0.350000,1.000000,nan,nan,nan,nan,nan,nan
7.710000,nan,nan,nan,nan,nan,nan,nan,nan,nan,nan,nan,nan,nan,0.001000,nan,1.570796,0.350000,0.350000,0.350000,1.000000,nan,nan,nan,nan,nan,nan
7.720000,nan,nan,nan,nan,nan,nan,nan,nan,nan,nan,nan,nan,nan,0.001000,nan,1.570796,0.350000,0.350000,0.350000,1.000000,nan,nan,nan,nan,nan,nan
7.730000,nan,nan,nan,nan,nan,nan,nan,nan,nan,nan,nan,nan,nan,0.001000,nan,1.570796,0.350000,0.350000,0.350000,1.000000,nan,nan,nan,nan,nan,nan
7.740000,nan,nan,nan,nan,nan,nan,nan,nan,nan,nan,nan,nan,nan,0.001000,nan,1.570796,0.350000,0.350000,0.350000,1.000000,nan,nan,nan,nan,nan,nan
7.750000,nan,nan,nan,nan,nan,nan,nan,nan,nan,nan,nan,nan,nan,0.001000,nan,1.570796,0.350000,0.350000,0.350000,1.000000,nan,nan,nan,nan,nan,nan
7.760000,nan,nan,nan,nan,nan,nan,nan,nan,nan,nan,nan,nan,nan,0.001000,nan,1.570796,0.350000,0.350000,0.350000,1.000000,nan,nan,nan,nan,nan,nan
7.770000,nan,nan,nan,nan,nan,nan,nan,nan,nan,nan,nan,nan,nan,0.001000,nan,1.570796,0.350000,0.350000,0.350000,1.000000,nan,nan,nan,nan,nan,nan
7.780000,nan,nan,nan,nan,nan,nan,nan,nan,nan,nan,nan,nan,nan,0.001000,nan,1.570796,0.350000,0.350000,0.350000,1.000000,nan,nan,nan,nan,nan,nan
7.790000,nan,nan,nan,nan,nan,nan,nan,nan,nan,nan,nan,nan,nan,0.001000,nan,1.570796,0.350000,0.350000,0.350000,1.000000,nan,nan,nan,nan,nan,nan
7.800000,nan,nan,nan,nan,nan,nan,nan,nan,nan,nan,nan,nan,nan,0.001000,nan,1.570796,0.350000,0.350000,0.350000,1.000000,nan,nan,nan,nan,nan,nan
7.810000,nan,nan,nan,nan,nan,nan,nan,nan,nan,nan,nan,nan,nan,0.001000,nan,1.570796,0.350000,0.350000,0.350000,1.000000,nan,nan,nan,nan,nan,nan
7.820000,nan,nan,nan,nan,nan,nan,nan,nan,nan,nan,nan,nan,nan,0.001000,nan,1.570796,0.350000,0.350000,0.350000,1.000000,nan,nan,nan,nan,nan,nan
7.830000,nan,nan,nan,nan,nan,nan,nan,nan,nan,nan,nan,nan,nan,0.001000,nan,1.570796,0.350000,0.350000,0.350000,1.000000,nan,nan,nan,nan,nan,nan
7.840000,nan,nan,nan,nan,nan,nan,nan,nan,nan,nan,nan,nan,nan,0.001000,nan,1.570796,0.350000,0.350000,0.350000,1.000000,nan,nan,nan,nan,nan,nan
7.850000,nan,nan,nan,nan,nan,nan,nan,nan,nan,nan,nan,nan,nan,0.001000,nan,1.570796,0.350000,0.350000,0.350000,1.000000,nan,nan,nan,nan,nan,nan
7.860000,nan,nan,nan,nan,nan,nan,nan,nan,nan,nan,nan,nan,nan,0.001000,nan,1.570796,0.350000,0.350000,0.350000,1.000000,nan,nan,nan,nan,nan,nan
7.870000,nan,nan,nan,nan,nan,nan,nan,nan,nan,nan,nan,nan,nan,0.001000,nan,1.570796,0.350000,0.350000,0.350000,1.000000,nan,nan,nan,nan,nan,nan
7.880000,nan,nan,nan,nan,nan,nan,nan,nan,nan,nan,nan,nan,nan,0.001000,nan,1.570796,0.350000,0.350000,0.350000,1.000000,nan,nan,nan,nan,nan,nan
7.890000,nan,nan,nan,nan,nan,nan,nan,nan,nan,nan,nan,nan,nan,0.001000,nan,1.570796,0.350000,0.350000,0.350000,1.000000,nan,nan,nan,nan,nan,nan
7.900000,nan,nan,nan,nan,nan,nan,nan,nan,nan,nan,nan,nan,nan,0.001000,nan,1.570796,0.350000,0.350000,0.350000,1.000000,nan,nan,nan,nan,nan,nan
7.910000,nan,nan,nan,nan,nan,nan,nan,nan,nan,nan,nan,nan,nan,0.001000,nan,1.570796,0.350000,0.350000,0.350000,1.000000,nan,nan,nan,nan,nan,nan
7.920000,nan,nan,nan,nan,nan,nan,nan,nan,nan,nan,nan,nan,nan,0.001000,nan,1.570796,0.350000,0.350000,0.350000,1.000000,nan,nan,nan,nan,nan,nan
7.930000,nan,nan,nan,nan,nan,nan,nan,nan,nan,nan,nan,nan,nan,0.001000,nan,1.570796,0.350000,0.350000,0.350000,1.000000,nan,nan,nan,nan,nan,nan
7.940000,nan,nan,nan,nan,nan,nan,nan,nan,nan,nan,nan,nan,nan,0.001000,nan,1.570796,0.350000,0.350000,0.350000,1.000000,nan,nan,nan,nan,nan,nan
7.950000,nan,nan,nan,nan,nan,nan,nan,nan,nan,nan,nan,nan,nan,0.001000,nan,1.570796,0.350000,0.350000,0.350000,1.000000,nan,nan,nan,nan,nan,nan
7.960000,nan,nan,nan,nan,nan,nan,nan,nan,nan,nan,nan,nan,nan,0.001000,nan,1.570796,0.350000,0.350000,0.350000,1.000000,nan,nan,nan,nan,nan,nan
7.970000,nan,nan,nan,nan,nan,nan,nan,nan,nan,nan,nan,nan,nan,0.001000,nan,1.570796,0.350000,0.350000,0.350000,1.000000,nan,nan,nan,nan,nan,nan
7.980000,nan,nan,nan,nan,nan,nan,nan,nan,nan,nan,nan,nan,nan,0.001000,nan,1.570796,0.350000,0.350000,0.350000,1.000000,nan,nan,nan,nan,nan,nan
7.990000,nan,nan,nan,nan,nan,nan,nan,nan,nan,nan,nan,nan,nan,0.001000,nan,1.570796,0.350000,0.350000,0.350000,1.000000,nan,nan,nan,nan,nan,nan
8.000000,nan,nan,nan,nan,nan,nan,nan,nan,nan,nan,nan,nan,nan,0.001000,nan,1.570796,0.350000,0.350000,0.350000,1.000000,nan,nan,nan,nan,nan,nan
8.010000,nan,nan,nan,nan,nan,nan,nan,nan,nan,nan,nan,nan,nan,0.001000,nan,1.570796,0.350000,0.350000,0.350000,1.000000,nan,nan,nan,nan,nan,nan
8.020000,nan,nan,nan,nan,nan,nan,nan,nan,nan,nan,nan,nan,nan,0.001000,nan,1.570796,0.350000,0.350000,0.350000,1.000000,nan,nan,nan,nan,nan,nan
8.030000,nan,nan,nan,nan,nan,nan,nan,nan,nan,nan,nan,nan,nan,0.001000,nan,1.570796,0.350000,0.350000,0.350000,1.000000,nan,nan,nan,nan,nan,nan
8.040000,nan,nan,nan,nan,nan,nan,nan,nan,nan,nan,nan,nan,nan,0.001000,nan,1.570796,0.350000,0.350000,0.350000,1.000000,nan,nan,nan,nan,nan,nan
8.050000,nan,nan,nan,nan,nan,nan,nan,nan,nan,nan,nan,nan,nan,0.001000,nan,1.570796,0.350000,0.350000,0.350000,1.000000,nan,nan,nan,nan,nan,nan
8.060000,nan,nan,nan,nan,nan,nan,nan,nan,nan,nan,nan,nan,nan,0.001000,nan,1.570796,0.350000,0.350000,0.350000,1.000000,nan,nan,nan,nan,nan,nan
8.070000,nan,nan,nan,nan,nan,nan,nan,nan,nan,nan,nan,nan,nan,0.001000,nan,1.570796,0.350000,0.350000,0.350000,1.000000,nan,nan,nan,nan,nan,nan
8.080000,nan,nan,nan,nan,nan,nan,nan,nan,nan,nan,nan,nan,nan,0.001000,nan,1.570796,0.350000,0.350000,0.350000,1.000000,nan,nan,nan,nan,nan,nan
8.090000,nan,nan,nan,nan,nan,nan,nan,nan,nan,nan,nan,nan,nan,0.001000,nan,1.570796,0.350000,0.350000,0.350000,1.000000,nan,nan,nan,nan,nan,nan
8.100000,nan,nan,nan,nan,nan,nan,nan,nan,nan,nan,nan,nan,nan,0.001000,nan,1.570796,0.350000,0.350000,0.350000,1.000000,nan,nan,nan,nan,nan,nan
8.110000,nan,nan,nan,nan,nan,nan,nan,nan,nan,nan,nan,nan,nan,0.001000,nan,1.570796,0.350000,0.350000,0.350000,1.000000,nan,nan,nan,nan,nan,nan
8.120000,nan,nan,nan,nan,nan,nan,nan,nan,nan,nan,nan,nan,nan,0.001000,nan,1.570796,0.350000,0.350000,0.350000,1.000000,nan,nan,nan,nan,nan,nan
8.130000,nan,nan,nan,nan,nan,nan,nan,nan,nan,nan,nan,nan,nan,0.001000,nan,1.570796,0.350000,0.350000,0.350000,1.000000,nan,nan,nan,nan,nan,nan
8.140000,nan,nan,nan,nan,nan,nan,nan,nan,nan,nan,nan,nan,nan,0.001000,nan,1.570796,0.350000,0.350000,0.350000,1.000000,nan,nan,nan,nan,nan,nan
8.150000,nan,nan,nan,nan,nan,nan,nan,nan,nan,nan,nan,nan,nan,0.001000,nan,1.570796,0.350000,0.350000,0.350000,1.000000,nan,nan,nan,nan,nan,nan
8.160000,nan,nan,nan,nan,nan,nan,nan,nan,nan,nan,nan,nan,nan,0.001000,nan,1.570796,0.350000,0.350000,0.350000,1.000000,nan,nan,nan,nan,nan,nan
8.170000,nan,nan,nan,nan,nan,nan,nan,nan,nan,nan,nan,nan,nan,0.001000,nan,1.570796,0.350000,0.350000,0.350000,1.000000,nan,nan,nan,nan,nan,nan
8.180000,nan,nan,nan,nan,nan,nan,nan,nan,nan,nan,nan,nan,nan,0.001000,nan,1.570796,0.350000,0.350000,0.350000,1.000000,nan,nan,nan,nan,nan,nan
8.190000,nan,nan,nan,nan,nan,nan,nan,nan,nan,nan,nan,nan,nan,0.001000,nan,1.570796,0.350000,0.350000,0.350000,1.000000,nan,nan,nan,nan,nan,nan
8.200000,nan,nan,nan,nan,nan,nan,nan,nan,nan,nan,nan,nan,nan,0.001000,nan,1.570796,0.350000,0.350000,0.350000,1.000000,nan,nan,nan,nan,nan,nan
8.210000,nan,nan,nan,nan,nan,nan,nan,nan,nan,nan,nan,nan,nan,0.001000,nan,1.570796,0.350000,0.350000,0.350000,1.000000,nan,nan,nan,nan,nan,nan
8.220000,nan,nan,nan,nan,nan,nan,nan,nan,nan,nan,nan,nan,nan,0.001000,nan,1.570796,0.350000,0.350000,0.350000,1.000000,nan,nan,nan,nan,nan,nan
8.230000,nan,nan,nan,nan,nan,nan,nan,nan,nan,nan,nan,nan,nan,0.001000,nan,1.570796,0.350000,0.350000,0.350000,1.000000,nan,nan,nan,nan,nan,nan
8.240000,nan,nan,nan,nan,nan,nan,nan,nan,nan,nan,nan,nan,nan,0.001000,nan,1.570796,0.350000,0.350000,0.350000,1.000000,nan,nan,nan,nan,nan,nan
8.250000,nan,nan,nan,nan,nan,nan,nan,nan,nan,nan,nan,nan,nan,0.001000,nan,1.570796,0.350000,0.350000,0.350000,1.000000,nan,nan,nan,nan,nan,nan
8.260000,nan,nan,nan,nan,nan,nan,nan,nan,nan,nan,nan,nan,nan,0.001000,nan,1.570796,0.350000,0.350000,0.350000,1.000000,nan,nan,nan,nan,nan,nan
8.270000,nan,nan,nan,nan,nan,nan,nan,nan,nan,nan,nan,nan,nan,0.001000,nan,1.570796,0.350000,0.350000,0.350000,1.000000,nan,nan,nan,nan,nan,nan
8.280000,nan,nan,nan,nan,nan,nan,nan,nan,nan,nan,nan,nan,nan,0.001000,nan,1.570796,0.350000,0.350000,0.350000,1.000000,nan,nan,nan,nan,nan,nan
8.290000,nan,nan,nan,nan,nan,nan,nan,nan,nan,nan,nan,nan,nan,0.001000,nan,1.570796,0.350000,0.350000,0.350000,1.000000,nan,nan,nan,nan,nan,nan
8.300000,nan,nan,nan,nan,nan,nan,nan,nan,nan,nan,nan,nan,nan,0.001000,nan,1.570796,0.350000,0.350000,0.350000,1.000000,nan,nan,nan,nan,nan,nan
8.310000,nan,nan,nan,nan,nan,nan,nan,nan,nan,nan,nan,nan,nan,0.001000,nan,1.570796,0.350000,0.350000,0.350000,1.000000,nan,nan,nan,nan,nan,nan
8.320000,nan,nan,nan,nan,nan,nan,nan,nan,nan,nan,nan,nan,nan,0.001000,nan,1.570796,0.350000,0.350000,0.350000,1.000000,nan,nan,nan,nan,nan,nan
8.330000,nan,nan,nan,nan,nan,nan,nan,nan,nan,nan,nan,nan,nan,0.001000,nan,1.570796,0.350000,0.350000,0.350000,1.000000,nan,nan,nan,nan,nan,nan
8.340000,nan,nan,nan,nan,nan,nan,nan,nan,nan,nan,nan,nan,nan,0.001000,nan,1.570796,0.350000,0.350000,0.350000,1.000000,nan,nan,nan,nan,nan,nan
8.350000,nan,nan,nan,nan,nan,nan,nan,nan,nan,nan,nan,nan,nan,0.001000,nan,1.570796,0.350000,0.350000,0.350000,1.000000,nan,nan,nan,nan,nan,nan
8.360000,nan,nan,nan,nan,nan,nan,nan,nan,nan,nan,nan,nan,nan,0.001000,nan,1.570796,0.350000,0.350000,0.350000,1.000000,nan,nan,nan,nan,nan,nan
8.370000,nan,nan,nan,nan,nan,nan,nan,nan,nan,nan,nan,nan,nan,0.001000,nan,1.570796,0.350000,0.350000,0.350000,1.000000,nan,nan,nan,nan,nan,nan
8.380000,nan,nan,nan,nan,nan,nan,nan,nan,nan,nan,nan,nan,nan,0.001000,nan,1.570796,0.350000,0.350000,0.350000,1.000000,nan,nan,nan,nan,nan,nan
8.390000,nan,nan,nan,nan,nan,nan,nan,nan,nan,nan,nan,nan,nan,0.001000,nan,1.570796,0.350000,0.350000,0.350000,1.000000,nan,nan,nan,nan,nan,nan
8.400000,nan,nan,nan,nan,nan,nan,nan,nan,nan,nan,nan,nan,nan,0.001000,nan,1.570796,0.350000,0.350000,0.350000,1.000000,nan,nan,nan,nan,nan,nan
8.410000,nan,nan,nan,nan,nan,nan,nan,nan,nan,nan,nan,nan,nan,0.001000,nan,1.570796,0.350000,0.350000,0.350000,1.000000,nan,nan,nan,nan,nan,nan
8.420000,nan,nan,nan,nan,nan,nan,nan,nan,nan,nan,nan,nan,nan,0.001000,nan,1.570796,0.350000,0.350000,0.350000,1.000000,nan,nan,nan,nan,nan,nan
8.430000,nan,nan,nan,nan,nan,nan,nan,nan,nan,nan,nan,nan,nan,0.001000,nan,1.570796,0.350000,0.350000,0.350000,1.000000,nan,nan,nan,nan,nan,nan
8.440000,nan,nan,nan,nan,nan,nan,nan,nan,nan,nan,nan,nan,nan,0.001000,nan,1.570796,0.350000,0.350000,0.350000,1.000000,nan,nan,nan,nan,nan,nan
8.450000,nan,nan,nan,nan,nan,nan,nan,nan,nan,nan,nan,nan,nan,0.001000,nan,1.570796,0.350000,0.350000,0.350000,1.000000,nan,nan,nan,nan,nan,nan
8.460000,nan,nan,nan,nan,nan,nan,nan,nan,nan,nan,nan,nan,nan,0.001000,nan,1.570796,0.350000,0.350000,0.350000,1.000000,nan,nan,nan,nan,nan,nan
8.470000,nan,nan,nan,nan,nan,nan,nan,nan,nan,nan,nan,nan,nan,0.001000,nan,1.570796,0.350000,0.350000,0.350000,1.000000,nan,nan,nan,nan,nan,nan
8.480000,nan,nan,nan,nan,nan,nan,nan,nan,nan,nan,nan,nan,nan,0.001000,nan,1.570796,0.350000,0.350000,0.350000,1.000000,nan,nan,nan,nan,nan,nan
8.490000,nan,nan,nan,nan,nan,nan,nan,nan,nan,nan,nan,nan,nan,0.001000,nan,1.570796,0.350000,0.350000,0.350000,1.000000,nan,nan,nan,nan,nan,nan
8.500000,nan,nan,nan,nan,nan,nan,nan,nan,nan,nan,nan,nan,nan,0.001000,nan,1.570796,0.350000,0.350000,0.350000,1.000000,nan,nan,nan,nan,nan,nan
8.510000,nan,nan,nan,nan,nan,nan,nan,nan,nan,nan,nan,nan,nan,0.001000,nan,1.570796,0.350000,0.350000,0.350000,1.000000,nan,nan,nan,nan,nan,nan
8.520000,nan,nan,nan,nan,nan,nan,nan,nan,nan,nan,nan,nan,nan,0.001000,nan,1.570796,0.350000,0.350000,0.350000,1.000000,nan,nan,nan,nan,nan,nan
8.530000,nan,nan,nan,nan,nan,nan,nan,nan,nan,nan,nan,nan,nan,0.001000,nan,1.570796,0.350000,0.350000,0.350000,1.000000,nan,nan,nan,nan,nan,nan
8.540000,nan,nan,nan,nan,nan,nan,nan,nan,nan,nan,nan,nan,nan,0.001000,nan,1.570796,0.350000,0.350000,0.350000,1.000000,nan,nan,nan,nan,nan,nan
8.550000,nan,nan,nan,nan,nan,nan,nan,nan,nan,nan,nan,nan,nan,0.001000,nan,1.570796,0.350000,0.350000,0.350000,1.000000,nan,nan,nan,nan,nan,nan
8.560000,nan,nan,nan,nan,nan,nan,nan,nan,nan,nan,nan,nan,nan,0.001000,nan,1.570796,0.350000,0.350000,0.350000,1.000000,nan,nan,nan,nan,nan,nan
8.570000,nan,nan,nan,nan,nan,nan,nan,nan,nan,nan,nan,nan,nan,0.001000,nan,1.570796,0.350000,0.350000,0.350000,1.000000,nan,nan,nan,nan,nan,nan
8.580000,nan,nan,nan,nan,nan,nan,nan,nan,nan,nan,nan,nan,nan,0.001000,nan,1.570796,0.350000,0.350000,0.350000,1.000000,nan,nan,nan,nan,nan,nan
8.590000,nan,nan,nan,nan,nan,nan,nan,nan,nan,nan,nan,nan,nan,0.001000,nan,1.570796,0.350000,0.350000,0.350000,1.000000,nan,nan,nan,nan,nan,nan
8.600000,nan,nan,nan,nan,nan,nan,nan,nan,nan,nan,nan,nan,nan,0.001000,nan,1.570796,0.350000,0.350000,0.350000,1.000000,nan,nan,nan,nan,nan,nan
8.610000,nan,nan,nan,nan,nan,nan,nan,nan,nan,nan,nan,nan,nan,0.001000,nan,1.570796,0.350000,0.350000,0.350000,1.000000,nan,nan,nan,nan,nan,nan
8.620000,nan,nan,nan,nan,nan,nan,nan,nan,nan,nan,nan,nan,nan,0.001000,nan,1.570796,0.350000,0.350000,0.350000,1.000000,nan,nan,nan,nan,nan,nan
8.630000,nan,nan,nan,nan,nan,nan,nan,nan,nan,nan,nan,nan,nan,0.001000,nan,1.570796,0.350000,0.350000,0.350000,1.000000,nan,nan,nan,nan,nan,nan
8.640000,nan,nan,nan,nan,nan,nan,nan,nan,nan,nan,nan,nan,nan,0.001000,nan,1.570796,0.350000,0.350000,0.350000,1.000000,nan,nan,nan,nan,nan,nan
8.650000,nan,nan,nan,nan,nan,nan,nan,nan,nan,nan,nan,nan,nan,0.001000,nan,1.570796,0.350000,0.350000,0.350000,1.000000,nan,nan,nan,nan,nan,nan
8.660000,nan,nan,nan,nan,nan,nan,nan,nan,nan,nan,nan,nan,nan,0.001000,nan,1.570796,0.350000,0.350000,0.350000,1.000000,nan,nan,nan,nan,nan,nan
8.670000,nan,nan,nan,nan,nan,nan,nan,nan,nan,nan,nan,nan,nan,0.001000,nan,1.570796,0.350000,0.350000,0.350000,1.000000,nan,nan,nan,nan,nan,nan
8.680000,nan,nan,nan,nan,nan,nan,nan,nan,nan,nan,nan,nan,nan,0.001000,nan,1.570796,0.350000,0.350000,0.350000,1.000000,nan,nan,nan,nan,nan,nan
8.690000,nan,nan,nan,nan,nan,nan,nan,nan,nan,nan,nan,nan,nan,0.001000,nan,1.570796,0.350000,0.350000,0.350000,1.000000,nan,nan,nan,nan,nan,nan
8.700000,nan,nan,nan,nan,nan,nan,nan,nan,nan,nan,nan,nan,nan,0.001000,nan,1.570796,0.350000,0.350000,0.350000,1.000000,nan,nan,nan,nan,nan,nan
8.710000,nan,nan,nan,nan,nan,nan,nan,nan,nan,nan,nan,nan,nan,0.001000,nan,1.570796,0.350000,0.350000,0.350000,1.000000,nan,nan,nan,nan,nan,nan
8.720000,nan,nan,nan,nan,nan,nan,nan,nan,nan,nan,nan,nan,nan,0.001000,nan,1.570796,0.350000,0.350000,0.350000,1.000000,nan,nan,nan,nan,nan,nan
8.730000,nan,nan,nan,nan,nan,nan,nan,nan,nan,nan,nan,nan,nan,0.001000,nan,1.570796,0.350000,0.350000,0.350000,1.000000,nan,nan,nan,nan,nan,nan
8.740000,nan,nan,nan,nan,nan,nan,nan,nan,nan,nan,nan,nan,nan,0.001000,nan,1.570796,0.350000,0.350000,0.350000,1.000000,nan,nan,nan,nan,nan,nan
8.750000,nan,nan,nan,nan,nan,nan,nan,nan,nan,nan,nan,nan,nan,0.001000,nan,1.570796,0.350000,0.350000,0.350000,1.000000,nan,nan,nan,nan,nan,nan
8.760000,nan,nan,nan,nan,nan,nan,nan,nan,nan,nan,nan,nan,nan,0.001000,nan,1.570796,0.350000,0.350000,0.350000,1.000000,nan,nan,nan,nan,nan,nan
8.770000,nan,nan,nan,nan,nan,nan,nan,nan,nan,nan,nan,nan,nan,0.001000,nan,1.570796,0.350000,0.350000,0.350000,1.000000,nan,nan,nan,nan,nan,nan
8.780000,nan,nan,nan,nan,nan,nan,nan,nan,nan,nan,nan,nan,nan,0.001000,nan,1.570796,0.350000,0.350000,0.350000,1.000000,nan,nan,nan,nan,nan,nan
8.790000,nan,nan,nan,nan,nan,nan,nan,nan,nan,nan,nan,nan,nan,0.001000,nan,1.570796,0.350000,0.350000,0.350000,1.000000,nan,nan,nan,nan,nan,nan
8.800000,nan,nan,nan,nan,nan,nan,nan,nan,nan,nan,nan,nan,nan,0.001000,nan,1.570796,0.350000,0.350000,0.350000,1.000000,nan,nan,nan,nan,nan,nan
8.810000,nan,nan,nan,nan,nan,nan,nan,nan,nan,nan,nan,nan,nan,0.001000,nan,1.570796,0.350000,0.350000,0.350000,1.000000,nan,nan,nan,nan,nan,nan
8.820000,nan,nan,nan,nan,nan,nan,nan,nan,nan,nan,nan,nan,nan,0.001000,nan,1.570796,0.350000,0.350000,0.350000,1.000000,nan,nan,nan,nan,nan,nan
8.830000,nan,nan,nan,nan,nan,nan,nan,nan,nan,nan,nan,nan,nan,0.001000,nan,1.570796,0.350000,0.350000,0.350000,1.000000,nan,nan,nan,nan,nan,nan
8.840000,nan,nan,nan,nan,nan,nan,nan,nan,nan,nan,nan,nan,nan,0.001000,nan,1.570796,0.350000,0.350000,0.350000,1.000000,nan,nan,nan,nan,nan,nan
8.850000,nan,nan,nan,nan,nan,nan,nan,nan,nan,nan,nan,nan,nan,0.001000,nan,1.570796,0.350000,0.350000,0.350000,1.000000,nan,nan,nan,nan,nan,nan
8.860000,nan,nan,nan,nan,nan,nan,nan,nan,nan,nan,nan,nan,nan,0.001000,nan,1.570796,0.350000,0.350000,0.350000,1.000000,nan,nan,nan,nan,nan,nan
8.870000,nan,nan,nan,nan,nan,nan,nan,nan,nan,nan,nan,nan,nan,0.001000,nan,1.570796,0.350000,0.350000,0.350000,1.000000,nan,nan,nan,nan,nan,nan
8.880000,nan,nan,nan,nan,nan,nan,nan,nan,nan,nan,nan,nan,nan,0.001000,nan,1.570796,0.350000,0.350000,0.350000,1.000000,nan,nan,nan,nan,nan,nan
8.890000,nan,nan,nan,nan,nan,nan,nan,nan,nan,nan,nan,nan,nan,0.001000,nan,1.570796,0.350000,0.350000,0.350000,1.000000,nan,nan,nan,nan,nan,nan
8.900000,nan,nan,nan,nan,nan,nan,nan,nan,nan,nan,nan,nan,nan,0.001000,nan,1.570796,0.350000,0.350000,0.350000,1.000000,nan,nan,nan,nan,nan,nan
8.910000,nan,nan,nan,nan,nan,nan,nan,nan,nan,nan,nan,nan,nan,0.001000,nan,1.570796,0.350000,0.350000,0.350000,1.000000,nan,nan,nan,nan,nan,nan
8.920000,nan,nan,nan,nan,nan,nan,nan,nan,nan,nan,nan,nan,nan,0.001000,nan,1.570796,0.350000,0.350000,0.350000,1.000000,nan,nan,nan,nan,nan,nan
8.930000,nan,nan,nan,nan,nan,nan,nan,nan,nan,nan,nan,nan,nan,0.001000,nan,1.570796,0.350000,0.350000,0.350000,1.000000,nan,nan,nan,nan,nan,nan
8.940000,nan,nan,nan,nan,nan,nan,nan,nan,nan,nan,nan,nan,nan,0.001000,nan,1.570796,0.350000,0.350000,0.350000,1.000000,nan,nan,nan,nan,nan,nan
8.950000,nan,nan,nan,nan,nan,nan,nan,nan,nan,nan,nan,nan,nan,0.001000,nan,1.570796,0.350000,0.350000,0.350000,1.000000,nan,nan,nan,nan,nan,nan
8.960000,nan,nan,nan,nan,nan,nan,nan,nan,nan,nan,nan,nan,nan,0.001000,nan,1.570796,0.350000,0.350000,0.350000,1.000000,nan,nan,nan,nan,nan,nan
8.970000,nan,nan,nan,nan,nan,nan,nan,nan,nan,nan,nan,nan,nan,0.001000,nan,1.570796,0.350000,0.350000,0.350000,1.000000,nan,nan,nan,nan,nan,nan
8.980000,nan,nan,nan,nan,nan,nan,nan,nan,nan,nan,nan,nan,nan,0.001000,nan,1.570796,0.350000,0.350000,0.350000,1.000000,nan,nan,nan,nan,nan,nan
8.990000,nan,nan,nan,nan,nan,nan,nan,nan,nan,nan,nan,nan,nan,0.001000,nan,1.570796,0.350000,0.350000,0.350000,1.000000,nan,nan,nan,nan,nan,nan
9.000000,nan,nan,nan,nan,nan,nan,nan,nan,nan,nan,nan,nan,nan,0.001000,nan,1.570796,0.350000,0.350000,0.350000,1.000000,nan,nan,nan,nan,nan,nan
9.010000,nan,nan,nan,nan,nan,nan,nan,nan,nan,nan,nan,nan,nan,0.001000,nan,1.570796,0.350000,0.350000,0.350000,1.000000,nan,nan,nan,nan,nan,nan
9.020000,nan,nan,nan,nan,nan,nan,nan,nan,nan,nan,nan,nan,nan,0.001000,nan,1.570796,0.350000,0.350000,0.350000,1.000000,nan,nan,nan,nan,nan,nan
9.030000,nan,nan,nan,nan,nan,nan,nan,nan,nan,nan,nan,nan,nan,0.001000,nan,1.570796,0.350000,0.350000,0.350000,1.000000,nan,nan,nan,nan,nan,nan
9.040000,nan,nan,nan,nan,nan,nan,nan,nan,nan,nan,nan,nan,nan,0.001000,nan,1.570796,0.350000,0.350000,0.350000,1.000000,nan,nan,nan,nan,nan,nan
9.050000,nan,nan,nan,nan,nan,nan,nan,nan,nan,nan,nan,nan,nan,0.001000,nan,1.570796,0.350000,0.350000,0.350000,1.000000,nan,nan,nan,nan,nan,nan
9.060000,nan,nan,nan,nan,nan,nan,nan,nan,nan,nan,nan,nan,nan,0.001000,nan,1.570796,0.350000,0.350000,0.350000,1.000000,nan,nan,nan,nan,nan,nan
9.070000,nan,nan,nan,nan,nan,nan,nan,nan,nan,nan,nan,nan,nan,0.001000,nan,1.570796,0.350000,0.350000,0.350000,1.000000,nan,nan,nan,nan,nan,nan
9.080000,nan,nan,nan,nan,nan,nan,nan,nan,nan,nan,nan,nan,nan,0.001000,nan,1.570796,0.350000,0.350000,0.350000,1.000000,nan,nan,nan,nan,nan,nan
9.090000,nan,nan,nan,nan,nan,nan,nan,nan,nan,nan,nan,nan,nan,0.001000,nan,1.570796,0.350000,0.350000,0.350000,1.000000,nan,nan,nan,nan,nan,nan
9.100000,nan,nan,nan,nan,nan,nan,nan,nan,nan,nan,nan,nan,nan,0.001000,nan,1.570796,0.350000,0.350000,0.350000,1.000000,nan,nan,nan,nan,nan,nan
9.110000,nan,nan,nan,nan,nan,nan,nan,nan,nan,nan,nan,nan,nan,0.001000,nan,1.570796,0.350000,0.350000,0.350000,1.000000,nan,nan,nan,nan,nan,nan
9.120000,nan,nan,nan,nan,nan,nan,nan,nan,nan,nan,nan,nan,nan,0.001000,nan,1.570796,0.350000,0.350000,0.350000,1.000000,nan,nan,nan,nan,nan,nan
9.130000,nan,nan,nan,nan,nan,nan,nan,nan,nan,nan,nan,nan,nan,0.001000,nan,1.570796,0.350000,0.350000,0.350000,1.000000,nan,nan,nan,nan,nan,nan
9.140000,nan,nan,nan,nan,nan,nan,nan,nan,nan,nan,nan,nan,nan,0.001000,nan,1.570796,0.350000,0.350000,0.350000,1.000000,nan,nan,nan,nan,nan,nan
9.150000,nan,nan,nan,nan,nan,nan,nan,nan,nan,nan,nan,nan,nan,0.001000,nan,1.570796,0.350000,0.350000,0.350000,1.000000,nan,nan,nan,nan,nan,nan
9.160000,nan,nan,nan,nan,nan,nan,nan,nan,nan,nan,nan,nan,nan,0.001000,nan,1.570796,0.350000,0.350000,0.350000,1.000000,nan,nan,nan,nan,nan,nan
9.170000,nan,nan,nan,nan,nan,nan,nan,nan,nan,nan,nan,nan,nan,0.001000,nan,1.570796,0.350000,0.350000,0.350000,1.000000,nan,nan,nan,nan,nan,nan
9.180000,nan,nan,nan,nan,nan,nan,nan,nan,nan,nan,nan,nan,nan,0.001000,nan,1.570796,0.350000,0.350000,0.350000,1.000000,nan,nan,nan,nan,nan,nan
9.190000,nan,nan,nan,nan,nan,nan,nan,nan,nan,nan,nan,nan,nan,0.001000,nan,1.570796,0.350000,0.350000,0.350000,1.000000,nan,nan,nan,nan,nan,nan
9.200000,nan,nan,nan,nan,nan,nan,nan,nan,nan,nan,nan,nan,nan,0.001000,nan,1.570796,0.350000,0.350000,0.350000,1.000000,nan,nan,nan,nan,nan,nan
9.210000,nan,nan,nan,nan,nan,nan,nan,nan,nan,nan,nan,nan,nan,0.001000,nan,1.570796,0.350000,0.350000,0.350000,1.000000,nan,nan,nan,nan,nan,nan
9.220000,nan,nan,nan,nan,nan,nan,nan,nan,nan,nan,nan,nan,nan,0.001000,nan,1.570796,0.350000,0.350000,0.350000,1.000000,nan,nan,nan,nan,nan,nan
9.230000,nan,nan,nan,nan,nan,nan,nan,nan,nan,nan,nan,nan,nan,0.001000,nan,1.570796,0.350000,0.350000,0.350000,1.000000,nan,nan,nan,nan,nan,nan
9.240000,nan,nan,nan,nan,nan,nan,nan,nan,nan,nan,nan,nan,nan,0.001000,nan,1.570796,0.350000,0.350000,0.350000,1.000000,nan,nan,nan,nan,nan,nan
9.250000,nan,nan,nan,nan,nan,nan,nan,nan,nan,nan,nan,nan,nan,0.001000,nan,1.570796,0.350000,0.350000,0.350000,1.000000,nan,nan,nan,nan,nan,nan
9.260000,nan,nan,nan,nan,nan,nan,nan,nan,nan,nan,nan,nan,nan,0.001000,nan,1.570796,0.350000,0.350000,0.350000,1.000000,nan,nan,nan,nan,nan,nan
9.270000,nan,nan,nan,nan,nan,nan,nan,nan,nan,nan,nan,nan,nan,0.001000,nan,1.570796,0.350000,0.350000,0.350000,1.000000,nan,nan,nan,nan,nan,nan
9.280000,nan,nan,nan,nan,nan,nan,nan,nan,nan,nan,nan,nan,nan,0.001000,nan,1.570796,0.350000,0.350000,0.350000,1.000000,nan,nan,nan,nan,nan,nan
9.290000,nan,nan,nan,nan,nan,nan,nan,nan,nan,nan,nan,nan,nan,0.001000,nan,1.570796,0.350000,0.350000,0.350000,1.000000,nan,nan,nan,nan,nan,nan
9.300000,nan,nan,nan,nan,nan,nan,nan,nan,nan,nan,nan,nan,nan,0.001000,nan,1.570796,0.350000,0.350000,0.350000,1.000000,nan,nan,nan,nan,nan,nan
9.310000,nan,nan,nan,nan,nan,nan,nan,nan,nan,nan,nan,nan,nan,0.001000,nan,1.570796,0.350000,0.350000,0.350000,1.000000,nan,nan,nan,nan,nan,nan
9.320000,nan,nan,nan,nan,nan,nan,nan,nan,nan,nan,nan,nan,nan,0.001000,nan,1.570796,0.350000,0.350000,0.350000,1.000000,nan,nan,nan,nan,nan,nan
9.330000,nan,nan,nan,nan,nan,nan,nan,nan,nan,nan,nan,nan,nan,0.001000,nan,1.570796,0.350000,0.350000,0.350000,1.000000,nan,nan,nan,nan,nan,nan
9.340000,nan,nan,nan,nan,nan,nan,nan,nan,nan,nan,nan,nan,nan,0.001000,nan,1.570796,0.350000,0.350000,0.350000,1.000000,nan,nan,nan,nan,nan,nan
9.350000,nan,nan,nan,nan,nan,nan,nan,nan,nan,nan,nan,nan,nan,0.001000,nan,1.570796,0.350000,0.350000,0.350000,1.000000,nan,nan,nan,nan,nan,nan
9.360000,nan,nan,nan,nan,nan,nan,nan,nan,nan,nan,nan,nan,nan,0.001000,nan,1.570796,0.350000,0.350000,0.350000,1.000000,nan,nan,nan,nan,nan,nan
9.370000,nan,nan,nan,nan,nan,nan,nan,nan,nan,nan,nan,nan,nan,0.001000,nan,1.570796,0.350000,0.350000,0.350000,1.000000,nan,nan,nan,nan,nan,nan
9.380000,nan,nan,nan,nan,nan,nan,nan,nan,nan,nan,nan,nan,nan,0.001000,nan,1.570796,0.350000,0.350000,0.350000,1.000000,nan,nan,nan,nan,nan,nan
9.390000,nan,nan,nan,nan,nan,nan,nan,nan,nan,nan,nan,nan,nan,0.001000,nan,1.570796,0.350000,0.350000,0.350000,1.000000,nan,nan,nan,nan,nan,nan
9.400000,nan,nan,nan,nan,nan,nan,nan,nan,nan,nan,nan,nan,nan,0.001000,nan,1.570796,0.350000,0.350000,0.350000,1.000000,nan,nan,nan,nan,nan,nan
9.410000,nan,nan,nan,nan,nan,nan,nan,nan,nan,nan,nan,nan,nan,0.001000,nan,1.570796,0.350000,0.350000,0.350000,1.000000,nan,nan,nan,nan,nan,nan
9.420000,nan,nan,nan,nan,nan,nan,nan,nan,nan,nan,nan,nan,nan,0.001000,nan,1.570796,0.350000,0.350000,0.350000,1.000000,nan,nan,nan,nan,nan,nan
9.430000,nan,nan,nan,nan,nan,nan,nan,nan,nan,nan,nan,nan,nan,0.001000,nan,1.570796,0.350000,0.350000,0.350000,1.000000,nan,nan,nan,nan,nan,nan
9.440000,nan,nan,nan,nan,nan,nan,nan,nan,nan,nan,nan,nan,nan,0.001000,nan,1.570796,0.350000,0.350000,0.350000,1.000000,nan,nan,nan,nan,nan,nan
9.450000,nan,nan,nan,nan,nan,nan,nan,nan,nan,nan,nan,nan,nan,0.001000,nan,1.570796,0.350000,0.350000,0.350000,1.000000,nan,nan,nan,nan,nan,nan
9.460000,nan,nan,nan,nan,nan,nan,nan,nan,nan,nan,nan,nan,nan,0.001000,nan,1.570796,0.350000,0.350000,0.350000,1.000000,nan,nan,nan,nan,nan,nan
9.470000,nan,nan,nan,nan,nan,nan,nan,nan,nan,nan,nan,nan,nan,0.001000,nan,1.570796,0.350000,0.350000,0.350000,1.000000,nan,nan,nan,nan,nan,nan
9.480000,nan,nan,nan,nan,nan,nan,nan,nan,nan,nan,nan,nan,nan,0.001000,nan,1.570796,0.350000,0.350000,0.350000,1.000000,nan,nan,nan,nan,nan,nan
9.490000,nan,nan,nan,nan,nan,nan,nan,nan,nan,nan,nan,nan,nan,0.001000,nan,1.570796,0.350000,0.350000,0.350000,1.000000,nan,nan,nan,nan,nan,nan
9.500000,nan,nan,nan,nan,nan,nan,nan,nan,nan,nan,nan,nan,nan,0.001000,nan,1.570796,0.350000,0.350000,0.350000,1.000000,nan,nan,nan,nan,nan,nan
9.510000,nan,nan,nan,nan,nan,nan,nan,nan,nan,nan,nan,nan,nan,0.001000,nan,1.570796,0.350000,0.350000,0.350000,1.000000,nan,nan,nan,nan,nan,nan
9.520000,nan,nan,nan,nan,nan,nan,nan,nan,nan,nan,nan,nan,nan,0.001000,nan,1.570796,0.350000,0.350000,0.350000,1.000000,nan,nan,nan,nan,nan,nan
9.530000,nan,nan,nan,nan,nan,nan,nan,nan,nan,nan,nan,nan,nan,0.001000,nan,1.570796,0.350000,0.350000,0.350000,1.000000,nan,nan,nan,nan,nan,nan
9.540000,nan,nan,nan,nan,nan,nan,nan,nan,nan,nan,nan,nan,nan,0.001000,nan,1.570796,0.350000,0.350000,0.350000,1.000000,nan,nan,nan,nan,nan,nan
9.550000,nan,nan,nan,nan,nan,nan,nan,nan,nan,nan,nan,nan,nan,0.001000,nan,1.570796,0.350000,0.350000,0.350000,1.000000,nan,nan,nan,nan,nan,nan
9.560000,nan,nan,nan,nan,nan,nan,nan,nan,nan,nan,nan,nan,nan,0.001000,nan,1.570796,0.350000,0.350000,0.350000,1.000000,nan,nan,nan,nan,nan,nan
9.570000,nan,nan,nan,nan,nan,nan,nan,nan,nan,nan,nan,nan,nan,0.001000,nan,1.570796,0.350000,0.350000,0.350000,1.000000,nan,nan,nan,nan,nan,nan
9.580000,nan,nan,nan,nan,nan,nan,nan,nan,nan,nan,nan,nan,nan,0.001000,nan,1.570796,0.350000,0.350000,0.350000,1.000000,nan,nan,nan,nan,nan,nan
9.590000,nan,nan,nan,nan,nan,nan,nan,nan,nan,nan,nan,nan,nan,0.001000,nan,1.570796,0.350000,0.350000,0.350000,1.000000,nan,nan,nan,nan,nan,nan
9.600000,nan,nan,nan,nan,nan,nan,nan,nan,nan,nan,nan,nan,nan,0.001000,nan,1.570796,0.350000,0.350000,0.350000,1.000000,nan,nan,nan,nan,nan,nan
9.610000,nan,nan,nan,nan,nan,nan,nan,nan,nan,nan,nan,nan,nan,0.001000,nan,1.570796,0.350000,0.350000,0.350000,1.000000,nan,nan,nan,nan,nan,nan
9.620000,nan,nan,nan,nan,nan,nan,nan,nan,nan,nan,nan,nan,nan,0.001000,nan,1.570796,0.350000,0.350000,0.350000,1.000000,nan,nan,nan,nan,nan,nan
9.630000,nan,nan,nan,nan,nan,nan,nan,nan,nan,nan,nan,nan,nan,0.001000,nan,1.570796,0.350000,0.350000,0.350000,1.000000,nan,nan,nan,nan,nan,nan
9.640000,nan,nan,nan,nan,nan,nan,nan,nan,nan,nan,nan,nan,nan,0.001000,nan,1.570796,0.350000,0.350000,0.350000,1.000000,nan,nan,nan,nan,nan,nan
9.650000,nan,nan,nan,nan,nan,nan,nan,nan,nan,nan,nan,nan,nan,0.001000,nan,1.570796,0.350000,0.350000,0.350000,1.000000,nan,nan,nan,nan,nan,nan
9.660000,nan,nan,nan,nan,nan,nan,nan,nan,nan,nan,nan,nan,nan,0.001000,nan,1.570796,0.350000,0.350000,0.350000,1.000000,nan,nan,nan,nan,nan,nan
9.670000,nan,nan,nan,nan,nan,nan,nan,nan,nan,nan,nan,nan,nan,0.001000,nan,1.570796,0.350000,0.350000,0.350000,1.000000,nan,nan,nan,nan,nan,nan
9.680000,nan,nan,nan,nan,nan,nan,nan,nan,nan,nan,nan,nan,nan,0.001000,nan,1.570796,0.350000,0.350000,0.350000,1.000000,nan,nan,nan,nan,nan,nan
9.690000,nan,nan,nan,nan,nan,nan,nan,nan,nan,nan,nan,nan,nan,0.001000,nan,1.570796,0.350000,0.350000,0.350000,1.000000,nan,nan,nan,nan,nan,nan
9.700000,nan,nan,nan,nan,nan,nan,nan,nan,nan,nan,nan,nan,nan,0.001000,nan,1.570796,0.350000,0.350000,0.350000,1.000000,nan,nan,nan,nan,nan,nan
9.710000,nan,nan,nan,nan,nan,nan,nan,nan,nan,nan,nan,nan,nan,0.001000,nan,1.570796,0.350000,0.350000,0.350000,1.000000,nan,nan,nan,nan,nan,nan
9.720000,nan,nan,nan,nan,nan,nan,nan,nan,nan,nan,nan,nan,nan,0.001000,nan,1.570796,0.350000,0.350000,0.350000,1.000000,nan,nan,nan,nan,nan,nan
9.730000,nan,nan,nan,nan,nan,nan,nan,nan,nan,nan,nan,nan,nan,0.001000,nan,1.570796,0.350000,0.350000,0.350000,1.000000,nan,nan,nan,nan,nan,nan
9.740000,nan,nan,nan,nan,nan,nan,nan,nan,nan,nan,nan,nan,nan,0.001000,nan,1.570796,0.350000,0.350000,0.350000,1.000000,nan,nan,nan,nan,nan,nan
9.750000,nan,nan,nan,nan,nan,nan,nan,nan,nan,nan,nan,nan,nan,0.001000,nan,1.570796,0.350000,0.350000,0.350000,1.000000,nan,nan,nan,nan,nan,nan
9.760000,nan,nan,nan,nan,nan,nan,nan,nan,nan,nan,nan,nan,nan,0.001000,nan,1.570796,0.350000,0.350000,0.350000,1.000000,nan,nan,nan,nan,nan,nan
9.770000,nan,nan,nan,nan,nan,nan,nan,nan,nan,nan,nan,nan,nan,0.001000,nan,1.570796,0.350000,0.350000,0.350000,1.000000,nan,nan,nan,nan,nan,nan
9.780000,nan,nan,nan,nan,nan,nan,nan,nan,nan,nan,nan,nan,nan,0.001000,nan,1.570796,0.350000,0.350000,0.350000,1.000000,nan,nan,nan,nan,nan,nan
9.790000,nan,nan,nan,nan,nan,nan,nan,nan,nan,nan,nan,nan,nan,0.001000,nan,1.570796,0.350000,0.350000,0.350000,1.000000,nan,nan,nan,nan,nan,nan
9.800000,nan,nan,nan,nan,nan,nan,nan,nan,nan,nan,nan,nan,nan,0.001000,nan,1.570796,0.350000,0.350000,0.350000,1.000000,nan,nan,nan,nan,nan,nan
9.810000,nan,nan,nan,nan,nan,nan,nan,nan,nan,nan,nan,nan,nan,0.001000,nan,1.570796,0.350000,0.350000,0.350000,1.000000,nan,nan,nan,nan,nan,nan
9.820000,nan,nan,nan,nan,nan,nan,nan,nan,nan,nan,nan,nan,nan,0.001000,nan,1.570796,0.350000,0.350000,0.350000,1.000000,nan,nan,nan,nan,nan,nan
9.830000,nan,nan,nan,nan,nan,nan,nan,nan,nan,nan,nan,nan,nan,0.001000,nan,1.570796,0.350000,0.350000,0.350000,1.000000,nan,nan,nan,nan,nan,nan
9.840000,nan,nan,nan,nan,nan,nan,nan,nan,nan,nan,nan,nan,nan,0.001000,nan,1.570796,0.350000,0.350000,0.350000,1.000000,nan,nan,nan,nan,nan,nan
9.850000,nan,nan,nan,nan,nan,nan,nan,nan,nan,nan,nan,nan,nan,0.001000,nan,1.570796,0.350000,0.350000,0.350000,1.000000,nan,nan,nan,nan,nan,nan
9.860000,nan,nan,nan,nan,nan,nan,nan,nan,nan,nan,nan,nan,nan,0.001000,nan,1.570796,0.350000,0.350000,0.350000,1.000000,nan,nan,nan,nan,nan,nan
9.870000,nan,nan,nan,nan,nan,nan,nan,nan,nan,nan,nan,nan,nan,0.001000,nan,1.570796,0.350000,0.350000,0.350000,1.000000,nan,nan,nan,nan,nan,nan
9.880000,nan,nan,nan,nan,nan,nan,nan,nan,nan,nan,nan,nan,nan,0.001000,nan,1.570796,0.350000,0.350000,0.350000,1.000000,nan,nan,nan,nan,nan,nan
9.890000,nan,nan,nan,nan,nan,nan,nan,nan,nan,nan,nan,nan,nan,0.001000,nan,1.570796,0.350000,0.350000,0.350000,1.000000,nan,nan,nan,nan,nan,nan
9.900000,nan,nan,nan,nan,nan,nan,nan,nan,nan,nan,nan,nan,nan,0.001000,nan,1.570796,0.350000,0.350000,0.350000,1.000000,nan,nan,nan,nan,nan,nan
9.910000,nan,nan,nan,nan,nan,nan,nan,nan,nan,nan,nan,nan,nan,0.001000,nan,1.570796,0.350000,0.350000,0.350000,1.000000,nan,nan,nan,nan,nan,nan
9.920000,nan,nan,nan,nan,nan,nan,nan,nan,nan,nan,nan,nan,nan,0.001000,nan,1.570796,0.350000,0.350000,0.350000,1.000000,nan,nan,nan,nan,nan,nan
9.930000,nan,nan,nan,nan,nan,nan,nan,nan,nan,nan,nan,nan,nan,0.001000,nan,1.570796,0.350000,0.350000,0.350000,1.000000,nan,nan,nan,nan,nan,nan
9.940000,nan,nan,nan,nan,nan,nan,nan,nan,nan,nan,nan,nan,nan,0.001000,nan,1.570796,0.350000,0.350000,0.350000,1.000000,nan,nan,nan,nan,nan,nan
9.950000,nan,nan,nan,nan,nan,nan,nan,nan,nan,nan,nan,nan,nan,0.001000,nan,1.570796,0.350000,0.350000,0.350000,1.000000,nan,nan,nan,nan,nan,nan
9.960000,nan,nan,nan,nan,nan,nan,nan,nan,nan,nan,nan,nan,nan,0.001000,nan,1.570796,0.350000,0.350000,0.350000,1.000000,nan,nan,nan,nan,nan,nan
9.970000,nan,nan,nan,nan,nan,nan,nan,nan,nan,nan,nan,nan,nan,0.001000,nan,1.570796,0.350000,0.350000,0.350000,1.000000,nan,nan,nan,nan,nan,nan
9.980000,nan,nan,nan,nan,nan,nan,nan,nan,nan,nan,nan,nan,nan,0.001000,nan,1.570796,0.350000,0.350000,0.350000,1.000000,nan,nan,nan,nan,nan,nan
9.990000,nan,nan,nan,nan,nan,nan,nan,nan,nan,nan,nan,nan,nan,0.001000,nan,1.570796,0.350000,0.350000,0.350000,1.000000,nan,nan,nan,nan,nan,nan
10.000000,nan,nan,nan,nan,nan,nan,nan,nan,nan,nan,nan,nan,nan,0.001000,nan,1.570796,0.350000,0.350000,0.350000,1.000000,nan,nan,nan,nan,nan,nan
10.010000,nan,nan,nan,nan,nan,nan,nan,nan,nan,nan,nan,nan,nan,0.001000,nan,1.570796,0.350000,0.350000,0.350000,1.000000,nan,nan,nan,nan,nan,nan
10.020000,nan,nan,nan,nan,nan,nan,nan,nan,nan,nan,nan,nan,nan,0.001000,nan,1.570796,0.350000,0.350000,0.350000,1.000000,nan,nan,nan,nan,nan,nan
10.030000,nan,nan,nan,nan,nan,nan,nan,nan,nan,nan,nan,nan,nan,0.001000,nan,1.570796,0.350000,0.350000,0.350000,1.000000,nan,nan,nan,nan,nan,nan
10.040000,nan,nan,nan,nan,nan,nan,nan,nan,nan,nan,nan,nan,nan,0.001000,nan,1.570796,0.350000,0.350000,0.350000,1.000000,nan,nan,nan,nan,nan,nan
10.050000,nan,nan,nan,nan,nan,nan,nan,nan,nan,nan,nan,nan,nan,0.001000,nan,1.570796,0.350000,0.350000,0.350000,1.000000,nan,nan,nan,nan,nan,nan
10.060000,nan,nan,nan,nan,nan,nan,nan,nan,nan,nan,nan,nan,nan,0.001000,nan,1.570796,0.350000,0.350000,0.350000,1.000000,nan,nan,nan,nan,nan,nan
10.070000,nan,nan,nan,nan,nan,nan,nan,nan,nan,nan,nan,nan,nan,0.001000,nan,1.570796,0.350000,0.350000,0.350000,1.000000,nan,nan,nan,nan,nan,nan
10.080000,nan,nan,nan,nan,nan,nan,nan,nan,nan,nan,nan,nan,nan,0.001000,nan,1.570796,0.350000,0.350000,0.350000,1.000000,nan,nan,nan,nan,nan,nan
10.090000,nan,nan,nan,nan,nan,nan,nan,nan,nan,nan,nan,nan,nan,0.001000,nan,1.570796,0.350000,0.350000,0.350000,1.000000,nan,nan,nan,nan,nan,nan
10.100000,nan,nan,nan,nan,nan,nan,nan,nan,nan,nan,nan,nan,nan,0.001000,nan,1.570796,0.350000,0.350000,0.350000,1.000000,nan,nan,nan,nan,nan,nan
10.110000,nan,nan,nan,nan,nan,nan,nan,nan,nan,nan,nan,nan,nan,0.001000,nan,1.570796,0.350000,0.350000,0.350000,1.000000,nan,nan,nan,nan,nan,nan
10.120000,nan,nan,nan,nan,nan,nan,nan,nan,nan,nan,nan,nan,nan,0.001000,nan,1.570796,0.350000,0.350000,0.350000,1.000000,nan,nan,nan,nan,nan,nan
10.130000,nan,nan,nan,nan,nan,nan,nan,nan,nan,nan,nan,nan,nan,0.001000,nan,1.570796,0.350000,0.350000,0.350000,1.000000,nan,nan,nan,nan,nan,nan
10.140000,nan,nan,nan,nan,nan,nan,nan,nan,nan,nan,nan,nan,nan,0.001000,nan,1.570796,0.350000,0.350000,0.350000,1.000000,nan,nan,nan,nan,nan,nan
10.150000,nan,nan,nan,nan,nan,nan,nan,nan,nan,nan,nan,nan,nan,0.001000,nan,1.570796,0.350000,0.350000,0.350000,1.000000,nan,nan,nan,nan,nan,nan
10.160000,nan,nan,nan,nan,nan,nan,nan,nan,nan,nan,nan,nan,nan,0.001000,nan,1.570796,0.350000,0.350000,0.350000,1.000000,nan,nan,nan,nan,nan,nan
10.170000,nan,nan,nan,nan,nan,nan,nan,nan,nan,nan,nan,nan,nan,0.001000,nan,1.570796,0.350000,0.350000,0.350000,1.000000,nan,nan,nan,nan,nan,nan
10.180000,nan,nan,nan,nan,nan,nan,nan,nan,nan,nan,nan,nan,nan,0.001000,nan,1.570796,0.350000,0.350000,0.350000,1.000000,nan,nan,nan,nan,nan,nan
10.190000,nan,nan,nan,nan,nan,nan,nan,nan,nan,nan,nan,nan,nan,0.001000,nan,1.570796,0.350000,0.350000,0.350000,1.000000,nan,nan,nan,nan,nan,nan
10.200000,nan,nan,nan,nan,nan,nan,nan,nan,nan,nan,nan,nan,nan,0.001000,nan,1.570796,0.350000,0.350000,0.350000,1.000000,nan,nan,nan,nan,nan,nan
10.210000,nan,nan,nan,nan,nan,nan,nan,nan,nan,nan,nan,nan,nan,0.001000,nan,1.570796,0.350000,0.350000,0.350000,1.000000,nan,nan,nan,nan,nan,nan
10.220000,nan,nan,nan,nan,nan,nan,nan,nan,nan,nan,nan,nan,nan,0.001000,nan,1.570796,0.350000,0.350000,0.350000,1.000000,nan,nan,nan,nan,nan,nan
10.230000,nan,nan,nan,nan,nan,nan,nan,nan,nan,nan,nan,nan,nan,0.001000,nan,1.570796,0.350000,0.350000,0.350000,1.000000,nan,nan,nan,nan,nan,nan
10.240000,nan,nan,nan,nan,nan,nan,nan,nan,nan,nan,nan,nan,nan,0.001000,nan,1.570796,0.350000,0.350000,0.350000,1.000000,nan,nan,nan,nan,nan,nan
10.250000,nan,nan,nan,nan,nan,nan,nan,nan,nan,nan,nan,nan,nan,0.001000,nan,1.570796,0.350000,0.350000,0.350000,1.000000,nan,nan,nan,nan,nan,nan
10.260000,nan,nan,nan,nan,nan,nan,nan,nan,nan,nan,nan,nan,nan,0.001000,nan,1.570796,0.350000,0.350000,0.350000,1.000000,nan,nan,nan,nan,nan,nan
10.270000,nan,nan,nan,nan,nan,nan,nan,nan,nan,nan,nan,nan,nan,0.001000,nan,1.570796,0.350000,0.350000,0.350000,1.000000,nan,nan,nan,nan,nan,nan
10.280000,nan,nan,nan,nan,nan,nan,nan,nan,nan,nan,nan,nan,nan,0.001000,nan,1.570796,0.350000,0.350000,0.350000,1.000000,nan,nan,nan,nan,nan,nan
10.290000,nan,nan,nan,nan,nan,nan,nan,nan,nan,nan,nan,nan,nan,0.001000,nan,1.570796,0.350000,0.350000,0.350000,1.000000,nan,nan,nan,nan,nan,nan
10.300000,nan,nan,nan,nan,nan,nan,nan,nan,nan,nan,nan,nan,nan,0.001000,nan,1.570796,0.350000,0.350000,0.350000,1.000000,nan,nan,nan,nan,nan,nan
10.310000,nan,nan,nan,nan,nan,nan,nan,nan,nan,nan,nan,nan,nan,0.001000,nan,1.570796,0.350000,0.350000,0.350000,1.000000,nan,nan,nan,nan,nan,nan
10.320000,nan,nan,nan,nan,nan,nan,nan,nan,nan,nan,nan,nan,nan,0.001000,nan,1.570796,0.350000,0.350000,0.350000,1.000000,nan,nan,nan,nan,nan,nan
10.330000,nan,nan,nan,nan,nan,nan,nan,nan,nan,nan,nan,nan,nan,0.001000,nan,1.570796,0.350000,0.350000,0.350000,1.000000,nan,nan,nan,nan,nan,nan
10.340000,nan,nan,nan,nan,nan,nan,nan,nan,nan,nan,nan,nan,nan,0.001000,nan,1.570796,0.350000,0.350000,0.350000,1.000000,nan,nan,nan,nan,nan,nan
10.350000,nan,nan,nan,nan,nan,nan,nan,nan,nan,nan,nan,nan,nan,0.001000,nan,1.570796,0.350000,0.350000,0.350000,1.000000,nan,nan,nan,nan,nan,nan
10.360000,nan,nan,nan,nan,nan,nan,nan,nan,nan,nan,nan,nan,nan,0.001000,nan,1.570796,0.350000,0.350000,0.350000,1.000000,nan,nan,nan,nan,nan,nan
10.370000,nan,nan,nan,nan,nan,nan,nan,nan,nan,nan,nan,nan,nan,0.001000,nan,1.570796,0.350000,0.350000,0.350000,1.000000,nan,nan,nan,nan,nan,nan
10.380000,nan,nan,nan,nan,nan,nan,nan,nan,nan,nan,nan,nan,nan,0.001000,nan,1.570796,0.350000,0.350000,0.350000,1.000000,nan,nan,nan,nan,nan,nan
10.390000,nan,nan,nan,nan,nan,nan,nan,nan,nan,nan,nan,nan,nan,0.001000,nan,1.570796,0.350000,0.350000,0.350000,1.000000,nan,nan,nan,nan,nan,nan
10.400000,nan,nan,nan,nan,nan,nan,nan,nan,nan,nan,nan,nan,nan,0.001000,nan,1.570796,0.350000,0.350000,0.350000,1.000000,nan,nan,nan,nan,nan,nan
10.410000,nan,nan,nan,nan,nan,nan,nan,nan,nan,nan,nan,nan,nan,0.001000,nan,1.570796,0.350000,0.350000,0.350000,1.000000,nan,nan,nan,nan,nan,nan
10.420000,nan,nan,nan,nan,nan,nan,nan,nan,nan,nan,nan,nan,nan,0.001000,nan,1.570796,0.350000,0.350000,0.350000,1.000000,nan,nan,nan,nan,nan,nan
10.430000,nan,nan,nan,nan,nan,nan,nan,nan,nan,nan,nan,nan,nan,0.001000,nan,1.570796,0.350000,0.350000,0.350000,1.000000,nan,nan,nan,nan,nan,nan
10.440000,nan,nan,nan,nan,nan,nan,nan,nan,nan,nan,nan,nan,nan,0.001000,nan,1.570796,0.350000,0.350000,0.350000,1.000000,nan,nan,nan,nan,nan,nan
10.450000,nan,nan,nan,nan,nan,nan,nan,nan,nan,nan,nan,nan,nan,0.001000,nan,1.570796,0.350000,0.350000,0.350000,1.000000,nan,nan,nan,nan,nan,nan
10.460000,nan,nan,nan,nan,nan,nan,nan,nan,nan,nan,nan,nan,nan,0.001000,nan,1.570796,0.350000,0.350000,0.350000,1.000000,nan,nan,nan,nan,nan,nan
10.470000,nan,nan,nan,nan,nan,nan,nan,nan,nan,nan,nan,nan,nan,0.001000,nan,1.570796,0.350000,0.350000,0.350000,1.000000,nan,nan,nan,nan,nan,nan
10.480000,nan,nan,nan,nan,nan,nan,nan,nan,nan,nan,nan,nan,nan,0.001000,nan,1.570796,0.350000,0.350000,0.350000,1.000000,nan,nan,nan,nan,nan,nan
10.490000,nan,nan,nan,nan,nan,nan,nan,nan,nan,nan,nan,nan,nan,0.001000,nan,1.570796,0.350000,0.350000,0.350000,1.000000,nan,nan,nan,nan,nan,nan
10.500000,nan,nan,nan,nan,nan,nan,nan,nan,nan,nan,nan,nan,nan,0.001000,nan,1.570796,0.350000,0.350000,0.350000,1.000000,nan,nan,nan,nan,nan,nan
10.510000,nan,nan,nan,nan,nan,nan,nan,nan,nan,nan,nan,nan,nan,0.001000,nan,1.570796,0.350000,0.350000,0.350000,1.000000,nan,nan,nan,nan,nan,nan
10.520000,nan,nan,nan,nan,nan,nan,nan,nan,nan,nan,nan,nan,nan,0.001000,nan,1.570796,0.350000,0.350000,0.350000,1.000000,nan,nan,nan,nan,nan,nan
10.530000,nan,nan,nan,nan,nan,nan,nan,nan,nan,nan,nan,nan,nan,0.001000,nan,1.570796,0.350000,0.350000,0.350000,1.000000,nan,nan,nan,nan,nan,nan
10.540000,nan,nan,nan,nan,nan,nan,nan,nan,nan,nan,nan,nan,nan,0.001000,nan,1.570796,0.350000,0.350000,0.350000,1.000000,nan,nan,nan,nan,nan,nan
10.550000,nan,nan,nan,nan,nan,nan,nan,nan,nan,nan,nan,nan,nan,0.001000,nan,1.570796,0.350000,0.350000,0.350000,1.000000,nan,nan,nan,nan,nan,nan
10.560000,nan,nan,nan,nan,nan,nan,nan,nan,nan,nan,nan,nan,nan,0.001000,nan,1.570796,0.350000,0.350000,0.350000,1.000000,nan,nan,nan,nan,nan,nan
10.570000,nan,nan,nan,nan,nan,nan,nan,nan,nan,nan,nan,nan,nan,0.001000,nan,1.570796,0.350000,0.350000,0.350000,1.000000,nan,nan,nan,nan,nan,nan
10.580000,nan,nan,nan,nan,nan,nan,nan,nan,nan,nan,nan,nan,nan,0.001000,nan,1.570796,0.350000,0.350000,0.350000,1.000000,nan,nan,nan,nan,nan,nan
10.590000,nan,nan,nan,nan,nan,nan,nan,nan,nan,nan,nan,nan,nan,0.001000,nan,1.570796,0.350000,0.350000,0.350000,1.000000,nan,nan,nan,nan,nan,nan
10.600000,nan,nan,nan,nan,nan,nan,nan,nan,nan,nan,nan,nan,nan,0.001000,nan,1.570796,0.350000,0.350000,0.350000,1.000000,nan,nan,nan,nan,nan,nan
10.610000,nan,nan,nan,nan,nan,nan,nan,nan,nan,nan,nan,nan,nan,0.001000,nan,1.570796,0.350000,0.350000,0.350000,1.000000,nan,nan,nan,nan,nan,nan
10.620000,nan,nan,nan,nan,nan,nan,nan,nan,nan,nan,nan,nan,nan,0.001000,nan,1.570796,0.350000,0.350000,0.350000,1.000000,nan,nan,nan,nan,nan,nan
10.630000,nan,nan,nan,nan,nan,nan,nan,nan,nan,nan,nan,nan,nan,0.001000,nan,1.570796,0.350000,0.350000,0.350000,1.000000,nan,nan,nan,nan,nan,nan
10.640000,nan,nan,nan,nan,nan,nan,nan,nan,nan,nan,nan,nan,nan,0.001000,nan,1.570796,0.350000,0.350000,0.350000,1.000000,nan,nan,nan,nan,nan,nan
10.650000,nan,nan,nan,nan,nan,nan,nan,nan,nan,nan,nan,nan,nan,0.001000,nan,1.570796,0.350000,0.350000,0.350000,1.000000,nan,nan,nan,nan,nan,nan
10.660000,nan,nan,nan,nan,nan,nan,nan,nan,nan,nan,nan,nan,nan,0.001000,nan,1.570796,0.350000,0.350000,0.350000,1.000000,nan,nan,nan,nan,nan,nan
10.670000,nan,nan,nan,nan,nan,nan,nan,nan,nan,nan,nan,nan,nan,0.001000,nan,1.570796,0.350000,0.350000,0.350000,1.000000,nan,nan,nan,nan,nan,nan
10.680000,nan,nan,nan,nan,nan,nan,nan,nan,nan,nan,nan,nan,nan,0.001000,nan,1.570796,0.350000,0.350000,0.350000,1.000000,nan,nan,nan,nan,nan,nan
10.690000,nan,nan,nan,nan,nan,nan,nan,nan,nan,nan,nan,nan,nan,0.001000,nan,1.570796,0.350000,0.350000,0.350000,1.000000,nan,nan,nan,nan,nan,nan
10.700000,nan,nan,nan,nan,nan,nan,nan,nan,nan,nan,nan,nan,nan,0.001000,nan,1.570796,0.350000,0.350000,0.350000,1.000000,nan,nan,nan,nan,nan,nan
10.710000,nan,nan,nan,nan,nan,nan,nan,nan,nan,nan,nan,nan,nan,0.001000,nan,1.570796,0.350000,0.350000,0.350000,1.000000,nan,nan,nan,nan,nan,nan
10.720000,nan,nan,nan,nan,nan,nan,nan,nan,nan,nan,nan,nan,nan,0.001000,nan,1.570796,0.350000,0.350000,0.350000,1.000000,nan,nan,nan,nan,nan,nan
10.730000,nan,nan,nan,nan,nan,nan,nan,nan,nan,nan,nan,nan,nan,0.001000,nan,1.570796,0.350000,0.350000,0.350000,1.000000,nan,nan,nan,nan,nan,nan
10.740000,nan,nan,nan,nan,nan,nan,nan,nan,nan,nan,nan,nan,nan,0.001000,nan,1.570796,0.350000,0.350000,0.350000,1.000000,nan,nan,nan,nan,nan,nan
10.750000,nan,nan,nan,nan,nan,nan,nan,nan,nan,nan,nan,nan,nan,0.001000,nan,1.570796,0.350000,0.350000,0.350000,1.000000,nan,nan,nan,nan,nan,nan
10.760000,nan,nan,nan,nan,nan,nan,nan,nan,nan,nan,nan,nan,nan,0.001000,nan,1.570796,0.350000,0.350000,0.350000,1.000000,nan,nan,nan,nan,nan,nan
10.770000,nan,nan,nan,nan,nan,nan,nan,nan,nan,nan,nan,nan,nan,0.001000,nan,1.570796,0.350000,0.350000,0.350000,1.000000,nan,nan,nan,nan,nan,nan
10.780000,nan,nan,nan,nan,nan,nan,nan,nan,nan,nan,nan,nan,nan,0.001000,nan,1.570796,0.350000,0.350000,0.350000,1.000000,nan,nan,nan,nan,nan,nan
10.790000,nan,nan,nan,nan,nan,nan,nan,nan,nan,nan,nan,nan,nan,0.001000,nan,1.570796,0.350000,0.350000,0.350000,1.000000,nan,nan,nan,nan,nan,nan
10.800000,nan,nan,nan,nan,nan,nan,nan,nan,nan,nan,nan,nan,nan,0.001000,nan,1.570796,0.350000,0.350000,0.350000,1.000000,nan,nan,nan,nan,nan,nan
10.810000,nan,nan,nan,nan,nan,nan,nan,nan,nan,nan,nan,nan,nan,0.001000,nan,1.570796,0.350000,0.350000,0.350000,1.000000,nan,nan,nan,nan,nan,nan
10.820000,nan,nan,nan,nan,nan,nan,nan,nan,nan,nan,nan,nan,nan,0.001000,nan,1.570796,0.350000,0.350000,0.350000,1.000000,nan,nan,nan,nan,nan,nan
10.830000,nan,nan,nan,nan,nan,nan,nan,nan,nan,nan,nan,nan,nan,0.001000,nan,1.570796,0.350000,0.350000,0.350000,1.000000,nan,nan,nan,nan,nan,nan
10.840000,nan,nan,nan,nan,nan,nan,nan,nan,nan,nan,nan,nan,nan,0.001000,nan,1.570796,0.350000,0.350000,0.350000,1.000000,nan,nan,nan,nan,nan,nan
10.850000,nan,nan,nan,nan,nan,nan,nan,nan,nan,nan,nan,nan,nan,0.001000,nan,1.570796,0.350000,0.350000,0.350000,1.000000,nan,nan,nan,nan,nan,nan
10.860000,nan,nan,nan,nan,nan,nan,nan,nan,nan,nan,nan,nan,nan,0.001000,nan,1.570796,0.350000,0.350000,0.350000,1.000000,nan,nan,nan,nan,nan,nan
10.870000,nan,nan,nan,nan,nan,nan,nan,nan,nan,nan,nan,nan,nan,0.001000,nan,1.570796,0.350000,0.350000,0.350000,1.000000,nan,nan,nan,nan,nan,nan
10.880000,nan,nan,nan,nan,nan,nan,nan,nan,nan,nan,nan,nan,nan,0.001000,nan,1.570796,0.350000,0.350000,0.350000,1.000000,nan,nan,nan,nan,nan,nan
10.890000,nan,nan,nan,nan,nan,nan,nan,nan,nan,nan,nan,nan,nan,0.001000,nan,1.570796,0.350000,0.350000,0.350000,1.000000,nan,nan,nan,nan,nan,nan
10.900000,nan,nan,nan,nan,nan,nan,nan,nan,nan,nan,nan,nan,nan,0.001000,nan,1.570796,0.350000,0.350000,0.350000,1.000000,nan,nan,nan,nan,nan,nan
10.910000,nan,nan,nan,nan,nan,nan,nan,nan,nan,nan,nan,nan,nan,0.001000,nan,1.570796,0.350000,0.350000,0.350000,1.000000,nan,nan,nan,nan,nan,nan
10.920000,nan,nan,nan,nan,nan,nan,nan,nan,nan,nan,nan,nan,nan,0.001000,nan,1.570796,0.350000,0.350000,0.350000,1.000000,nan,nan,nan,nan,nan,nan
10.930000,nan,nan,nan,nan,nan,nan,nan,nan,nan,nan,nan,nan,nan,0.001000,nan,1.570796,0.350000,0.350000,0.350000,1.000000,nan,nan,nan,nan,nan,nan
10.940000,nan,nan,nan,nan,nan,nan,nan,nan,nan,nan,nan,nan,nan,0.001000,nan,1.570796,0.350000,0.350000,0.350000,1.000000,nan,nan,nan,nan,nan,nan
10.950000,nan,nan,nan,nan,nan,nan,nan,nan,nan,nan,nan,nan,nan,0.001000,nan,1.570796,0.350000,0.350000,0.350000,1.000000,nan,nan,nan,nan,nan,nan
10.960000,nan,nan,nan,nan,nan,nan,nan,nan,nan,nan,nan,nan,nan,0.001000,nan,1.570796,0.350000,0.350000,0.350000,1.000000,nan,nan,nan,nan,nan,nan
10.970000,nan,nan,nan,nan,nan,nan,nan,nan,nan,nan,nan,nan,nan,0.001000,nan,1.570796,0.350000,0.350000,0.350000,1.000000,nan,nan,nan,nan,nan,nan
10.980000,nan,nan,nan,nan,nan,nan,nan,nan,nan,nan,nan,nan,nan,0.001000,nan,1.570796,0.350000,0.350000,0.350000,1.000000,nan,nan,nan,nan,nan,nan
10.990000,nan,nan,nan,nan,nan,nan,nan,nan,nan,nan,nan,nan,nan,0.001000,nan,1.570796,0.350000,0.350000,0.350000,1.000000,nan,nan,nan,nan,nan,nan
11.000000,nan,nan,nan,nan,nan,nan,nan,nan,nan,nan,nan,nan,nan,0.001000,nan,1.570796,0.350000,0.350000,0.350000,1.000000,nan,nan,nan,nan,nan,nan
11.010000,nan,nan,nan,nan,nan,nan,nan,nan,nan,nan,nan,nan,nan,0.001000,nan,1.570796,0.350000,0.350000,0.350000,1.000000,nan,nan,nan,nan,nan,nan
11.020000,nan,nan,nan,nan,nan,nan,nan,nan,nan,nan,nan,nan,nan,0.001000,nan,1.570796,0.350000,0.350000,0.350000,1.000000,nan,nan,nan,nan,nan,nan
11.030000,nan,nan,nan,nan,nan,nan,nan,nan,nan,nan,nan,nan,nan,0.001000,nan,1.570796,0.350000,0.350000,0.350000,1.000000,nan,nan,nan,nan,nan,nan
11.040000,nan,nan,nan,nan,nan,nan,nan,nan,nan,nan,nan,nan,nan,0.001000,nan,1.570796,0.350000,0.350000,0.350000,1.000000,nan,nan,nan,nan,nan,nan
11.050000,nan,nan,nan,nan,nan,nan,nan,nan,nan,nan,nan,nan,nan,0.001000,nan,1.570796,0.350000,0.350000,0.350000,1.000000,nan,nan,nan,nan,nan,nan
11.060000,nan,nan,nan,nan,nan,nan,nan,nan,nan,nan,nan,nan,nan,0.001000,nan,1.570796,0.350000,0.350000,0.350000,1.000000,nan,nan,nan,nan,nan,nan
11.070000,nan,nan,nan,nan,nan,nan,nan,nan,nan,nan,nan,nan,nan,0.001000,nan,1.570796,0.350000,0.350000,0.350000,1.000000,nan,nan,nan,nan,nan,nan
11.080000,nan,nan,nan,nan,nan,nan,nan,nan,nan,nan,nan,nan,nan,0.001000,nan,1.570796,0.350000,0.350000,0.350000,1.000000,nan,nan,nan,nan,nan,nan
11.090000,nan,nan,nan,nan,nan,nan,nan,nan,nan,nan,nan,nan,nan,0.001000,nan,1.570796,0.350000,0.350000,0.350000,1.000000,nan,nan,nan,nan,nan,nan
11.100000,nan,nan,nan,nan,nan,nan,nan,nan,nan,nan,nan,nan,nan,0.001000,nan,1.570796,0.350000,0.350000,0.350000,1.000000,nan,nan,nan,nan,nan,nan
11.110000,nan,nan,nan,nan,nan,nan,nan,nan,nan,nan,nan,nan,nan,0.001000,nan,1.570796,0.350000,0.350000,0.350000,1.000000,nan,nan,nan,nan,nan,nan
11.120000,nan,nan,nan,nan,nan,nan,nan,nan,nan,nan,nan,nan,nan,0.001000,nan,1.570796,0.350000,0.350000,0.350000,1.000000,nan,nan,nan,nan,nan,nan
11.130000,nan,nan,nan,nan,nan,nan,nan,nan,nan,nan,nan,nan,nan,0.001000,nan,1.570796,0.350000,0.350000,0.350000,1.000000,nan,nan,nan,nan,nan,nan
11.140000,nan,nan,nan,nan,nan,nan,nan,nan,nan,nan,nan,nan,nan,0.001000,nan,1.570796,0.350000,0.350000,0.350000,1.000000,nan,nan,nan,nan,nan,nan
11.150000,nan,nan,nan,nan,nan,nan,nan,nan,nan,nan,nan,nan,nan,0.001000,nan,1.570796,0.350000,0.350000,0.350000,1.000000,nan,nan,nan,nan,nan,nan
11.160000,nan,nan,nan,nan,nan,nan,nan,nan,nan,nan,nan,nan,nan,0.001000,nan,1.570796,0.350000,0.350000,0.350000,1.000000,nan,nan,nan,nan,nan,nan
11.170000,nan,nan,nan,nan,nan,nan,nan,nan,nan,nan,nan,nan,nan,0.001000,nan,1.570796,0.350000,0.350000,0.350000,1.000000,nan,nan,nan,nan,nan,nan
11.180000,nan,nan,nan,nan,nan,nan,nan,nan,nan,nan,nan,nan,nan,0.001000,nan,1.570796,0.350000,0.350000,0.350000,1.000000,nan,nan,nan,nan,nan,nan
11.190000,nan,nan,nan,nan,nan,nan,nan,nan,nan,nan,nan,nan,nan,0.001000,nan,1.570796,0.350000,0.350000,0.350000,1.000000,nan,nan,nan,nan,nan,nan
11.200000,nan,nan,nan,nan,nan,nan,nan,nan,nan,nan,nan,nan,nan,0.001000,nan,1.570796,0.350000,0.350000,0.350000,1.000000,nan,nan,nan,nan,nan,nan
11.210000,nan,nan,nan,nan,nan,nan,nan,nan,nan,nan,nan,nan,nan,0.001000,nan,1.570796,0.350000,0.350000,0.350000,1.000000,nan,nan,nan,nan,nan,nan
11.220000,nan,nan,nan,nan,nan,nan,nan,nan,nan,nan,nan,nan,nan,0.001000,nan,1.570796,0.350000,0.350000,0.350000,1.000000,nan,nan,nan,nan,nan,nan
11.230000,nan,nan,nan,nan,nan,nan,nan,nan,nan,nan,nan,nan,nan,0.001000,nan,1.570796,0.350000,0.350000,0.350000,1.000000,nan,nan,nan,nan,nan,nan
11.240000,nan,nan,nan,nan,nan,nan,nan,nan,nan,nan,nan,nan,nan,0.001000,nan,1.570796,0.350000,0.350000,0.350000,1.000000,nan,nan,nan,nan,nan,nan
11.250000,nan,nan,nan,nan,nan,nan,nan,nan,nan,nan,nan,nan,nan,0.001000,nan,1.570796,0.350000,0.350000,0.350000,1.000000,nan,nan,nan,nan,nan,nan
11.260000,nan,nan,nan,nan,nan,nan,nan,nan,nan,nan,nan,nan,nan,0.001000,nan,1.570796,0.350000,0.350000,0.350000,1.000000,nan,nan,nan,nan,nan,nan
11.270000,nan,nan,nan,nan,nan,nan,nan,nan,nan,nan,nan,nan,nan,0.001000,nan,1.570796,0.350000,0.350000,0.350000,1.000000,nan,nan,nan,nan,nan,nan
11.280000,nan,nan,nan,nan,nan,nan,nan,nan,nan,nan,nan,nan,nan,0.001000,nan,1.570796,0.350000,0.350000,0.350000,1.000000,nan,nan,nan,nan,nan,nan
11.290000,nan,nan,nan,nan,nan,nan,nan,nan,nan,nan,nan,nan,nan,0.001000,nan,1.570796,0.350000,0.350000,0.350000,1.000000,nan,nan,nan,nan,nan,nan
11.300000,nan,nan,nan,nan,nan,nan,nan,nan,nan,nan,nan,nan,nan,0.001000,nan,1.570796,0.350000,0.350000,0.350000,1.000000,nan,nan,nan,nan,nan,nan
11.310000,nan,nan,nan,nan,nan,nan,nan,nan,nan,nan,nan,nan,nan,0.001000,nan,1.570796,0.350000,0.350000,0.350000,1.000000,nan,nan,nan,nan,nan,nan
11.320000,nan,nan,nan,nan,nan,nan,nan,nan,nan,nan,nan,nan,nan,0.001000,nan,1.570796,0.350000,0.350000,0.350000,1.000000,nan,nan,nan,nan,nan,nan
11.330000,nan,nan,nan,nan,nan,nan,nan,nan,nan,nan,nan,nan,nan,0.001000,nan,1.570796,0.350000,0.350000,0.350000,1.000000,nan,nan,nan,nan,nan,nan
11.340000,nan,nan,nan,nan,nan,nan,nan,nan,nan,nan,nan,nan,nan,0.001000,nan,1.570796,0.350000,0.350000,0.350000,1.000000,nan,nan,nan,nan,nan,nan
11.350000,nan,nan,nan,nan,nan,nan,nan,nan,nan,nan,nan,nan,nan,0.001000,nan,1.570796,0.350000,0.350000,0.350000,1.000000,nan,nan,nan,nan,nan,nan
11.360000,nan,nan,nan,nan,nan,nan,nan,nan,nan,nan,nan,nan,nan,0.001000,nan,1.570796,0.350000,0.350000,0.350000,1.000000,nan,nan,nan,nan,nan,nan
11.370000,nan,nan,nan,nan,nan,nan,nan,nan,nan,nan,nan,nan,nan,0.001000,nan,1.570796,0.350000,0.350000,0.350000,1.000000,nan,nan,nan,nan,nan,nan
11.380000,nan,nan,nan,nan,nan,nan,nan,nan,nan,nan,nan,nan,nan,0.001000,nan,1.570796,0.350000,0.350000,0.350000,1.000000,nan,nan,nan,nan,nan,nan
11.390000,nan,nan,nan,nan,nan,nan,nan,nan,nan,nan,nan,nan,nan,0.001000,nan,1.570796,0.350000,0.350000,0.350000,1.000000,nan,nan,nan,nan,nan,nan
11.400000,nan,nan,nan,nan,nan,nan,nan,nan,nan,nan,nan,nan,nan,0.001000,nan,1.570796,0.350000,0.350000,0.350000,1.000000,nan,nan,nan,nan,nan,nan
11.410000,nan,nan,nan,nan,nan,nan,nan,nan,nan,nan,nan,nan,nan,0.001000,nan,1.570796,0.350000,0.350000,0.350000,1.000000,nan,nan,nan,nan,nan,nan
11.420000,nan,nan,nan,nan,nan,nan,nan,nan,nan,nan,nan,nan,nan,0.001000,nan,1.570796,0.350000,0.350000,0.350000,1.000000,nan,nan,nan,nan,nan,nan
11.430000,nan,nan,nan,nan,nan,nan,nan,nan,nan,nan,nan,nan,nan,0.001000,nan,1.570796,0.350000,0.350000,0.350000,1.000000,nan,nan,nan,nan,nan,nan
11.440000,nan,nan,nan,nan,nan,nan,nan,nan,nan,nan,nan,nan,nan,0.001000,nan,1.570796,0.350000,0.350000,0.350000,1.000000,nan,nan,nan,nan,nan,nan
11.450000,nan,nan,nan,nan,nan,nan,nan,nan,nan,nan,nan,nan,nan,0.001000,nan,1.570796,0.350000,0.350000,0.350000,1.000000,nan,nan,nan,nan,nan,nan
11.460000,nan,nan,nan,nan,nan,nan,nan,nan,nan,nan,nan,nan,nan,0.001000,nan,1.570796,0.350000,0.350000,0.350000,1.000000,nan,nan,nan,nan,nan,nan
11.470000,nan,nan,nan,nan,nan,nan,nan,nan,nan,nan,nan,nan,nan,0.001000,nan,1.570796,0.350000,0.350000,0.350000,1.000000,nan,nan,nan,nan,nan,nan
11.480000,nan,nan,nan,nan,nan,nan,nan,nan,nan,nan,nan,nan,nan,0.001000,nan,1.570796,0.350000,0.350000,0.350000,1.000000,nan,nan,nan,nan,nan,nan
11.490000,nan,nan,nan,nan,nan,nan,nan,nan,nan,nan,nan,nan,nan,0.001000,nan,1.570796,0.350000,0.350000,0.350000,1.000000,nan,nan,nan,nan,nan,nan
11.500000,nan,nan,nan,nan,nan,nan,nan,nan,nan,nan,nan,nan,nan,0.001000,nan,1.570796,0.350000,0.350000,0.350000,1.000000,nan,nan,nan,nan,nan,nan
11.510000,nan,nan,nan,nan,nan,nan,nan,nan,nan,nan,nan,nan,nan,0.001000,nan,1.570796,0.350000,0.350000,0.350000,1.000000,nan,nan,nan,nan,nan,nan
11.520000,nan,nan,nan,nan,nan,nan,nan,nan,nan,nan,nan,nan,nan,0.001000,nan,1.570796,0.350000,0.350000,0.350000,1.000000,nan,nan,nan,nan,nan,nan
11.530000,nan,nan,nan,nan,nan,nan,nan,nan,nan,nan,nan,nan,nan,0.001000,nan,1.570796,0.350000,0.350000,0.350000,1.000000,nan,nan,nan,nan,nan,nan
11.540000,nan,nan,nan,nan,nan,nan,nan,nan,nan,nan,nan,nan,nan,0.001000,nan,1.570796,0.350000,0.350000,0.350000,1.000000,nan,nan,nan,nan,nan,nan
11.550000,nan,nan,nan,nan,nan,nan,nan,nan,nan,nan,nan,nan,nan,0.001000,nan,1.570796,0.350000,0.350000,0.350000,1.000000,nan,nan,nan,nan,nan,nan
11.560000,nan,nan,nan,nan,nan,nan,nan,nan,nan,nan,nan,nan,nan,0.001000,nan,1.570796,0.350000,0.350000,0.350000,1.000000,nan,nan,nan,nan,nan,nan
11.570000,nan,nan,nan,nan,nan,nan,nan,nan,nan,nan,nan,nan,nan,0.001000,nan,1.570796,0.350000,0.350000,0.350000,1.000000,nan,nan,nan,nan,nan,nan
11.580000,nan,nan,nan,nan,nan,nan,nan,nan,nan,nan,nan,nan,nan,0.001000,nan,1.570796,0.350000,0.350000,0.350000,1.000000,nan,nan,nan,nan,nan,nan
11.590000,nan,nan,nan,nan,nan,nan,nan,nan,nan,nan,nan,nan,nan,0.001000,nan,1.570796,0.350000,0.350000,0.350000,1.000000,nan,nan,nan,nan,nan,nan
11.600000,nan,nan,nan,nan,nan,nan,nan,nan,nan,nan,nan,nan,nan,0.001000,nan,1.570796,0.350000,0.350000,0.350000,1.000000,nan,nan,nan,nan,nan,nan
11.610000,nan,nan,nan,nan,nan,nan,nan,nan,nan,nan,nan,nan,nan,0.001000,nan,1.570796,0.350000,0.350000,0.350000,1.000000,nan,nan,nan,nan,nan,nan
11.620000,nan,nan,nan,nan,nan,nan,nan,nan,nan,nan,nan,nan,nan,0.001000,nan,1.570796,0.350000,0.350000,0.350000,1.000000,nan,nan,nan,nan,nan,nan
11.630000,nan,nan,nan,nan,nan,nan,nan,nan,nan,nan,nan,nan,nan,0.001000,nan,1.570796,0.350000,0.350000,0.350000,1.000000,nan,nan,nan,nan,nan,nan
11.640000,nan,nan,nan,nan,nan,nan,nan,nan,nan,nan,nan,nan,nan,0.001000,nan,1.570796,0.350000,0.350000,0.350000,1.000000,nan,nan,nan,nan,nan,nan
11.650000,nan,nan,nan,nan,nan,nan,nan,nan,nan,nan,nan,nan,nan,0.001000,nan,1.570796,0.350000,0.350000,0.350000,1.000000,nan,nan,nan,nan,nan,nan
11.660000,nan,nan,nan,nan,nan,nan,nan,nan,nan,nan,nan,nan,nan,0.001000,nan,1.570796,0.350000,0.350000,0.350000,1.000000,nan,nan,nan,nan,nan,nan
11.670000,nan,nan,nan,nan,nan,nan,nan,nan,nan,nan,nan,nan,nan,0.001000,nan,1.570796,0.350000,0.350000,0.350000,1.000000,nan,nan,nan,nan,nan,nan
11.680000,nan,nan,nan,nan,nan,nan,nan,nan,nan,nan,nan,nan,nan,0.001000,nan,1.570796,0.350000,0.350000,0.350000,1.000000,nan,nan,nan,nan,nan,nan
11.690000,nan,nan,nan,nan,nan,nan,nan,nan,nan,nan,nan,nan,nan,0.001000,nan,1.570796,0.350000,0.350000,0.350000,1.000000,nan,nan,nan,nan,nan,nan
11.700000,nan,nan,nan,nan,nan,nan,nan,nan,nan,nan,nan,nan,nan,0.001000,nan,1.570796,0.350000,0.350000,0.350000,1.000000,nan,nan,nan,nan,nan,nan
11.710000,nan,nan,nan,nan,nan,nan,nan,nan,nan,nan,nan,nan,nan,0.001000,nan,1.570796,0.350000,0.350000,0.350000,1.000000,nan,nan,nan,nan,nan,nan
11.720000,nan,nan,nan,nan,nan,nan,nan,nan,nan,nan,nan,nan,nan,0.001000,nan,1.570796,0.350000,0.350000,0.350000,1.000000,nan,nan,nan,nan,nan,nan
11.730000,nan,nan,nan,nan,nan,nan,nan,nan,nan,nan,nan,nan,nan,0.001000,nan,1.570796,0.350000,0.350000,0.350000,1.000000,nan,nan,nan,nan,nan,nan
11.740000,nan,nan,nan,nan,nan,nan,nan,nan,nan,nan,nan,nan,nan,0.001000,nan,1.570796,0.350000,0.350000,0.350000,1.000000,nan,nan,nan,nan,nan,nan
11.750000,nan,nan,nan,nan,nan,nan,nan,nan,nan,nan,nan,nan,nan,0.001000,nan,1.570796,0.350000,0.350000,0.350000,1.000000,nan,nan,nan,nan,nan,nan
11.760000,nan,nan,nan,nan,nan,nan,nan,nan,nan,nan,nan,nan,nan,0.001000,nan,1.570796,0.350000,0.350000,0.350000,1.000000,nan,nan,nan,nan,nan,nan
11.770000,nan,nan,nan,nan,nan,nan,nan,nan,nan,nan,nan,nan,nan,0.001000,nan,1.570796,0.350000,0.350000,0.350000,1.000000,nan,nan,nan,nan,nan,nan
11.780000,nan,nan,nan,nan,nan,nan,nan,nan,nan,nan,nan,nan,nan,0.001000,nan,1.570796,0.350000,0.350000,0.350000,1.000000,nan,nan,nan,nan,nan,nan
11.790000,nan,nan,nan,nan,nan,nan,nan,nan,nan,nan,nan,nan,nan,0.001000,nan,1.570796,0.350000,0.350000,0.350000,1.000000,nan,nan,nan,nan,nan,nan
11.800000,nan,nan,nan,nan,nan,nan,nan,nan,nan,nan,nan,nan,nan,0.001000,nan,1.570796,0.350000,0.350000,0.350000,1.000000,nan,nan,nan,nan,nan,nan
11.810000,nan,nan,nan,nan,nan,nan,nan,nan,nan,nan,nan,nan,nan,0.001000,nan,1.570796,0.350000,0.350000,0.350000,1.000000,nan,nan,nan,nan,nan,nan
11.820000,nan,nan,nan,nan,nan,nan,nan,nan,nan,nan,nan,nan,nan,0.001000,nan,1.570796,0.350000,0.350000,0.350000,1.000000,nan,nan,nan,nan,nan,nan
11.830000,nan,nan,nan,nan,nan,nan,nan,nan,nan,nan,nan,nan,nan,0.001000,nan,1.570796,0.350000,0.350000,0.350000,1.000000,nan,nan,nan,nan,nan,nan
11.840000,nan,nan,nan,nan,nan,nan,nan,nan,nan,nan,nan,nan,nan,0.001000,nan,1.570796,0.350000,0.350000,0.350000,1.000000,nan,nan,nan,nan,nan,nan
11.850000,nan,nan,nan,nan,nan,nan,nan,nan,nan,nan,nan,nan,nan,0.001000,nan,1.570796,0.350000,0.350000,0.350000,1.000000,nan,nan,nan,nan,nan,nan
11.860000,nan,nan,nan,nan,nan,nan,nan,nan,nan,nan,nan,nan,nan,0.001000,nan,1.570796,0.350000,0.350000,0.350000,1.000000,nan,nan,nan,nan,nan,nan
11.870000,nan,nan,nan,nan,nan,nan,nan,nan,nan,nan,nan,nan,nan,0.001000,nan,1.570796,0.350000,0.350000,0.350000,1.000000,nan,nan,nan,nan,nan,nan
11.880000,nan,nan,nan,nan,nan,nan,nan,nan,nan,nan,nan,nan,nan,0.001000,nan,1.570796,0.350000,0.350000,0.350000,1.000000,nan,nan,nan,nan,nan,nan
11.890000,nan,nan,nan,nan,nan,nan,nan,nan,nan,nan,nan,nan,nan,0.001000,nan,1.570796,0.350000,0.350000,0.350000,1.000000,nan,nan,nan,nan,nan,nan
11.900000,nan,nan,nan,nan,nan,nan,nan,nan,nan,nan,nan,nan,nan,0.001000,nan,1.570796,0.350000,0.350000,0.350000,1.000000,nan,nan,nan,nan,nan,nan
11.910000,nan,nan,nan,nan,nan,nan,nan,nan,nan,nan,nan,nan,nan,0.001000,nan,1.570796,0.350000,0.350000,0.350000,1.000000,nan,nan,nan,nan,nan,nan
11.920000,nan,nan,nan,nan,nan,nan,nan,nan,nan,nan,nan,nan,nan,0.001000,nan,1.570796,0.350000,0.350000,0.350000,1.000000,nan,nan,nan,nan,nan,nan
11.930000,nan,nan,nan,nan,nan,nan,nan,nan,nan,nan,nan,nan,nan,0.001000,nan,1.570796,0.350000,0.350000,0.350000,1.000000,nan,nan,nan,nan,nan,nan
11.940000,nan,nan,nan,nan,nan,nan,nan,nan,nan,nan,nan,nan,nan,0.001000,nan,1.570796,0.350000,0.350000,0.350000,1.000000,nan,nan,nan,nan,nan,nan
11.950000,nan,nan,nan,nan,nan,nan,nan,nan,nan,nan,nan,nan,nan,0.001000,nan,1.570796,0.350000,0.350000,0.350000,1.000000,nan,nan,nan,nan,nan,nan
11.960000,nan,nan,nan,nan,nan,nan,nan,nan,nan,nan,nan,nan,nan,0.001000,nan,1.570796,0.350000,0.350000,0.350000,1.000000,nan,nan,nan,nan,nan,nan
11.970000,nan,nan,nan,nan,nan,nan,nan,nan,nan,nan,nan,nan,nan,0.001000,nan,1.570796,0.350000,0.350000,0.350000,1.000000,nan,nan,nan,nan,nan,nan
11.980000,nan,nan,nan,nan,nan,nan,nan,nan,nan,nan,nan,nan,nan,0.001000,nan,1.570796,0.350000,0.350000,0.350000,1.000000,nan,nan,nan,nan,nan,nan
11.990000,nan,nan,nan,nan,nan,nan,nan,nan,nan,nan,nan,nan,nan,0.001000,nan,1.570796,0.350000,0.350000,0.350000,1.000000,nan,nan,nan,nan,nan,nan
12.000000,nan,nan,nan,nan,nan,nan,nan,nan,nan,nan,nan,nan,nan,0.001000,nan,1.570796,0.350000,0.350000,0.350000,1.000000,nan,nan,nan,nan,nan,nan
12.010000,nan,nan,nan,nan,nan,nan,nan,nan,nan,nan,nan,nan,nan,0.001000,nan,1.570796,0.350000,0.350000,0.350000,1.000000,nan,nan,nan,nan,nan,nan
12.020000,nan,nan,nan,nan,nan,nan,nan,nan,nan,nan,nan,nan,nan,0.001000,nan,1.570796,0.350000,0.350000,0.350000,1.000000,nan,nan,nan,nan,nan,nan
12.030000,nan,nan,nan,nan,nan,nan,nan,nan,nan,nan,nan,nan,nan,0.001000,nan,1.570796,0.350000,0.350000,0.350000,1.000000,nan,nan,nan,nan,nan,nan
12.040000,nan,nan,nan,nan,nan,nan,nan,nan,nan,nan,nan,nan,nan,0.001000,nan,1.570796,0.350000,0.350000,0.350000,1.000000,nan,nan,nan,nan,nan,nan
12.050000,nan,nan,nan,nan,nan,nan,nan,nan,nan,nan,nan,nan,nan,0.001000,nan,1.570796,0.350000,0.350000,0.350000,1.000000,nan,nan,nan,nan,nan,nan
12.060000,nan,nan,nan,nan,nan,nan,nan,nan,nan,nan,nan,nan,nan,0.001000,nan,1.570796,0.350000,0.350000,0.350000,1.000000,nan,nan,nan,nan,nan,nan
12.070000,nan,nan,nan,nan,nan,nan,nan,nan,nan,nan,nan,nan,nan,0.001000,nan,1.570796,0.350000,0.350000,0.350000,1.000000,nan,nan,nan,nan,nan,nan
12.080000,nan,nan,nan,nan,nan,nan,nan,nan,nan,nan,nan,nan,nan,0.001000,nan,1.570796,0.350000,0.350000,0.350000,1.000000,nan,nan,nan,nan,nan,nan
12.090000,nan,nan,nan,nan,nan,nan,nan,nan,nan,nan,nan,nan,nan,0.001000,nan,1.570796,0.350000,0.350000,0.350000,1.000000,nan,nan,nan,nan,nan,nan
12.100000,nan,nan,nan,nan,nan,nan,nan,nan,nan,nan,nan,nan,nan,0.001000,nan,1.570796,0.350000,0.350000,0.350000,1.000000,nan,nan,nan,nan,nan,nan
12.110000,nan,nan,nan,nan,nan,nan,nan,nan,nan,nan,nan,nan,nan,0.001000,nan,1.570796,0.350000,0.350000,0.350000,1.000000,nan,nan,nan,nan,nan,nan
12.120000,nan,nan,nan,nan,nan,nan,nan,nan,nan,nan,nan,nan,nan,0.001000,nan,1.570796,0.350000,0.350000,0.350000,1.000000,nan,nan,nan,nan,nan,nan
12.130000,nan,nan,nan,nan,nan,nan,nan,nan,nan,nan,nan,nan,nan,0.001000,nan,1.570796,0.350000,0.350000,0.350000,1.000000,nan,nan,nan,nan,nan,nan
12.140000,nan,nan,nan,nan,nan,nan,nan,nan,nan,nan,nan,nan,nan,0.001000,nan,1.570796,0.350000,0.350000,0.350000,1.000000,nan,nan,nan,nan,nan,nan
12.150000,nan,nan,nan,nan,nan,nan,nan,nan,nan,nan,nan,nan,nan,0.001000,nan,1.570796,0.350000,0.350000,0.350000,1.000000,nan,nan,nan,nan,nan,nan
12.160000,nan,nan,nan,nan,nan,nan,nan,nan,nan,nan,nan,nan,nan,0.001000,nan,1.570796,0.350000,0.350000,0.350000,1.000000,nan,nan,nan,nan,nan,nan
12.170000,nan,nan,nan,nan,nan,nan,nan,nan,nan,nan,nan,nan,nan,0.001000,nan,1.570796,0.350000,0.350000,0.350000,1.000000,nan,nan,nan,nan,nan,nan
12.180000,nan,nan,nan,nan,nan,nan,nan,nan,nan,nan,nan,nan,nan,0.001000,nan,1.570796,0.350000,0.350000,0.350000,1.000000,nan,nan,nan,nan,nan,nan
12.190000,nan,nan,nan,nan,nan,nan,nan,nan,nan,nan,nan,nan,nan,0.001000,nan,1.570796,0.350000,0.350000,0.350000,1.000000,nan,nan,nan,nan,nan,nan
12.200000,nan,nan,nan,nan,nan,nan,nan,nan,nan,nan,nan,nan,nan,0.001000,nan,1.570796,0.350000,0.350000,0.350000,1.000000,nan,nan,nan,nan,nan,nan
12.210000,nan,nan,nan,nan,nan,nan,nan,nan,nan,nan,nan,nan,nan,0.001000,nan,1.570796,0.350000,0.350000,0.350000,1.000000,nan,nan,nan,nan,nan,nan
12.220000,nan,nan,nan,nan,nan,nan,nan,nan,nan,nan,nan,nan,nan,0.001000,nan,1.570796,0.350000,0.350000,0.350000,1.000000,nan,nan,nan,nan,nan,nan
12.230000,nan,nan,nan,nan,nan,nan,nan,nan,nan,nan,nan,nan,nan,0.001000,nan,1.570796,0.350000,0.350000,0.350000,1.000000,nan,nan,nan,nan,nan,nan
12.240000,nan,nan,nan,nan,nan,nan,nan,nan,nan,nan,nan,nan,nan,0.001000,nan,1.570796,0.350000,0.350000,0.350000,1.000000,nan,nan,nan,nan,nan,nan
12.250000,nan,nan,nan,nan,nan,nan,nan,nan,nan,nan,nan,nan,nan,0.001000,nan,1.570796,0.350000,0.350000,0.350000,1.000000,nan,nan,nan,nan,nan,nan
12.260000,nan,nan,nan,nan,nan,nan,nan,nan,nan,nan,nan,nan,nan,0.001000,nan,1.570796,0.350000,0.350000,0.350000,1.000000,nan,nan,nan,nan,nan,nan
12.270000,nan,nan,nan,nan,nan,nan,nan,nan,nan,nan,nan,nan,nan,0.001000,nan,1.570796,0.350000,0.350000,0.350000,1.000000,nan,nan,nan,nan,nan,nan
12.280000,nan,nan,nan,nan,nan,nan,nan,nan,nan,nan,nan,nan,nan,0.001000,nan,1.570796,0.350000,0.350000,0.350000,1.000000,nan,nan,nan,nan,nan,nan
12.290000,nan,nan,nan,nan,nan,nan,nan,nan,nan,nan,nan,nan,nan,0.001000,nan,1.570796,0.350000,0.350000,0.350000,1.000000,nan,nan,nan,nan,nan,nan
12.300000,nan,nan,nan,nan,nan,nan,nan,nan,nan,nan,nan,nan,nan,0.001000,nan,1.570796,0.350000,0.350000,0.350000,1.000000,nan,nan,nan,nan,nan,nan
12.310000,nan,nan,nan,nan,nan,nan,nan,nan,nan,nan,nan,nan,nan,0.001000,nan,1.570796,0.350000,0.350000,0.350000,1.000000,nan,nan,nan,nan,nan,nan
12.320000,nan,nan,nan,nan,nan,nan,nan,nan,nan,nan,nan,nan,nan,0.001000,nan,1.570796,0.350000,0.350000,0.350000,1.000000,nan,nan,nan,nan,nan,nan
12.330000,nan,nan,nan,nan,nan,nan,nan,nan,nan,nan,nan,nan,nan,0.001000,nan,1.570796,0.350000,0.350000,0.350000,1.000000,nan,nan,nan,nan,nan,nan
12.340000,nan,nan,nan,nan,nan,nan,nan,nan,nan,nan,nan,nan,nan,0.001000,nan,1.570796,0.350000,0.350000,0.350000,1.000000,nan,nan,nan,nan,nan,nan
12.350000,nan,nan,nan,nan,nan,nan,nan,nan,nan,nan,nan,nan,nan,0.001000,nan,1.570796,0.350000,0.350000,0.350000,1.000000,nan,nan,nan,nan,nan,nan
12.360000,nan,nan,nan,nan,nan,nan,nan,nan,nan,nan,nan,nan,nan,0.001000,nan,1.570796,0.350000,0.350000,0.350000,1.000000,nan,nan,nan,nan,nan,nan
12.370000,nan,nan,nan,nan,nan,nan,nan,nan,nan,nan,nan,nan,nan,0.001000,nan,1.570796,0.350000,0.350000,0.350000,1.000000,nan,nan,nan,nan,nan,nan
12.380000,nan,nan,nan,nan,nan,nan,nan,nan,nan,nan,nan,nan,nan,0.001000,nan,1.570796,0.350000,0.350000,0.350000,1.000000,nan,nan,nan,nan,nan,nan
12.390000,nan,nan,nan,nan,nan,nan,nan,nan,nan,nan,nan,nan,nan,0.001000,nan,1.570796,0.350000,0.350000,0.350000,1.000000,nan,nan,nan,nan,nan,nan
12.400000,nan,nan,nan,nan,nan,nan,nan,nan,nan,nan,nan,nan,nan,0.001000,nan,1.570796,0.350000,0.350000,0.350000,1.000000,nan,nan,nan,nan,nan,nan
12.410000,nan,nan,nan,nan,nan,nan,nan,nan,nan,nan,nan,nan,nan,0.001000,nan,1.570796,0.350000,0.350000,0.350000,1.000000,nan,nan,nan,nan,nan,nan
12.420000,nan,nan,nan,nan,nan,nan,nan,nan,nan,nan,nan,nan,nan,0.001000,nan,1.570796,0.350000,0.350000,0.350000,1.000000,nan,nan,nan,nan,nan,nan
12.430000,nan,nan,nan,nan,nan,nan,nan,nan,nan,nan,nan,nan,nan,0.001000,nan,1.570796,0.350000,0.350000,0.350000,1.000000,nan,nan,nan,nan,nan,nan
12.440000,nan,nan,nan,nan,nan,nan,nan,nan,nan,nan,nan,nan,nan,0.001000,nan,1.570796,0.350000,0.350000,0.350000,1.000000,nan,nan,nan,nan,nan,nan
12.450000,nan,nan,nan,nan,nan,nan,nan,nan,nan,nan,nan,nan,nan,0.001000,nan,1.570796,0.350000,0.350000,0.350000,1.000000,nan,nan,nan,nan,nan,nan
12.460000,nan,nan,nan,nan,nan,nan,nan,nan,nan,nan,nan,nan,nan,0.001000,nan,1.570796,0.350000,0.350000,0.350000,1.000000,nan,nan,nan,nan,nan,nan
12.470000,nan,nan,nan,nan,nan,nan,nan,nan,nan,nan,nan,nan,nan,0.001000,nan,1.570796,0.350000,0.350000,0.350000,1.000000,nan,nan,nan,nan,nan,nan
12.480000,nan,nan,nan,nan,nan,nan,nan,nan,nan,nan,nan,nan,nan,0.001000,nan,1.570796,0.350000,0.350000,0.350000,1.000000,nan,nan,nan,nan,nan,nan
12.490000,nan,nan,nan,nan,nan,nan,nan,nan,nan,nan,nan,nan,nan,0.001000,nan,1.570796,0.350000,0.350000,0.350000,1.000000,nan,nan,nan,nan,nan,nan
12.500000,nan,nan,nan,nan,nan,nan,nan,nan,nan,nan,nan,nan,nan,0.001000,nan,1.570796,0.350000,0.350000,0.350000,1.000000,nan,nan,nan,nan,nan,nan
12.510000,nan,nan,nan,nan,nan,nan,nan,nan,nan,nan,nan,nan,nan,0.001000,nan,1.570796,0.350000,0.350000,0.350000,1.000000,nan,nan,nan,nan,nan,nan
12.520000,nan,nan,nan,nan,nan,nan,nan,nan,nan,nan,nan,nan,nan,0.001000,nan,1.570796,0.350000,0.350000,0.350000,1.000000,nan,nan,nan,nan,nan,nan
12.530000,nan,nan,nan,nan,nan,nan,nan,nan,nan,nan,nan,nan,nan,0.001000,nan,1.570796,0.350000,0.350000,0.350000,1.000000,nan,nan,nan,nan,nan,nan
12.540000,nan,nan,nan,nan,nan,nan,nan,nan,nan,nan,nan,nan,nan,0.001000,nan,1.570796,0.350000,0.350000,0.350000,1.000000,nan,nan,nan,nan,nan,nan
12.550000,nan,nan,nan,nan,nan,nan,nan,nan,nan,nan,nan,nan,nan,0.001000,nan,1.570796,0.350000,0.350000,0.350000,1.000000,nan,nan,nan,nan,nan,nan
12.560000,nan,nan,nan,nan,nan,nan,nan,nan,nan,nan,nan,nan,nan,0.001000,nan,1.570796,0.350000,0.350000,0.350000,1.000000,nan,nan,nan,nan,nan,nan
12.570000,nan,nan,nan,nan,nan,nan,nan,nan,nan,nan,nan,nan,nan,0.001000,nan,1.570796,0.350000,0.350000,0.350000,1.000000,nan,nan,nan,nan,nan,nan
12.580000,nan,nan,nan,nan,nan,nan,nan,nan,nan,nan,nan,nan,nan,0.001000,nan,1.570796,0.350000,0.350000,0.350000,1.000000,nan,nan,nan,nan,nan,nan
12.590000,nan,nan,nan,nan,nan,nan,nan,nan,nan,nan,nan,nan,nan,0.001000,nan,1.570796,0.350000,0.350000,0.350000,1.000000,nan,nan,nan,nan,nan,nan
12.600000,nan,nan,nan,nan,nan,nan,nan,nan,nan,nan,nan,nan,nan,0.001000,nan,1.570796,0.350000,0.350000,0.350000,1.000000,nan,nan,nan,nan,nan,nan
12.610000,nan,nan,nan,nan,nan,nan,nan,nan,nan,nan,nan,nan,nan,0.001000,nan,1.570796,0.350000,0.350000,0.350000,1.000000,nan,nan,nan,nan,nan,nan
12.620000,nan,nan,nan,nan,nan,nan,nan,nan,nan,nan,nan,nan,nan,0.001000,nan,1.570796,0.350000,0.350000,0.350000,1.000000,nan,nan,nan,nan,nan,nan
12.630000,nan,nan,nan,nan,nan,nan,nan,nan,nan,nan,nan,nan,nan,0.001000,nan,1.570796,0.350000,0.350000,0.350000,1.000000,nan,nan,nan,nan,nan,nan
12.640000,nan,nan,nan,nan,nan,nan,nan,nan,nan,nan,nan,nan,nan,0.001000,nan,1.570796,0.350000,0.350000,0.350000,1.000000,nan,nan,nan,nan,nan,nan
12.650000,nan,nan,nan,nan,nan,nan,nan,nan,nan,nan,nan,nan,nan,0.001000,nan,1.570796,0.350000,0.350000,0.350000,1.000000,nan,nan,nan,nan,nan,nan
12.660000,nan,nan,nan,nan,nan,nan,nan,nan,nan,nan,nan,nan,nan,0.001000,nan,1.570796,0.350000,0.350000,0.350000,1.000000,nan,nan,nan,nan,nan,nan
12.670000,nan,nan,nan,nan,nan,nan,nan,nan,nan,nan,nan,nan,nan,0.001000,nan,1.570796,0.350000,0.350000,0.350000,1.000000,nan,nan,nan,nan,nan,nan
12.680000,nan,nan,nan,nan,nan,nan,nan,nan,nan,nan,nan,nan,nan,0.001000,nan,1.570796,0.350000,0.350000,0.350000,1.000000,nan,nan,nan,nan,nan,nan
12.690000,nan,nan,nan,nan,nan,nan,nan,nan,nan,nan,nan,nan,nan,0.001000,nan,1.570796,0.350000,0.350000,0.350000,1.000000,nan,nan,nan,nan,nan,nan
12.700000,nan,nan,nan,nan,nan,nan,nan,nan,nan,nan,nan,nan,nan,0.001000,nan,1.570796,0.350000,0.350000,0.350000,1.000000,nan,nan,nan,nan,nan,nan
12.710000,nan,nan,nan,nan,nan,nan,nan,nan,nan,nan,nan,nan,nan,0.001000,nan,1.570796,0.350000,0.350000,0.350000,1.000000,nan,nan,nan,nan,nan,nan
12.720000,nan,nan,nan,nan,nan,nan,nan,nan,nan,nan,nan,nan,nan,0.001000,nan,1.570796,0.350000,0.350000,0.350000,1.000000,nan,nan,nan,nan,nan,nan
12.730000,nan,nan,nan,nan,nan,nan,nan,nan,nan,nan,nan,nan,nan,0.001000,nan,1.570796,0.350000,0.350000,0.350000,1.000000,nan,nan,nan,nan,nan,nan
12.740000,nan,nan,nan,nan,nan,nan,nan,nan,nan,nan,nan,nan,nan,0.001000,nan,1.570796,0.350000,0.350000,0.350000,1.000000,nan,nan,nan,nan,nan,nan
12.750000,nan,nan,nan,nan,nan,nan,nan,nan,nan,nan,nan,nan,nan,0.001000,nan,1.570796,0.350000,0.350000,0.350000,1.000000,nan,nan,nan,nan,nan,nan
12.760000,nan,nan,nan,nan,nan,nan,nan,nan,nan,nan,nan,nan,nan,0.001000,nan,1.570796,0.350000,0.350000,0.350000,1.000000,nan,nan,nan,nan,nan,nan
12.770000,nan,nan,nan,nan,nan,nan,nan,nan,nan,nan,nan,nan,nan,0.001000,nan,1.570796,0.350000,0.350000,0.350000,1.000000,nan,nan,nan,nan,nan,nan
12.780000,nan,nan,nan,nan,nan,nan,nan,nan,nan,nan,nan,nan,nan,0.001000,nan,1.570796,0.350000,0.350000,0.350000,1.000000,nan,nan,nan,nan,nan,nan
12.790000,nan,nan,nan,nan,nan,nan,nan,nan,nan,nan,nan,nan,nan,0.001000,nan,1.570796,0.350000,0.350000,0.350000,1.000000,nan,nan,nan,nan,nan,nan
12.800000,nan,nan,nan,nan,nan,nan,nan,nan,nan,nan,nan,nan,nan,0.001000,nan,1.570796,0.350000,0.350000,0.350000,1.000000,nan,nan,nan,nan,nan,nan
12.810000,nan,nan,nan,nan,nan,nan,nan,nan,nan,nan,nan,nan,nan,0.001000,nan,1.570796,0.350000,0.350000,0.350000,1.000000,nan,nan,nan,nan,nan,nan
12.820000,nan,nan,nan,nan,nan,nan,nan,nan,nan,nan,nan,nan,nan,0.001000,nan,1.570796,0.350000,0.350000,0.350000,1.000000,nan,nan,nan,nan,nan,nan
12.830000,nan,nan,nan,nan,nan,nan,nan,nan,nan,nan,nan,nan,nan,0.001000,nan,1.570796,0.350000,0.350000,0.350000,1.000000,nan,nan,nan,nan,nan,nan
12.840000,nan,nan,nan,nan,nan,nan,nan,nan,nan,nan,nan,nan,nan,0.001000,nan,1.570796,0.350000,0.350000,0.350000,1.000000,nan,nan,nan,nan,nan,nan
12.850000,nan,nan,nan,nan,nan,nan,nan,nan,nan,nan,nan,nan,nan,0.001000,nan,1.570796,0.350000,0.350000,0.350000,1.000000,nan,nan,nan,nan,nan,nan
12.860000,nan,nan,nan,nan,nan,nan,nan,nan,nan,nan,nan,nan,nan,0.001000,nan,1.570796,0.350000,0.350000,0.350000,1.000000,nan,nan,nan,nan,nan,nan
12.870000,nan,nan,nan,nan,nan,nan,nan,nan,nan,nan,nan,nan,nan,0.001000,nan,1.570796,0.350000,0.350000,0.350000,1.000000,nan,nan,nan,nan,nan,nan
12.880000,nan,nan,nan,nan,nan,nan,nan,nan,nan,nan,nan,nan,nan,0.001000,nan,1.570796,0.350000,0.350000,0.350000,1.000000,nan,nan,nan,nan,nan,nan
12.890000,nan,nan,nan,nan,nan,nan,nan,nan,nan,nan,nan,nan,nan,0.001000,nan,1.570796,0.350000,0.350000,0.350000,1.000000,nan,nan,nan,nan,nan,nan
12.900000,nan,nan,nan,nan,nan,nan,nan,nan,nan,nan,nan,nan,nan,0.001000,nan,1.570796,0.350000,0.350000,0.350000,1.000000,nan,nan,nan,nan,nan,nan
12.910000,nan,nan,nan,nan,nan,nan,nan,nan,nan,nan,nan,nan,nan,0.001000,nan,1.570796,0.350000,0.350000,0.350000,1.000000,nan,nan,nan,nan,nan,nan
12.920000,nan,nan,nan,nan,nan,nan,nan,nan,nan,nan,nan,nan,nan,0.001000,nan,1.570796,0.350000,0.350000,0.350000,1.000000,nan,nan,nan,nan,nan,nan
12.930000,nan,nan,nan,nan,nan,nan,nan,nan,nan,nan,nan,nan,nan,0.001000,nan,1.570796,0.350000,0.350000,0.350000,1.000000,nan,nan,nan,nan,nan,nan
12.940000,nan,nan,nan,nan,nan,nan,nan,nan,nan,nan,nan,nan,nan,0.001000,nan,1.570796,0.350000,0.350000,0.350000,1.000000,nan,nan,nan,nan,nan,nan
12.950000,nan,nan,nan,nan,nan,nan,nan,nan,nan,nan,nan,nan,nan,0.001000,nan,1.570796,0.350000,0.350000,0.350000,1.000000,nan,nan,nan,nan,nan,nan
12.960000,nan,nan,nan,nan,nan,nan,nan,nan,nan,nan,nan,nan,nan,0.001000,nan,1.570796,0.350000,0.350000,0.350000,1.000000,nan,nan,nan,nan,nan,nan
12.970000,nan,nan,nan,nan,nan,nan,nan,nan,nan,nan,nan,nan,nan,0.001000,nan,1.570796,0.350000,0.350000,0.350000,1.000000,nan,nan,nan,nan,nan,nan
12.980000,nan,nan,nan,nan,nan,nan,nan,nan,nan,nan,nan,nan,nan,0.001000,nan,1.570796,0.350000,0.350000,0.350000,1.000000,nan,nan,nan,nan,nan,nan
12.990000,nan,nan,nan,nan,nan,nan,nan,nan,nan,nan,nan,nan,nan,0.001000,nan,1.570796,0.350000,0.350000,0.350000,1.000000,nan,nan,nan,nan,nan,nan
13.000000,nan,nan,nan,nan,nan,nan,nan,nan,nan,nan,nan,nan,nan,0.001000,nan,1.570796,0.350000,0.350000,0.350000,1.000000,nan,nan,nan,nan,nan,nan
13.010000,nan,nan,nan,nan,nan,nan,nan,nan,nan,nan,nan,nan,nan,0.001000,nan,1.570796,0.350000,0.350000,0.350000,1.000000,nan,nan,nan,nan,nan,nan
13.020000,nan,nan,nan,nan,nan,nan,nan,nan,nan,nan,nan,nan,nan,0.001000,nan,1.570796,0.350000,0.350000,0.350000,1.000000,nan,nan,nan,nan,nan,nan
13.030000,nan,nan,nan,nan,nan,nan,nan,nan,nan,nan,nan,nan,nan,0.001000,nan,1.570796,0.350000,0.350000,0.350000,1.000000,nan,nan,nan,nan,nan,nan
13.040000,nan,nan,nan,nan,nan,nan,nan,nan,nan,nan,nan,nan,nan,0.001000,nan,1.570796,0.350000,0.350000,0.350000,1.000000,nan,nan,nan,nan,nan,nan
13.050000,nan,nan,nan,nan,nan,nan,nan,nan,nan,nan,nan,nan,nan,0.001000,nan,1.570796,0.350000,0.350000,0.350000,1.000000,nan,nan,nan,nan,nan,nan
13.060000,nan,nan,nan,nan,nan,nan,nan,nan,nan,nan,nan,nan,nan,0.001000,nan,1.570796,0.350000,0.350000,0.350000,1.000000,nan,nan,nan,nan,nan,nan
13.070000,nan,nan,nan,nan,nan,nan,nan,nan,nan,nan,nan,nan,nan,0.001000,nan,1.570796,0.350000,0.350000,0.350000,1.000000,nan,nan,nan,nan,nan,nan
13.080000,nan,nan,nan,nan,nan,nan,nan,nan,nan,nan,nan,nan,nan,0.001000,nan,1.570796,0.350000,0.350000,0.350000,1.000000,nan,nan,nan,nan,nan,nan
13.090000,nan,nan,nan,nan,nan,nan,nan,nan,nan,nan,nan,nan,nan,0.001000,nan,1.570796,0.350000,0.350000,0.350000,1.000000,nan,nan,nan,nan,nan,nan
13.100000,nan,nan,nan,nan,nan,nan,nan,nan,nan,nan,nan,nan,nan,0.001000,nan,1.570796,0.350000,0.350000,0.350000,1.000000,nan,nan,nan,nan,nan,nan
13.110000,nan,nan,nan,nan,nan,nan,nan,nan,nan,nan,nan,nan,nan,0.001000,nan,1.570796,0.350000,0.350000,0.350000,1.000000,nan,nan,nan,nan,nan,nan
13.120000,nan,nan,nan,nan,nan,nan,nan,nan,nan,nan,nan,nan,nan,0.001000,nan,1.570796,0.350000,0.350000,0.350000,1.000000,nan,nan,nan,nan,nan,nan
13.130000,nan,nan,nan,nan,nan,nan,nan,nan,nan,nan,nan,nan,nan,0.001000,nan,1.570796,0.350000,0.350000,0.350000,1.000000,nan,nan,nan,nan,nan,nan
13.140000,nan,nan,nan,nan,nan,nan,nan,nan,nan,nan,nan,nan,nan,0.001000,nan,1.570796,0.350000,0.350000,0.350000,1.000000,nan,nan,nan,nan,nan,nan
13.150000,nan,nan,nan,nan,nan,nan,nan,nan,nan,nan,nan,nan,nan,0.001000,nan,1.570796,0.350000,0.350000,0.350000,1.000000,nan,nan,nan,nan,nan,nan
13.160000,nan,nan,nan,nan,nan,nan,nan,nan,nan,nan,nan,nan,nan,0.001000,nan,1.570796,0.350000,0.350000,0.350000,1.000000,nan,nan,nan,nan,nan,nan
13.170000,nan,nan,nan,nan,nan,nan,nan,nan,nan,nan,nan,nan,nan,0.001000,nan,1.570796,0.350000,0.350000,0.350000,1.000000,nan,nan,nan,nan,nan,nan
13.180000,nan,nan,nan,nan,nan,nan,nan,nan,nan,nan,nan,nan,nan,0.001000,nan,1.570796,0.350000,0.350000,0.350000,1.000000,nan,nan,nan,nan,nan,nan
13.190000,nan,nan,nan,nan,nan,nan,nan,nan,nan,nan,nan,nan,nan,0.001000,nan,1.570796,0.350000,0.350000,0.350000,1.000000,nan,nan,nan,nan,nan,nan
13.200000,nan,nan,nan,nan,nan,nan,nan,nan,nan,nan,nan,nan,nan,0.001000,nan,1.570796,0.350000,0.350000,0.350000,1.000000,nan,nan,nan,nan,nan,nan
13.210000,nan,nan,nan,nan,nan,nan,nan,nan,nan,nan,nan,nan,nan,0.001000,nan,1.570796,0.350000,0.350000,0.350000,1.000000,nan,nan,nan,nan,nan,nan
13.220000,nan,nan,nan,nan,nan,nan,nan,nan,nan,nan,nan,nan,nan,0.001000,nan,1.570796,0.350000,0.350000,0.350000,1.000000,nan,nan,nan,nan,nan,nan
13.230000,nan,nan,nan,nan,nan,nan,nan,nan,nan,nan,nan,nan,nan,0.001000,nan,1.570796,0.350000,0.350000,0.350000,1.000000,nan,nan,nan,nan,nan,nan
13.240000,nan,nan,nan,nan,nan,nan,nan,nan,nan,nan,nan,nan,nan,0.001000,nan,1.570796,0.350000,0.350000,0.350000,1.000000,nan,nan,nan,nan,nan,nan
13.250000,nan,nan,nan,nan,nan,nan,nan,nan,nan,nan,nan,nan,nan,0.001000,nan,1.570796,0.350000,0.350000,0.350000,1.000000,nan,nan,nan,nan,nan,nan
13.260000,nan,nan,nan,nan,nan,nan,nan,nan,nan,nan,nan,nan,nan,0.001000,nan,1.570796,0.350000,0.350000,0.350000,1.000000,nan,nan,nan,nan,nan,nan
13.270000,nan,nan,nan,nan,nan,nan,nan,nan,nan,nan,nan,nan,nan,0.001000,nan,1.570796,0.350000,0.350000,0.350000,1.000000,nan,nan,nan,nan,nan,nan
13.280000,nan,nan,nan,nan,nan,nan,nan,nan,nan,nan,nan,nan,nan,0.001000,nan,1.570796,0.350000,0.350000,0.350000,1.000000,nan,nan,nan,nan,nan,nan
13.290000,nan,nan,nan,nan,nan,nan,nan,nan,nan,nan,nan,nan,nan,0.001000,nan,1.570796,0.350000,0.350000,0.350000,1.000000,nan,nan,nan,nan,nan,nan
13.300000,nan,nan,nan,nan,nan,nan,nan,nan,nan,nan,nan,nan,nan,0.001000,nan,1.570796,0.350000,0.350000,0.350000,1.000000,nan,nan,nan,nan,nan,nan
13.310000,nan,nan,nan,nan,nan,nan,nan,nan,nan,nan,nan,nan,nan,0.001000,nan,1.570796,0.350000,0.350000,0.350000,1.000000,nan,nan,nan,nan,nan,nan
13.320000,nan,nan,nan,nan,nan,nan,nan,nan,nan,nan,nan,nan,nan,0.001000,nan,1.570796,0.350000,0.350000,0.350000,1.000000,nan,nan,nan,nan,nan,nan
13.330000,nan,nan,nan,nan,nan,nan,nan,nan,nan,nan,nan,nan,nan,0.001000,nan,1.570796,0.350000,0.350000,0.350000,1.000000,nan,nan,nan,nan,nan,nan
13.340000,nan,nan,nan,nan,nan,nan,nan,nan,nan,nan,nan,nan,nan,0.001000,nan,1.570796,0.350000,0.350000,0.350000,1.000000,nan,nan,nan,nan,nan,nan
13.350000,nan,nan,nan,nan,nan,nan,nan,nan,nan,nan,nan,nan,nan,0.001000,nan,1.570796,0.350000,0.350000,0.350000,1.000000,nan,nan,nan,nan,nan,nan
13.360000,nan,nan,nan,nan,nan,nan,nan,nan,nan,nan,nan,nan,nan,0.001000,nan,1.570796,0.350000,0.350000,0.350000,1.000000,nan,nan,nan,nan,nan,nan
13.370000,nan,nan,nan,nan,nan,nan,nan,nan,nan,nan,nan,nan,nan,0.001000,nan,1.570796,0.350000,0.350000,0.350000,1.000000,nan,nan,nan,nan,nan,nan
13.380000,nan,nan,nan,nan,nan,nan,nan,nan,nan,nan,nan,nan,nan,0.001000,nan,1.570796,0.350000,0.350000,0.350000,1.000000,nan,nan,nan,nan,nan,nan
13.390000,nan,nan,nan,nan,nan,nan,nan,nan,nan,nan,nan,nan,nan,0.001000,nan,1.570796,0.350000,0.350000,0.350000,1.000000,nan,nan,nan,nan,nan,nan
13.400000,nan,nan,nan,nan,nan,nan,nan,nan,nan,nan,nan,nan,nan,0.001000,nan,1.570796,0.350000,0.350000,0.350000,1.000000,nan,nan,nan,nan,nan,nan
13.410000,nan,nan,nan,nan,nan,nan,nan,nan,nan,nan,nan,nan,nan,0.001000,nan,1.570796,0.350000,0.350000,0.350000,1.000000,nan,nan,nan,nan,nan,nan
13.420000,nan,nan,nan,nan,nan,nan,nan,nan,nan,nan,nan,nan,nan,0.001000,nan,1.570796,0.350000,0.350000,0.350000,1.000000,nan,nan,nan,nan,nan,nan
13.430000,nan,nan,nan,nan,nan,nan,nan,nan,nan,nan,nan,nan,nan,0.001000,nan,1.570796,0.350000,0.350000,0.350000,1.000000,nan,nan,nan,nan,nan,nan
13.440000,nan,nan,nan,nan,nan,nan,nan,nan,nan,nan,nan,nan,nan,0.001000,nan,1.570796,0.350000,0.350000,0.350000,1.000000,nan,nan,nan,nan,nan,nan
13.450000,nan,nan,nan,nan,nan,nan,nan,nan,nan,nan,nan,nan,nan,0.001000,nan,1.570796,0.350000,0.350000,0.350000,1.000000,nan,nan,nan,nan,nan,nan
13.460000,nan,nan,nan,nan,nan,nan,nan,nan,nan,nan,nan,nan,nan,0.001000,nan,1.570796,0.350000,0.350000,0.350000,1.000000,nan,nan,nan,nan,nan,nan
13.470000,nan,nan,nan,nan,nan,nan,nan,nan,nan,nan,nan,nan,nan,0.001000,nan,1.570796,0.350000,0.350000,0.350000,1.000000,nan,nan,nan,nan,nan,nan
13.480000,nan,nan,nan,nan,nan,nan,nan,nan,nan,nan,nan,nan,nan,0.001000,nan,1.570796,0.350000,0.350000,0.350000,1.000000,nan,nan,nan,nan,nan,nan
13.490000,nan,nan,nan,nan,nan,nan,nan,nan,nan,nan,nan,nan,nan,0.001000,nan,1.570796,0.350000,0.350000,0.350000,1.000000,nan,nan,nan,nan,nan,nan
13.500000,nan,nan,nan,nan,nan,nan,nan,nan,nan,nan,nan,nan,nan,0.001000,nan,1.570796,0.350000,0.350000,0.350000,1.000000,nan,nan,nan,nan,nan,nan
13.510000,nan,nan,nan,nan,nan,nan,nan,nan,nan,nan,nan,nan,nan,0.001000,nan,1.570796,0.350000,0.350000,0.350000,1.000000,nan,nan,nan,nan,nan,nan
13.520000,nan,nan,nan,nan,nan,nan,nan,nan,nan,nan,nan,nan,nan,0.001000,nan,1.570796,0.350000,0.350000,0.350000,1.000000,nan,nan,nan,nan,nan,nan
13.530000,nan,nan,nan,nan,nan,nan,nan,nan,nan,nan,nan,nan,nan,0.001000,nan,1.570796,0.350000,0.350000,0.350000,1.000000,nan,nan,nan,nan,nan,nan
13.540000,nan,nan,nan,nan,nan,nan,nan,nan,nan,nan,nan,nan,nan,0.001000,nan,1.570796,0.350000,0.350000,0.350000,1.000000,nan,nan,nan,nan,nan,nan
13.550000,nan,nan,nan,nan,nan,nan,nan,nan,nan,nan,nan,nan,nan,0.001000,nan,1.570796,0.350000,0.350000,0.350000,1.000000,nan,nan,nan,nan,nan,nan
13.560000,nan,nan,nan,nan,nan,nan,nan,nan,nan,nan,nan,nan,nan,0.001000,nan,1.570796,0.350000,0.350000,0.350000,1.000000,nan,nan,nan,nan,nan,nan
13.570000,nan,nan,nan,nan,nan,nan,nan,nan,nan,nan,nan,nan,nan,0.001000,nan,1.570796,0.350000,0.350000,0.350000,1.000000,nan,nan,nan,nan,nan,nan
13.580000,nan,nan,nan,nan,nan,nan,nan,nan,nan,nan,nan,nan,nan,0.001000,nan,1.570796,0.350000,0.350000,0.350000,1.000000,nan,nan,nan,nan,nan,nan
13.590000,nan,nan,nan,nan,nan,nan,nan,nan,nan,nan,nan,nan,nan,0.001000,nan,1.570796,0.350000,0.350000,0.350000,1.000000,nan,nan,nan,nan,nan,nan
13.600000,nan,nan,nan,nan,nan,nan,nan,nan,nan,nan,nan,nan,nan,0.001000,nan,1.570796,0.350000,0.350000,0.350000,1.000000,nan,nan,nan,nan,nan,nan
13.610000,nan,nan,nan,nan,nan,nan,nan,nan,nan,nan,nan,nan,nan,0.001000,nan,1.570796,0.350000,0.350000,0.350000,1.000000,nan,nan,nan,nan,nan,nan
13.620000,nan,nan,nan,nan,nan,nan,nan,nan,nan,nan,nan,nan,nan,0.001000,nan,1.570796,0.350000,0.350000,0.350000,1.000000,nan,nan,nan,nan,nan,nan
13.630000,nan,nan,nan,nan,nan,nan,nan,nan,nan,nan,nan,nan,nan,0.001000,nan,1.570796,0.350000,0.350000,0.350000,1.000000,nan,nan,nan,nan,nan,nan
13.640000,nan,nan,nan,nan,nan,nan,nan,nan,nan,nan,nan,nan,nan,0.001000,nan,1.570796,0.350000,0.350000,0.350000,1.000000,nan,nan,nan,nan,nan,nan
13.650000,nan,nan,nan,nan,nan,nan,nan,nan,nan,nan,nan,nan,nan,0.001000,nan,1.570796,0.350000,0.350000,0.350000,1.000000,nan,nan,nan,nan,nan,nan
13.660000,nan,nan,nan,nan,nan,nan,nan,nan,nan,nan,nan,nan,nan,0.001000,nan,1.570796,0.350000,0.350000,0.350000,1.000000,nan,nan,nan,nan,nan,nan
13.670000,nan,nan,nan,nan,nan,nan,nan,nan,nan,nan,nan,nan,nan,0.001000,nan,1.570796,0.350000,0.350000,0.350000,1.000000,nan,nan,nan,nan,nan,nan
13.680000,nan,nan,nan,nan,nan,nan,nan,nan,nan,nan,nan,nan,nan,0.001000,nan,1.570796,0.350000,0.350000,0.350000,1.000000,nan,nan,nan,nan,nan,nan
13.690000,nan,nan,nan,nan,nan,nan,nan,nan,nan,nan,nan,nan,nan,0.001000,nan,1.570796,0.350000,0.350000,0.350000,1.000000,nan,nan,nan,nan,nan,nan
13.700000,nan,nan,nan,nan,nan,nan,nan,nan,nan,nan,nan,nan,nan,0.001000,nan,1.570796,0.350000,0.350000,0.350000,1.000000,nan,nan,nan,nan,nan,nan
13.710000,nan,nan,nan,nan,nan,nan,nan,nan,nan,nan,nan,nan,nan,0.001000,nan,1.570796,0.350000,0.350000,0.350000,1.000000,nan,nan,nan,nan,nan,nan
13.720000,nan,nan,nan,nan,nan,nan,nan,nan,nan,nan,nan,nan,nan,0.001000,nan,1.570796,0.350000,0.350000,0.350000,1.000000,nan,nan,nan,nan,nan,nan
13.730000,nan,nan,nan,nan,nan,nan,nan,nan,nan,nan,nan,nan,nan,0.001000,nan,1.570796,0.350000,0.350000,0.350000,1.000000,nan,nan,nan,nan,nan,nan
13.740000,nan,nan,nan,nan,nan,nan,nan,nan,nan,nan,nan,nan,nan,0.001000,nan,1.570796,0.350000,0.350000,0.350000,1.000000,nan,nan,nan,nan,nan,nan
13.750000,nan,nan,nan,nan,nan,nan,nan,nan,nan,nan,nan,nan,nan,0.001000,nan,1.570796,0.350000,0.350000,0.350000,1.000000,nan,nan,nan,nan,nan,nan
13.760000,nan,nan,nan,nan,nan,nan,nan,nan,nan,nan,nan,nan,nan,0.001000,nan,1.570796,0.350000,0.350000,0.350000,1.000000,nan,nan,nan,nan,nan,nan
13.770000,nan,nan,nan,nan,nan,nan,nan,nan,nan,nan,nan,nan,nan,0.001000,nan,1.570796,0.350000,0.350000,0.350000,1.000000,nan,nan,nan,nan,nan,nan
13.780000,nan,nan,nan,nan,nan,nan,nan,nan,nan,nan,nan,nan,nan,0.001000,nan,1.570796,0.350000,0.350000,0.350000,1.000000,nan,nan,nan,nan,nan,nan
13.790000,nan,nan,nan,nan,nan,nan,nan,nan,nan,nan,nan,nan,nan,0.001000,nan,1.570796,0.350000,0.350000,0.350000,1.000000,nan,nan,nan,nan,nan,nan
13.800000,nan,nan,nan,nan,nan,nan,nan,nan,nan,nan,nan,nan,nan,0.001000,nan,1.570796,0.350000,0.350000,0.350000,1.000000,nan,nan,nan,nan,nan,nan
13.810000,nan,nan,nan,nan,nan,nan,nan,nan,nan,nan,nan,nan,nan,0.001000,nan,1.570796,0.350000,0.350000,0.350000,1.000000,nan,nan,nan,nan,nan,nan
13.820000,nan,nan,nan,nan,nan,nan,nan,nan,nan,nan,nan,nan,nan,0.001000,nan,1.570796,0.350000,0.350000,0.350000,1.000000,nan,nan,nan,nan,nan,nan
13.830000,nan,nan,nan,nan,nan,nan,nan,nan,nan,nan,nan,nan,nan,0.001000,nan,1.570796,0.350000,0.350000,0.350000,1.000000,nan,nan,nan,nan,nan,nan
13.840000,nan,nan,nan,nan,nan,nan,nan,nan,nan,nan,nan,nan,nan,0.001000,nan,1.570796,0.350000,0.350000,0.350000,1.000000,nan,nan,nan,nan,nan,nan
13.850000,nan,nan,nan,nan,nan,nan,nan,nan,nan,nan,nan,nan,nan,0.001000,nan,1.570796,0.350000,0.350000,0.350000,1.000000,nan,nan,nan,nan,nan,nan
13.860000,nan,nan,nan,nan,nan,nan,nan,nan,nan,nan,nan,nan,nan,0.001000,nan,1.570796,0.350000,0.350000,0.350000,1.000000,nan,nan,nan,nan,nan,nan
13.870000,nan,nan,nan,nan,nan,nan,nan,nan,nan,nan,nan,nan,nan,0.001000,nan,1.570796,0.350000,0.350000,0.350000,1.000000,nan,nan,nan,nan,nan,nan
13.880000,nan,nan,nan,nan,nan,nan,nan,nan,nan,nan,nan,nan,nan,0.001000,nan,1.570796,0.350000,0.350000,0.350000,1.000000,nan,nan,nan,nan,nan,nan
13.890000,nan,nan,nan,nan,nan,nan,nan,nan,nan,nan,nan,nan,nan,0.001000,nan,1.570796,0.350000,0.350000,0.350000,1.000000,nan,nan,nan,nan,nan,nan
13.900000,nan,nan,nan,nan,nan,nan,nan,nan,nan,nan,nan,nan,nan,0.001000,nan,1.570796,0.350000,0.350000,0.350000,1.000000,nan,nan,nan,nan,nan,nan
13.910000,nan,nan,nan,nan,nan,nan,nan,nan,nan,nan,nan,nan,nan,0.001000,nan,1.570796,0.350000,0.350000,0.350000,1.000000,nan,nan,nan,nan,nan,nan
13.920000,nan,nan,nan,nan,nan,nan,nan,nan,nan,nan,nan,nan,nan,0.001000,nan,1.570796,0.350000,0.350000,0.350000,1.000000,nan,nan,nan,nan,nan,nan
13.930000,nan,nan,nan,nan,nan,nan,nan,nan,nan,nan,nan,nan,nan,0.001000,nan,1.570796,0.350000,0.350000,0.350000,1.000000,nan,nan,nan,nan,nan,nan
13.940000,nan,nan,nan,nan,nan,nan,nan,nan,nan,nan,nan,nan,nan,0.001000,nan,1.570796,0.350000,0.350000,0.350000,1.000000,nan,nan,nan,nan,nan,nan
13.950000,nan,nan,nan,nan,nan,nan,nan,nan,nan,nan,nan,nan,nan,0.001000,nan,1.570796,0.350000,0.350000,0.350000,1.000000,nan,nan,nan,nan,nan,nan
13.960000,nan,nan,nan,nan,nan,nan,nan,nan,nan,nan,nan,nan,nan,0.001000,nan,1.570796,0.350000,0.350000,0.350000,1.000000,nan,nan,nan,nan,nan,nan
13.970000,nan,nan,nan,nan,nan,nan,nan,nan,nan,nan,nan,nan,nan,0.001000,nan,1.570796,0.350000,0.350000,0.350000,1.000000,nan,nan,nan,nan,nan,nan
13.980000,nan,nan,nan,nan,nan,nan,nan,nan,nan,nan,nan,nan,nan,0.001000,nan,1.570796,0.350000,0.350000,0.350000,1.000000,nan,nan,nan,nan,nan,nan
13.990000,nan,nan,nan,nan,nan,nan,nan,nan,nan,nan,nan,nan,nan,0.001000,nan,1.570796,0.350000,0.350000,0.350000,1.000000,nan,nan,nan,nan,nan,nan
14.000000,nan,nan,nan,nan,nan,nan,nan,nan,nan,nan,nan,nan,nan,0.001000,nan,1.570796,0.350000,0.350000,0.350000,1.000000,nan,nan,nan,nan,nan,nan
14.010000,nan,nan,nan,nan,nan,nan,nan,nan,nan,nan,nan,nan,nan,0.001000,nan,1.570796,0.350000,0.350000,0.350000,1.000000,nan,nan,nan,nan,nan,nan
14.020000,nan,nan,nan,nan,nan,nan,nan,nan,nan,nan,nan,nan,nan,0.001000,nan,1.570796,0.350000,0.350000,0.350000,1.000000,nan,nan,nan,nan,nan,nan
14.030000,nan,nan,nan,nan,nan,nan,nan,nan,nan,nan,nan,nan,nan,0.001000,nan,1.570796,0.350000,0.350000,0.350000,1.000000,nan,nan,nan,nan,nan,nan
14.040000,nan,nan,nan,nan,nan,nan,nan,nan,nan,nan,nan,nan,nan,0.001000,nan,1.570796,0.350000,0.350000,0.350000,1.000000,nan,nan,nan,nan,nan,nan
14.050000,nan,nan,nan,nan,nan,nan,nan,nan,nan,nan,nan,nan,nan,0.001000,nan,1.570796,0.350000,0.350000,0.350000,1.000000,nan,nan,nan,nan,nan,nan
14.060000,nan,nan,nan,nan,nan,nan,nan,nan,nan,nan,nan,nan,nan,0.001000,nan,1.570796,0.350000,0.350000,0.350000,1.000000,nan,nan,nan,nan,nan,nan
14.070000,nan,nan,nan,nan,nan,nan,nan,nan,nan,nan,nan,nan,nan,0.001000,nan,1.570796,0.350000,0.350000,0.350000,1.000000,nan,nan,nan,nan,nan,nan
14.080000,nan,nan,nan,nan,nan,nan,nan,nan,nan,nan,nan,nan,nan,0.001000,nan,1.570796,0.350000,0.350000,0.350000,1.000000,nan,nan,nan,nan,nan,nan
14.090000,nan,nan,nan,nan,nan,nan,nan,nan,nan,nan,nan,nan,nan,0.001000,nan,1.570796,0.350000,0.350000,0.350000,1.000000,nan,nan,nan,nan,nan,nan
14.100000,nan,nan,nan,nan,nan,nan,nan,nan,nan,nan,nan,nan,nan,0.001000,nan,1.570796,0.350000,0.350000,0.350000,1.000000,nan,nan,nan,nan,nan,nan
14.110000,nan,nan,nan,nan,nan,nan,nan,nan,nan,nan,nan,nan,nan,0.001000,nan,1.570796,0.350000,0.350000,0.350000,1.000000,nan,nan,nan,nan,nan,nan
14.120000,nan,nan,nan,nan,nan,nan,nan,nan,nan,nan,nan,nan,nan,0.001000,nan,1.570796,0.350000,0.350000,0.350000,1.000000,nan,nan,nan,nan,nan,nan
14.130000,nan,nan,nan,nan,nan,nan,nan,nan,nan,nan,nan,nan,nan,0.001000,nan,1.570796,0.350000,0.350000,0.350000,1.000000,nan,nan,nan,nan,nan,nan
14.140000,nan,nan,nan,nan,nan,nan,nan,nan,nan,nan,nan,nan,nan,0.001000,nan,1.570796,0.350000,0.350000,0.350000,1.000000,nan,nan,nan,nan,nan,nan
14.150000,nan,nan,nan,nan,nan,nan,nan,nan,nan,nan,nan,nan,nan,0.001000,nan,1.570796,0.350000,0.350000,0.350000,1.000000,nan,nan,nan,nan,nan,nan
14.160000,nan,nan,nan,nan,nan,nan,nan,nan,nan,nan,nan,nan,nan,0.001000,nan,1.570796,0.350000,0.350000,0.350000,1.000000,nan,nan,nan,nan,nan,nan
14.170000,nan,nan,nan,nan,nan,nan,nan,nan,nan,nan,nan,nan,nan,0.001000,nan,1.570796,0.350000,0.350000,0.350000,1.000000,nan,nan,nan,nan,nan,nan
14.180000,nan,nan,nan,nan,nan,nan,nan,nan,nan,nan,nan,nan,nan,0.001000,nan,1.570796,0.350000,0.350000,0.350000,1.000000,nan,nan,nan,nan,nan,nan
14.190000,nan,nan,nan,nan,nan,nan,nan,nan,nan,nan,nan,nan,nan,0.001000,nan,1.570796,0.350000,0.350000,0.350000,1.000000,nan,nan,nan,nan,nan,nan
14.200000,nan,nan,nan,nan,nan,nan,nan,nan,nan,nan,nan,nan,nan,0.001000,nan,1.570796,0.350000,0.350000,0.350000,1.000000,nan,nan,nan,nan,nan,nan
14.210000,nan,nan,nan,nan,nan,nan,nan,nan,nan,nan,nan,nan,nan,0.001000,nan,1.570796,0.350000,0.350000,0.350000,1.000000,nan,nan,nan,nan,nan,nan
14.220000,nan,nan,nan,nan,nan,nan,nan,nan,nan,nan,nan,nan,nan,0.001000,nan,1.570796,0.350000,0.350000,0.350000,1.000000,nan,nan,nan,nan,nan,nan
14.230000,nan,nan,nan,nan,nan,nan,nan,nan,nan,nan,nan,nan,nan,0.001000,nan,1.570796,0.350000,0.350000,0.350000,1.000000,nan,nan,nan,nan,nan,nan
14.240000,nan,nan,nan,nan,nan,nan,nan,nan,nan,nan,nan,nan,nan,0.001000,nan,1.570796,0.350000,0.350000,0.350000,1.000000,nan,nan,nan,nan,nan,nan
14.250000,nan,nan,nan,nan,nan,nan,nan,nan,nan,nan,nan,nan,nan,0.001000,nan,1.570796,0.350000,0.350000,0.350000,1.000000,nan,nan,nan,nan,nan,nan
14.260000,nan,nan,nan,nan,nan,nan,nan,nan,nan,nan,nan,nan,nan,0.001000,nan,1.570796,0.350000,0.350000,0.350000,1.000000,nan,nan,nan,nan,nan,nan
14.270000,nan,nan,nan,nan,nan,nan,nan,nan,nan,nan,nan,nan,nan,0.001000,nan,1.570796,0.350000,0.350000,0.350000,1.000000,nan,nan,nan,nan,nan,nan
14.280000,nan,nan,nan,nan,nan,nan,nan,nan,nan,nan,nan,nan,nan,0.001000,nan,1.570796,0.350000,0.350000,0.350000,1.000000,nan,nan,nan,nan,nan,nan
14.290000,nan,nan,nan,nan,nan,nan,nan,nan,nan,nan,nan,nan,nan,0.001000,nan,1.570796,0.350000,0.350000,0.350000,1.000000,nan,nan,nan,nan,nan,nan
14.300000,nan,nan,nan,nan,nan,nan,nan,nan,nan,nan,nan,nan,nan,0.001000,nan,1.570796,0.350000,0.350000,0.350000,1.000000,nan,nan,nan,nan,nan,nan
14.310000,nan,nan,nan,nan,nan,nan,nan,nan,nan,nan,nan,nan,nan,0.001000,nan,1.570796,0.350000,0.350000,0.350000,1.000000,nan,nan,nan,nan,nan,nan
14.320000,nan,nan,nan,nan,nan,nan,nan,nan,nan,nan,nan,nan,nan,0.001000,nan,1.570796,0.350000,0.350000,0.350000,1.000000,nan,nan,nan,nan,nan,nan
14.330000,nan,nan,nan,nan,nan,nan,nan,nan,nan,nan,nan,nan,nan,0.001000,nan,1.570796,0.350000,0.350000,0.350000,1.000000,nan,nan,nan,nan,nan,nan
14.340000,nan,nan,nan,nan,nan,nan,nan,nan,nan,nan,nan,nan,nan,0.001000,nan,1.570796,0.350000,0.350000,0.350000,1.000000,nan,nan,nan,nan,nan,nan
14.350000,nan,nan,nan,nan,nan,nan,nan,nan,nan,nan,nan,nan,nan,0.001000,nan,1.570796,0.350000,0.350000,0.350000,1.000000,nan,nan,nan,nan,nan,nan
14.360000,nan,nan,nan,nan,nan,nan,nan,nan,nan,nan,nan,nan,nan,0.001000,nan,1.570796,0.350000,0.350000,0.350000,1.000000,nan,nan,nan,nan,nan,nan
14.370000,nan,nan,nan,nan,nan,nan,nan,nan,nan,nan,nan,nan,nan,0.001000,nan,1.570796,0.350000,0.350000,0.350000,1.000000,nan,nan,nan,nan,nan,nan
14.380000,nan,nan,nan,nan,nan,nan,nan,nan,nan,nan,nan,nan,nan,0.001000,nan,1.570796,0.350000,0.350000,0.350000,1.000000,nan,nan,nan,nan,nan,nan
14.390000,nan,nan,nan,nan,nan,nan,nan,nan,nan,nan,nan,nan,nan,0.001000,nan,1.570796,0.350000,0.350000,0.350000,1.000000,nan,nan,nan,nan,nan,nan
14.400000,nan,nan,nan,nan,nan,nan,nan,nan,nan,nan,nan,nan,nan,0.001000,nan,1.570796,0.350000,0.350000,0.350000,1.000000,nan,nan,nan,nan,nan,nan
14.410000,nan,nan,nan,nan,nan,nan,nan,nan,nan,nan,nan,nan,nan,0.001000,nan,1.570796,0.350000,0.350000,0.350000,1.000000,nan,nan,nan,nan,nan,nan
14.420000,nan,nan,nan,nan,nan,nan,nan,nan,nan,nan,nan,nan,nan,0.001000,nan,1.570796,0.350000,0.350000,0.350000,1.000000,nan,nan,nan,nan,nan,nan
14.430000,nan,nan,nan,nan,nan,nan,nan,nan,nan,nan,nan,nan,nan,0.001000,nan,1.570796,0.350000,0.350000,0.350000,1.000000,nan,nan,nan,nan,nan,nan
14.440000,nan,nan,nan,nan,nan,nan,nan,nan,nan,nan,nan,nan,nan,0.001000,nan,1.570796,0.350000,0.350000,0.350000,1.000000,nan,nan,nan,nan,nan,nan
14.450000,nan,nan,nan,nan,nan,nan,nan,nan,nan,nan,nan,nan,nan,0.001000,nan,1.570796,0.350000,0.350000,0.350000,1.000000,nan,nan,nan,nan,nan,nan
14.460000,nan,nan,nan,nan,nan,nan,nan,nan,nan,nan,nan,nan,nan,0.001000,nan,1.570796,0.350000,0.350000,0.350000,1.000000,nan,nan,nan,nan,nan,nan
14.470000,nan,nan,nan,nan,nan,nan,nan,nan,nan,nan,nan,nan,nan,0.001000,nan,1.570796,0.350000,0.350000,0.350000,1.000000,nan,nan,nan,nan,nan,nan
14.480000,nan,nan,nan,nan,nan,nan,nan,nan,nan,nan,nan,nan,nan,0.001000,nan,1.570796,0.350000,0.350000,0.350000,1.000000,nan,nan,nan,nan,nan,nan
14.490000,nan,nan,nan,nan,nan,nan,nan,nan,nan,nan,nan,nan,nan,0.001000,nan,1.570796,0.350000,0.350000,0.350000,1.000000,nan,nan,nan,nan,nan,nan
14.500000,nan,nan,nan,nan,nan,nan,nan,nan,nan,nan,nan,nan,nan,0.001000,nan,1.570796,0.350000,0.350000,0.350000,1.000000,nan,nan,nan,nan,nan,nan
14.510000,nan,nan,nan,nan,nan,nan,nan,nan,nan,nan,nan,nan,nan,0.001000,nan,1.570796,0.350000,0.350000,0.350000,1.000000,nan,nan,nan,nan,nan,nan
14.520000,nan,nan,nan,nan,nan,nan,nan,nan,nan,nan,nan,nan,nan,0.001000,nan,1.570796,0.350000,0.350000,0.350000,1.000000,nan,nan,nan,nan,nan,nan
14.530000,nan,nan,nan,nan,nan,nan,nan,nan,nan,nan,nan,nan,nan,0.001000,nan,1.570796,0.350000,0.350000,0.350000,1.000000,nan,nan,nan,nan,nan,nan
14.540000,nan,nan,nan,nan,nan,nan,nan,nan,nan,nan,nan,nan,nan,0.001000,nan,1.570796,0.350000,0.350000,0.350000,1.000000,nan,nan,nan,nan,nan,nan
14.550000,nan,nan,nan,nan,nan,nan,nan,nan,nan,nan,nan,nan,nan,0.001000,nan,1.570796,0.350000,0.350000,0.350000,1.000000,nan,nan,nan,nan,nan,nan
14.560000,nan,nan,nan,nan,nan,nan,nan,nan,nan,nan,nan,nan,nan,0.001000,nan,1.570796,0.350000,0.350000,0.350000,1.000000,nan,nan,nan,nan,nan,nan
14.570000,nan,nan,nan,nan,nan,nan,nan,nan,nan,nan,nan,nan,nan,0.001000,nan,1.570796,0.350000,0.350000,0.350000,1.000000,nan,nan,nan,nan,nan,nan
14.580000,nan,nan,nan,nan,nan,nan,nan,nan,nan,nan,nan,nan,nan,0.001000,nan,1.570796,0.350000,0.350000,0.350000,1.000000,nan,nan,nan,nan,nan,nan
14.590000,nan,nan,nan,nan,nan,nan,nan,nan,nan,nan,nan,nan,nan,0.001000,nan,1.570796,0.350000,0.350000,0.350000,1.000000,nan,nan,nan,nan,nan,nan
14.600000,nan,nan,nan,nan,nan,nan,nan,nan,nan,nan,nan,nan,nan,0.001000,nan,1.570796,0.350000,0.350000,0.350000,1.000000,nan,nan,nan,nan,nan,nan
14.610000,nan,nan,nan,nan,nan,nan,nan,nan,nan,nan,nan,nan,nan,0.001000,nan,1.570796,0.350000,0.350000,0.350000,1.000000,nan,nan,nan,nan,nan,nan
14.620000,nan,nan,nan,nan,nan,nan,nan,nan,nan,nan,nan,nan,nan,0.001000,nan,1.570796,0.350000,0.350000,0.350000,1.000000,nan,nan,nan,nan,nan,nan
14.630000,nan,nan,nan,nan,nan,nan,nan,nan,nan,nan,nan,nan,nan,0.001000,nan,1.570796,0.350000,0.350000,0.350000,1.000000,nan,nan,nan,nan,nan,nan
14.640000,nan,nan,nan,nan,nan,nan,nan,nan,nan,nan,nan,nan,nan,0.001000,nan,1.570796,0.350000,0.350000,0.350000,1.000000,nan,nan,nan,nan,nan,nan
14.650000,nan,nan,nan,nan,nan,nan,nan,nan,nan,nan,nan,nan,nan,0.001000,nan,1.570796,0.350000,0.350000,0.350000,1.000000,nan,nan,nan,nan,nan,nan
14.660000,nan,nan,nan,nan,nan,nan,nan,nan,nan,nan,nan,nan,nan,0.001000,nan,1.570796,0.350000,0.350000,0.350000,1.000000,nan,nan,nan,nan,nan,nan
14.670000,nan,nan,nan,nan,nan,nan,nan,nan,nan,nan,nan,nan,nan,0.001000,nan,1.570796,0.350000,0.350000,0.350000,1.000000,nan,nan,nan,nan,nan,nan
14.680000,nan,nan,nan,nan,nan,nan,nan,nan,nan,nan,nan,nan,nan,0.001000,nan,1.570796,0.350000,0.350000,0.350000,1.000000,nan,nan,nan,nan,nan,nan
14.690000,nan,nan,nan,nan,nan,nan,nan,nan,nan,nan,nan,nan,nan,0.001000,nan,1.570796,0.350000,0.350000,0.350000,1.000000,nan,nan,nan,nan,nan,nan
14.700000,nan,nan,nan,nan,nan,nan,nan,nan,nan,nan,nan,nan,nan,0.001000,nan,1.570796,0.350000,0.350000,0.350000,1.000000,nan,nan,nan,nan,nan,nan
14.710000,nan,nan,nan,nan,nan,nan,nan,nan,nan,nan,nan,nan,nan,0.001000,nan,1.570796,0.350000,0.350000,0.350000,1.000000,nan,nan,nan,nan,nan,nan
14.720000,nan,nan,nan,nan,nan,nan,nan,nan,nan,nan,nan,nan,nan,0.001000,nan,1.570796,0.350000,0.350000,0.350000,1.000000,nan,nan,nan,nan,nan,nan
14.730000,nan,nan,nan,nan,nan,nan,nan,nan,nan,nan,nan,nan,nan,0.001000,nan,1.570796,0.350000,0.350000,0.350000,1.000000,nan,nan,nan,nan,nan,nan
14.740000,nan,nan,nan,nan,nan,nan,nan,nan,nan,nan,nan,nan,nan,0.001000,nan,1.570796,0.350000,0.350000,0.350000,1.000000,nan,nan,nan,nan,nan,nan
14.750000,nan,nan,nan,nan,nan,nan,nan,nan,nan,nan,nan,nan,nan,0.001000,nan,1.570796,0.350000,0.350000,0.350000,1.000000,nan,nan,nan,nan,nan,nan
14.760000,nan,nan,nan,nan,nan,nan,nan,nan,nan,nan,nan,nan,nan,0.001000,nan,1.570796,0.350000,0.350000,0.350000,1.000000,nan,nan,nan,nan,nan,nan
14.770000,nan,nan,nan,nan,nan,nan,nan,nan,nan,nan,nan,nan,nan,0.001000,nan,1.570796,0.350000,0.350000,0.350000,1.000000,nan,nan,nan,nan,nan,nan
14.780000,nan,nan,nan,nan,nan,nan,nan,nan,nan,nan,nan,nan,nan,0.001000,nan,1.570796,0.350000,0.350000,0.350000,1.000000,nan,nan,nan,nan,nan,nan
14.790000,nan,nan,nan,nan,nan,nan,nan,nan,nan,nan,nan,nan,nan,0.001000,nan,1.570796,0.350000,0.350000,0.350000,1.000000,nan,nan,nan,nan,nan,nan
14.800000,nan,nan,nan,nan,nan,nan,nan,nan,nan,nan,nan,nan,nan,0.001000,nan,1.570796,0.350000,0.350000,0.350000,1.000000,nan,nan,nan,nan,nan,nan
14.810000,nan,nan,nan,nan,nan,nan,nan,nan,nan,nan,nan,nan,nan,0.001000,nan,1.570796,0.350000,0.350000,0.350000,1.000000,nan,nan,nan,nan,nan,nan
14.820000,nan,nan,nan,nan,nan,nan,nan,nan,nan,nan,nan,nan,nan,0.001000,nan,1.570796,0.350000,0.350000,0.350000,1.000000,nan,nan,nan,nan,nan,nan
14.830000,nan,nan,nan,nan,nan,nan,nan,nan,nan,nan,nan,nan,nan,0.001000,nan,1.570796,0.350000,0.350000,0.350000,1.000000,nan,nan,nan,nan,nan,nan
14.840000,nan,nan,nan,nan,nan,nan,nan,nan,nan,nan,nan,nan,nan,0.001000,nan,1.570796,0.350000,0.350000,0.350000,1.000000,nan,nan,nan,nan,nan,nan
14.850000,nan,nan,nan,nan,nan,nan,nan,nan,nan,nan,nan,nan,nan,0.001000,nan,1.570796,0.350000,0.350000,0.350000,1.000000,nan,nan,nan,nan,nan,nan
14.860000,nan,nan,nan,nan,nan,nan,nan,nan,nan,nan,nan,nan,nan,0.001000,nan,1.570796,0.350000,0.350000,0.350000,1.000000,nan,nan,nan,nan,nan,nan
14.870000,nan,nan,nan,nan,nan,nan,nan,nan,nan,nan,nan,nan,nan,0.001000,nan,1.570796,0.350000,0.350000,0.350000,1.000000,nan,nan,nan,nan,nan,nan
14.880000,nan,nan,nan,nan,nan,nan,nan,nan,nan,nan,nan,nan,nan,0.001000,nan,1.570796,0.350000,0.350000,0.350000,1.000000,nan,nan,nan,nan,nan,nan
14.890000,nan,nan,nan,nan,nan,nan,nan,nan,nan,nan,nan,nan,nan,0.001000,nan,1.570796,0.350000,0.350000,0.350000,1.000000,nan,nan,nan,nan,nan,nan
14.900000,nan,nan,nan,nan,nan,nan,nan,nan,nan,nan,nan,nan,nan,0.001000,nan,1.570796,0.350000,0.350000,0.350000,1.000000,nan,nan,nan,nan,nan,nan
14.910000,nan,nan,nan,nan,nan,nan,nan,nan,nan,nan,nan,nan,nan,0.001000,nan,1.570796,0.350000,0.350000,0.350000,1.000000,nan,nan,nan,nan,nan,nan
14.920000,nan,nan,nan,nan,nan,nan,nan,nan,nan,nan,nan,nan,nan,0.001000,nan,1.570796,0.350000,0.350000,0.350000,1.000000,nan,nan,nan,nan,nan,nan
14.930000,nan,nan,nan,nan,nan,nan,nan,nan,nan,nan,nan,nan,nan,0.001000,nan,1.570796,0.350000,0.350000,0.350000,1.000000,nan,nan,nan,nan,nan,nan
14.940000,nan,nan,nan,nan,nan,nan,nan,nan,nan,nan,nan,nan,nan,0.001000,nan,1.570796,0.350000,0.350000,0.350000,1.000000,nan,nan,nan,nan,nan,nan
14.950000,nan,nan,nan,nan,nan,nan,nan,nan,nan,nan,nan,nan,nan,0.001000,nan,1.570796,0.350000,0.350000,0.350000,1.000000,nan,nan,nan,nan,nan,nan
14.960000,nan,nan,nan,nan,nan,nan,nan,nan,nan,nan,nan,nan,nan,0.001000,nan,1.570796,0.350000,0.350000,0.350000,1.000000,nan,nan,nan,nan,nan,nan
14.970000,nan,nan,nan,nan,nan,nan,nan,nan,nan,nan,nan,nan,nan,0.001000,nan,1.570796,0.350000,0.350000,0.350000,1.000000,nan,nan,nan,nan,nan,nan
14.980000,nan,nan,nan,nan,nan,nan,nan,nan,nan,nan,nan,nan,nan,0.001000,nan,1.570796,0.350000,0.350000,0.350000,1.000000,nan,nan,nan,nan,nan,nan
14.990000,nan,nan,nan,nan,nan,nan,nan,nan,nan,nan,nan,nan,nan,0.001000,nan,1.570796,0.350000,0.350000,0.350000,1.000000,nan,nan,nan,nan,nan,nan
15.000000,nan,nan,nan,nan,nan,nan,nan,nan,nan,nan,nan,nan,nan,0.001000,nan,1.570796,0.350000,0.350000,0.350000,1.000000,nan,nan,nan,nan,nan,nan
15.010000,nan,nan,nan,nan,nan,nan,nan,nan,nan,nan,nan,nan,nan,0.001000,nan,1.570796,0.350000,0.350000,0.350000,1.000000,nan,nan,nan,nan,nan,nan
15.020000,nan,nan,nan,nan,nan,nan,nan,nan,nan,nan,nan,nan,nan,0.001000,nan,1.570796,0.350000,0.350000,0.350000,1.000000,nan,nan,nan,nan,nan,nan
15.030000,nan,nan,nan,nan,nan,nan,nan,nan,nan,nan,nan,nan,nan,0.001000,nan,1.570796,0.350000,0.350000,0.350000,1.000000,nan,nan,nan,nan,nan,nan
15.040000,nan,nan,nan,nan,nan,nan,nan,nan,nan,nan,nan,nan,nan,0.001000,nan,1.570796,0.350000,0.350000,0.350000,1.000000,nan,nan,nan,nan,nan,nan
15.050000,nan,nan,nan,nan,nan,nan,nan,nan,nan,nan,nan,nan,nan,0.001000,nan,1.570796,0.350000,0.350000,0.350000,1.000000,nan,nan,nan,nan,nan,nan
15.060000,nan,nan,nan,nan,nan,nan,nan,nan,nan,nan,nan,nan,nan,0.001000,nan,1.570796,0.350000,0.350000,0.350000,1.000000,nan,nan,nan,nan,nan,nan
15.070000,nan,nan,nan,nan,nan,nan,nan,nan,nan,nan,nan,nan,nan,0.001000,nan,1.570796,0.350000,0.350000,0.350000,1.000000,nan,nan,nan,nan,nan,nan
15.080000,nan,nan,nan,nan,nan,nan,nan,nan,nan,nan,nan,nan,nan,0.001000,nan,1.570796,0.350000,0.350000,0.350000,1.000000,nan,nan,nan,nan,nan,nan
15.090000,nan,nan,nan,nan,nan,nan,nan,nan,nan,nan,nan,nan,nan,0.001000,nan,1.570796,0.350000,0.350000,0.350000,1.000000,nan,nan,nan,nan,nan,nan
15.100000,nan,nan,nan,nan,nan,nan,nan,nan,nan,nan,nan,nan,nan,0.001000,nan,1.570796,0.350000,0.350000,0.350000,1.000000,nan,nan,nan,nan,nan,nan
15.110000,nan,nan,nan,nan,nan,nan,nan,nan,nan,nan,nan,nan,nan,0.001000,nan,1.570796,0.350000,0.350000,0.350000,1.000000,nan,nan,nan,nan,nan,nan
15.120000,nan,nan,nan,nan,nan,nan,nan,nan,nan,nan,nan,nan,nan,0.001000,nan,1.570796,0.350000,0.350000,0.350000,1.000000,nan,nan,nan,nan,nan,nan
15.130000,nan,nan,nan,nan,nan,nan,nan,nan,nan,nan,nan,nan,nan,0.001000,nan,1.570796,0.350000,0.350000,0.350000,1.000000,nan,nan,nan,nan,nan,nan
15.140000,nan,nan,nan,nan,nan,nan,nan,nan,nan,nan,nan,nan,nan,0.001000,nan,1.570796,0.350000,0.350000,0.350000,1.000000,nan,nan,nan,nan,nan,nan
15.150000,nan,nan,nan,nan,nan,nan,nan,nan,nan,nan,nan,nan,nan,0.001000,nan,1.570796,0.350000,0.350000,0.350000,1.000000,nan,nan,nan,nan,nan,nan
15.160000,nan,nan,nan,nan,nan,nan,nan,nan,nan,nan,nan,nan,nan,0.001000,nan,1.570796,0.350000,0.350000,0.350000,1.000000,nan,nan,nan,nan,nan,nan
15.170000,nan,nan,nan,nan,nan,nan,nan,nan,nan,nan,nan,nan,nan,0.001000,nan,1.570796,0.350000,0.350000,0.350000,1.000000,nan,nan,nan,nan,nan,nan
15.180000,nan,nan,nan,nan,nan,nan,nan,nan,nan,nan,nan,nan,nan,0.001000,nan,1.570796,0.350000,0.350000,0.350000,1.000000,nan,nan,nan,nan,nan,nan
15.190000,nan,nan,nan,nan,nan,nan,nan,nan,nan,nan,nan,nan,nan,0.001000,nan,1.570796,0.350000,0.350000,0.350000,1.000000,nan,nan,nan,nan,nan,nan
15.200000,nan,nan,nan,nan,nan,nan,nan,nan,nan,nan,nan,nan,nan,0.001000,nan,1.570796,0.350000,0.350000,0.350000,1.000000,nan,nan,nan,nan,nan,nan
15.210000,nan,nan,nan,nan,nan,nan,nan,nan,nan,nan,nan,nan,nan,0.001000,nan,1.570796,0.350000,0.350000,0.350000,1.000000,nan,nan,nan,nan,nan,nan
15.220000,nan,nan,nan,nan,nan,nan,nan,nan,nan,nan,nan,nan,nan,0.001000,nan,1.570796,0.350000,0.350000,0.350000,1.000000,nan,nan,nan,nan,nan,nan
15.230000,nan,nan,nan,nan,nan,nan,nan,nan,nan,nan,nan,nan,nan,0.001000,nan,1.570796,0.350000,0.350000,0.350000,1.000000,nan,nan,nan,nan,nan,nan
15.240000,nan,nan,nan,nan,nan,nan,nan,nan,nan,nan,nan,nan,nan,0.001000,nan,1.570796,0.350000,0.350000,0.350000,1.000000,nan,nan,nan,nan,nan,nan
15.250000,nan,nan,nan,nan,nan,nan,nan,nan,nan,nan,nan,nan,nan,0.001000,nan,1.570796,0.350000,0.350000,0.350000,1.000000,nan,nan,nan,nan,nan,nan
15.260000,nan,nan,nan,nan,nan,nan,nan,nan,nan,nan,nan,nan,nan,0.001000,nan,1.570796,0.350000,0.350000,0.350000,1.000000,nan,nan,nan,nan,nan,nan
15.270000,nan,nan,nan,nan,nan,nan,nan,nan,nan,nan,nan,nan,nan,0.001000,nan,1.570796,0.350000,0.350000,0.350000,1.000000,nan,nan,nan,nan,nan,nan
15.280000,nan,nan,nan,nan,nan,nan,nan,nan,nan,nan,nan,nan,nan,0.001000,nan,1.570796,0.350000,0.350000,0.350000,1.000000,nan,nan,nan,nan,nan,nan
15.290000,nan,nan,nan,nan,nan,nan,nan,nan,nan,nan,nan,nan,nan,0.001000,nan,1.570796,0.350000,0.350000,0.350000,1.000000,nan,nan,nan,nan,nan,nan
15.300000,nan,nan,nan,nan,nan,nan,nan,nan,nan,nan,nan,nan,nan,0.001000,nan,1.570796,0.350000,0.350000,0.350000,1.000000,nan,nan,nan,nan,nan,nan
15.310000,nan,nan,nan,nan,nan,nan,nan,nan,nan,nan,nan,nan,nan,0.001000,nan,1.570796,0.350000,0.350000,0.350000,1.000000,nan,nan,nan,nan,nan,nan
15.320000,nan,nan,nan,nan,nan,nan,nan,nan,nan,nan,nan,nan,nan,0.001000,nan,1.570796,0.350000,0.350000,0.350000,1.000000,nan,nan,nan,nan,nan,nan
15.330000,nan,nan,nan,nan,nan,nan,nan,nan,nan,nan,nan,nan,nan,0.001000,nan,1.570796,0.350000,0.350000,0.350000,1.000000,nan,nan,nan,nan,nan,nan
15.340000,nan,nan,nan,nan,nan,nan,nan,nan,nan,nan,nan,nan,nan,0.001000,nan,1.570796,0.350000,0.350000,0.350000,1.000000,nan,nan,nan,nan,nan,nan
15.350000,nan,nan,nan,nan,nan,nan,nan,nan,nan,nan,nan,nan,nan,0.001000,nan,1.570796,0.350000,0.350000,0.350000,1.000000,nan,nan,nan,nan,nan,nan
15.360000,nan,nan,nan,nan,nan,nan,nan,nan,nan,nan,nan,nan,nan,0.001000,nan,1.570796,0.350000,0.350000,0.350000,1.000000,nan,nan,nan,nan,nan,nan
15.370000,nan,nan,nan,nan,nan,nan,nan,nan,nan,nan,nan,nan,nan,0.001000,nan,1.570796,0.350000,0.350000,0.350000,1.000000,nan,nan,nan,nan,nan,nan
15.380000,nan,nan,nan,nan,nan,nan,nan,nan,nan,nan,nan,nan,nan,0.001000,nan,1.570796,0.350000,0.350000,0.350000,1.000000,nan,nan,nan,nan,nan,nan
15.390000,nan,nan,nan,nan,nan,nan,nan,nan,nan,nan,nan,nan,nan,0.001000,nan,1.570796,0.350000,0.350000,0.350000,1.000000,nan,nan,nan,nan,nan,nan
15.400000,nan,nan,nan,nan,nan,nan,nan,nan,nan,nan,nan,nan,nan,0.001000,nan,1.570796,0.350000,0.350000,0.350000,1.000000,nan,nan,nan,nan,nan,nan
15.410000,nan,nan,nan,nan,nan,nan,nan,nan,nan,nan,nan,nan,nan,0.001000,nan,1.570796,0.350000,0.350000,0.350000,1.000000,nan,nan,nan,nan,nan,nan
15.420000,nan,nan,nan,nan,nan,nan,nan,nan,nan,nan,nan,nan,nan,0.001000,nan,1.570796,0.350000,0.350000,0.350000,1.000000,nan,nan,nan,nan,nan,nan
15.430000,nan,nan,nan,nan,nan,nan,nan,nan,nan,nan,nan,nan,nan,0.001000,nan,1.570796,0.350000,0.350000,0.350000,1.000000,nan,nan,nan,nan,nan,nan
15.440000,nan,nan,nan,nan,nan,nan,nan,nan,nan,nan,nan,nan,nan,0.001000,nan,1.570796,0.350000,0.350000,0.350000,1.000000,nan,nan,nan,nan,nan,nan
15.450000,nan,nan,nan,nan,nan,nan,nan,nan,nan,nan,nan,nan,nan,0.001000,nan,1.570796,0.350000,0.350000,0.350000,1.000000,nan,nan,nan,nan,nan,nan
15.460000,nan,nan,nan,nan,nan,nan,nan,nan,nan,nan,nan,nan,nan,0.001000,nan,1.570796,0.350000,0.350000,0.350000,1.000000,nan,nan,nan,nan,nan,nan
15.470000,nan,nan,nan,nan,nan,nan,nan,nan,nan,nan,nan,nan,nan,0.001000,nan,1.570796,0.350000,0.350000,0.350000,1.000000,nan,nan,nan,nan,nan,nan
15.480000,nan,nan,nan,nan,nan,nan,nan,nan,nan,nan,nan,nan,nan,0.001000,nan,1.570796,0.350000,0.350000,0.350000,1.000000,nan,nan,nan,nan,nan,nan
15.490000,nan,nan,nan,nan,nan,nan,nan,nan,nan,nan,nan,nan,nan,0.001000,nan,1.570796,0.350000,0.350000,0.350000,1.000000,nan,nan,nan,nan,nan,nan
15.500000,nan,nan,nan,nan,nan,nan,nan,nan,nan,nan,nan,nan,nan,0.001000,nan,1.570796,0.350000,0.350000,0.350000,1.000000,nan,nan,nan,nan,nan,nan
15.510000,nan,nan,nan,nan,nan,nan,nan,nan,nan,nan,nan,nan,nan,0.001000,nan,1.570796,0.350000,0.350000,0.350000,1.000000,nan,nan,nan,nan,nan,nan
15.520000,nan,nan,nan,nan,nan,nan,nan,nan,nan,nan,nan,nan,nan,0.001000,nan,1.570796,0.350000,0.350000,0.350000,1.000000,nan,nan,nan,nan,nan,nan
15.530000,nan,nan,nan,nan,nan,nan,nan,nan,nan,nan,nan,nan,nan,0.001000,nan,1.570796,0.350000,0.350000,0.350000,1.000000,nan,nan,nan,nan,nan,nan
15.540000,nan,nan,nan,nan,nan,nan,nan,nan,nan,nan,nan,nan,nan,0.001000,nan,1.570796,0.350000,0.350000,0.350000,1.000000,nan,nan,nan,nan,nan,nan
15.550000,nan,nan,nan,nan,nan,nan,nan,nan,nan,nan,nan,nan,nan,0.001000,nan,1.570796,0.350000,0.350000,0.350000,1.000000,nan,nan,nan,nan,nan,nan
15.560000,nan,nan,nan,nan,nan,nan,nan,nan,nan,nan,nan,nan,nan,0.001000,nan,1.570796,0.350000,0.350000,0.350000,1.000000,nan,nan,nan,nan,nan,nan
15.570000,nan,nan,nan,nan,nan,nan,nan,nan,nan,nan,nan,nan,nan,0.001000,nan,1.570796,0.350000,0.350000,0.350000,1.000000,nan,nan,nan,nan,nan,nan
15.580000,nan,nan,nan,nan,nan,nan,nan,nan,nan,nan,nan,nan,nan,0.001000,nan,1.570796,0.350000,0.350000,0.350000,1.000000,nan,nan,nan,nan,nan,nan
15.590000,nan,nan,nan,nan,nan,nan,nan,nan,nan,nan,nan,nan,nan,0.001000,nan,1.570796,0.350000,0.350000,0.350000,1.000000,nan,nan,nan,nan,nan,nan
15.600000,nan,nan,nan,nan,nan,nan,nan,nan,nan,nan,nan,nan,nan,0.001000,nan,1.570796,0.350000,0.350000,0.350000,1.000000,nan,nan,nan,nan,nan,nan
15.610000,nan,nan,nan,nan,nan,nan,nan,nan,nan,nan,nan,nan,nan,0.001000,nan,1.570796,0.350000,0.350000,0.350000,1.000000,nan,nan,nan,nan,nan,nan
15.620000,nan,nan,nan,nan,nan,nan,nan,nan,nan,nan,nan,nan,nan,0.001000,nan,1.570796,0.350000,0.350000,0.350000,1.000000,nan,nan,nan,nan,nan,nan
15.630000,nan,nan,nan,nan,nan,nan,nan,nan,nan,nan,nan,nan,nan,0.001000,nan,1.570796,0.350000,0.350000,0.350000,1.000000,nan,nan,nan,nan,nan,nan
15.640000,nan,nan,nan,nan,nan,nan,nan,nan,nan,nan,nan,nan,nan,0.001000,nan,1.570796,0.350000,0.350000,0.350000,1.000000,nan,nan,nan,nan,nan,nan
15.650000,nan,nan,nan,nan,nan,nan,nan,nan,nan,nan,nan,nan,nan,0.001000,nan,1.570796,0.350000,0.350000,0.350000,1.000000,nan,nan,nan,nan,nan,nan
15.660000,nan,nan,nan,nan,nan,nan,nan,nan,nan,nan,nan,nan,nan,0.001000,nan,1.570796,0.350000,0.350000,0.350000,1.000000,nan,nan,nan,nan,nan,nan
15.670000,nan,nan,nan,nan,nan,nan,nan,nan,nan,nan,nan,nan,nan,0.001000,nan,1.570796,0.350000,0.350000,0.350000,1.000000,nan,nan,nan,nan,nan,nan
15.680000,nan,nan,nan,nan,nan,nan,nan,nan,nan,nan,nan,nan,nan,0.001000,nan,1.570796,0.350000,0.350000,0.350000,1.000000,nan,nan,nan,nan,nan,nan
15.690000,nan,nan,nan,nan,nan,nan,nan,nan,nan,nan,nan,nan,nan,0.001000,nan,1.570796,0.350000,0.350000,0.350000,1.000000,nan,nan,nan,nan,nan,nan
15.700000,nan,nan,nan,nan,nan,nan,nan,nan,nan,nan,nan,nan,nan,0.001000,nan,1.570796,0.350000,0.350000,0.350000,1.000000,nan,nan,nan,nan,nan,nan
15.710000,nan,nan,nan,nan,nan,nan,nan,nan,nan,nan,nan,nan,nan,0.001000,nan,1.570796,0.350000,0.350000,0.350000,1.000000,nan,nan,nan,nan,nan,nan
15.720000,nan,nan,nan,nan,nan,nan,nan,nan,nan,nan,nan,nan,nan,0.001000,nan,1.570796,0.350000,0.350000,0.350000,1.000000,nan,nan,nan,nan,nan,nan
15.730000,nan,nan,nan,nan,nan,nan,nan,nan,nan,nan,nan,nan,nan,0.001000,nan,1.570796,0.350000,0.350000,0.350000,1.000000,nan,nan,nan,nan,nan,nan
15.740000,nan,nan,nan,nan,nan,nan,nan,nan,nan,nan,nan,nan,nan,0.001000,nan,1.570796,0.350000,0.350000,0.350000,1.000000,nan,nan,nan,nan,nan,nan
15.750000,nan,nan,nan,nan,nan,nan,nan,nan,nan,nan,nan,nan,nan,0.001000,nan,1.570796,0.350000,0.350000,0.350000,1.000000,nan,nan,nan,nan,nan,nan
15.760000,nan,nan,nan,nan,nan,nan,nan,nan,nan,nan,nan,nan,nan,0.001000,nan,1.570796,0.350000,0.350000,0.350000,1.000000,nan,nan,nan,nan,nan,nan
15.770000,nan,nan,nan,nan,nan,nan,nan,nan,nan,nan,nan,nan,nan,0.001000,nan,1.570796,0.350000,0.350000,0.350000,1.000000,nan,nan,nan,nan,nan,nan
15.780000,nan,nan,nan,nan,nan,nan,nan,nan,nan,nan,nan,nan,nan,0.001000,nan,1.570796,0.350000,0.350000,0.350000,1.000000,nan,nan,nan,nan,nan,nan
15.790000,nan,nan,nan,nan,nan,nan,nan,nan,nan,nan,nan,nan,nan,0.001000,nan,1.570796,0.350000,0.350000,0.350000,1.000000,nan,nan,nan,nan,nan,nan
15.800000,nan,nan,nan,nan,nan,nan,nan,nan,nan,nan,nan,nan,nan,0.001000,nan,1.570796,0.350000,0.350000,0.350000,1.000000,nan,nan,nan,nan,nan,nan
15.810000,nan,nan,nan,nan,nan,nan,nan,nan,nan,nan,nan,nan,nan,0.001000,nan,1.570796,0.350000,0.350000,0.350000,1.000000,nan,nan,nan,nan,nan,nan
15.820000,nan,nan,nan,nan,nan,nan,nan,nan,nan,nan,nan,nan,nan,0.001000,nan,1.570796,0.350000,0.350000,0.350000,1.000000,nan,nan,nan,nan,nan,nan
15.830000,nan,nan,nan,nan,nan,nan,nan,nan,nan,nan,nan,nan,nan,0.001000,nan,1.570796,0.350000,0.350000,0.350000,1.000000,nan,nan,nan,nan,nan,nan
15.840000,nan,nan,nan,nan,nan,nan,nan,nan,nan,nan,nan,nan,nan,0.001000,nan,1.570796,0.350000,0.350000,0.350000,1.000000,nan,nan,nan,nan,nan,nan
15.850000,nan,nan,nan,nan,nan,nan,nan,nan,nan,nan,nan,nan,nan,0.001000,nan,1.570796,0.350000,0.350000,0.350000,1.000000,nan,nan,nan,nan,nan,nan
15.860000,nan,nan,nan,nan,nan,nan,nan,nan,nan,nan,nan,nan,nan,0.001000,nan,1.570796,0.350000,0.350000,0.350000,1.000000,nan,nan,nan,nan,nan,nan
15.870000,nan,nan,nan,nan,nan,nan,nan,nan,nan,nan,nan,nan,nan,0.001000,nan,1.570796,0.350000,0.350000,0.350000,1.000000,nan,nan,nan,nan,nan,nan
15.880000,nan,nan,nan,nan,nan,nan,nan,nan,nan,nan,nan,nan,nan,0.001000,nan,1.570796,0.350000,0.350000,0.350000,1.000000,nan,nan,nan,nan,nan,nan
15.890000,nan,nan,nan,nan,nan,nan,nan,nan,nan,nan,nan,nan,nan,0.001000,nan,1.570796,0.350000,0.350000,0.350000,1.000000,nan,nan,nan,nan,nan,nan
15.900000,nan,nan,nan,nan,nan,nan,nan,nan,nan,nan,nan,nan,nan,0.001000,nan,1.570796,0.350000,0.350000,0.350000,1.000000,nan,nan,nan,nan,nan,nan
15.910000,nan,nan,nan,nan,nan,nan,nan,nan,nan,nan,nan,nan,nan,0.001000,nan,1.570796,0.350000,0.350000,0.350000,1.000000,nan,nan,nan,nan,nan,nan
15.920000,nan,nan,nan,nan,nan,nan,nan,nan,nan,nan,nan,nan,nan,0.001000,nan,1.570796,0.350000,0.350000,0.350000,1.000000,nan,nan,nan,nan,nan,nan
15.930000,nan,nan,nan,nan,nan,nan,nan,nan,nan,nan,nan,nan,nan,0.001000,nan,1.570796,0.350000,0.350000,0.350000,1.000000,nan,nan,nan,nan,nan,nan
15.940000,nan,nan,nan,nan,nan,nan,nan,nan,nan,nan,nan,nan,nan,0.001000,nan,1.570796,0.350000,0.350000,0.350000,1.000000,nan,nan,nan,nan,nan,nan
15.950000,nan,nan,nan,nan,nan,nan,nan,nan,nan,nan,nan,nan,nan,0.001000,nan,1.570796,0.350000,0.350000,0.350000,1.000000,nan,nan,nan,nan,nan,nan
15.960000,nan,nan,nan,nan,nan,nan,nan,nan,nan,nan,nan,nan,nan,0.001000,nan,1.570796,0.350000,0.350000,0.350000,1.000000,nan,nan,nan,nan,nan,nan
15.970000,nan,nan,nan,nan,nan,nan,nan,nan,nan,nan,nan,nan,nan,0.001000,nan,1.570796,0.350000,0.350000,0.350000,1.000000,nan,nan,nan,nan,nan,nan
15.980000,nan,nan,nan,nan,nan,nan,nan,nan,nan,nan,nan,nan,nan,0.001000,nan,1.570796,0.350000,0.350000,0.350000,1.000000,nan,nan,nan,nan,nan,nan
15.990000,nan,nan,nan,nan,nan,nan,nan,nan,nan,nan,nan,nan,nan,0.001000,nan,1.570796,0.350000,0.350000,0.350000,1.000000,nan,nan,nan,nan,nan,nan
16.000000,nan,nan,nan,nan,nan,nan,nan,nan,nan,nan,nan,nan,nan,0.001000,nan,1.570796,0.350000,0.350000,0.350000,1.000000,nan,nan,nan,nan,nan,nan
16.010000,nan,nan,nan,nan,nan,nan,nan,nan,nan,nan,nan,nan,nan,0.001000,nan,1.570796,0.350000,0.350000,0.350000,1.000000,nan,nan,nan,nan,nan,nan
16.020000,nan,nan,nan,nan,nan,nan,nan,nan,nan,nan,nan,nan,nan,0.001000,nan,1.570796,0.350000,0.350000,0.350000,1.000000,nan,nan,nan,nan,nan,nan
16.030000,nan,nan,nan,nan,nan,nan,nan,nan,nan,nan,nan,nan,nan,0.001000,nan,1.570796,0.350000,0.350000,0.350000,1.000000,nan,nan,nan,nan,nan,nan
16.040000,nan,nan,nan,nan,nan,nan,nan,nan,nan,nan,nan,nan,nan,0.001000,nan,1.570796,0.350000,0.350000,0.350000,1.000000,nan,nan,nan,nan,nan,nan
16.050000,nan,nan,nan,nan,nan,nan,nan,nan,nan,nan,nan,nan,nan,0.001000,nan,1.570796,0.350000,0.350000,0.350000,1.000000,nan,nan,nan,nan,nan,nan
16.060000,nan,nan,nan,nan,nan,nan,nan,nan,nan,nan,nan,nan,nan,0.001000,nan,1.570796,0.350000,0.350000,0.350000,1.000000,nan,nan,nan,nan,nan,nan
16.070000,nan,nan,nan,nan,nan,nan,nan,nan,nan,nan,nan,nan,nan,0.001000,nan,1.570796,0.350000,0.350000,0.350000,1.000000,nan,nan,nan,nan,nan,nan
16.080000,nan,nan,nan,nan,nan,nan,nan,nan,nan,nan,nan,nan,nan,0.001000,nan,1.570796,0.350000,0.350000,0.350000,1.000000,nan,nan,nan,nan,nan,nan
16.090000,nan,nan,nan,nan,nan,nan,nan,nan,nan,nan,nan,nan,nan,0.001000,nan,1.570796,0.350000,0.350000,0.350000,1.000000,nan,nan,nan,nan,nan,nan
16.100000,nan,nan,nan,nan,nan,nan,nan,nan,nan,nan,nan,nan,nan,0.001000,nan,1.570796,0.350000,0.350000,0.350000,1.000000,nan,nan,nan,nan,nan,nan
16.110000,nan,nan,nan,nan,nan,nan,nan,nan,nan,nan,nan,nan,nan,0.001000,nan,1.570796,0.350000,0.350000,0.350000,1.000000,nan,nan,nan,nan,nan,nan
16.120000,nan,nan,nan,nan,nan,nan,nan,nan,nan,nan,nan,nan,nan,0.001000,nan,1.570796,0.350000,0.350000,0.350000,1.000000,nan,nan,nan,nan,nan,nan
16.130000,nan,nan,nan,nan,nan,nan,nan,nan,nan,nan,nan,nan,nan,0.001000,nan,1.570796,0.350000,0.350000,0.350000,1.000000,nan,nan,nan,nan,nan,nan
16.140000,nan,nan,nan,nan,nan,nan,nan,nan,nan,nan,nan,nan,nan,0.001000,nan,1.570796,0.350000,0.350000,0.350000,1.000000,nan,nan,nan,nan,nan,nan
16.150000,nan,nan,nan,nan,nan,nan,nan,nan,nan,nan,nan,nan,nan,0.001000,nan,1.570796,0.350000,0.350000,0.350000,1.000000,nan,nan,nan,nan,nan,nan
16.160000,nan,nan,nan,nan,nan,nan,nan,nan,nan,nan,nan,nan,nan,0.001000,nan,1.570796,0.350000,0.350000,0.350000,1.000000,nan,nan,nan,nan,nan,nan
16.170000,nan,nan,nan,nan,nan,nan,nan,nan,nan,nan,nan,nan,nan,0.001000,nan,1.570796,0.350000,0.350000,0.350000,1.000000,nan,nan,nan,nan,nan,nan
16.180000,nan,nan,nan,nan,nan,nan,nan,nan,nan,nan,nan,nan,nan,0.001000,nan,1.570796,0.350000,0.350000,0.350000,1.000000,nan,nan,nan,nan,nan,nan
16.190000,nan,nan,nan,nan,nan,nan,nan,nan,nan,nan,nan,nan,nan,0.001000,nan,1.570796,0.350000,0.350000,0.350000,1.000000,nan,nan,nan,nan,nan,nan
16.200000,nan,nan,nan,nan,nan,nan,nan,nan,nan,nan,nan,nan,nan,0.001000,nan,1.570796,0.350000,0.350000,0.350000,1.000000,nan,nan,nan,nan,nan,nan
16.210000,nan,nan,nan,nan,nan,nan,nan,nan,nan,nan,nan,nan,nan,0.001000,nan,1.570796,0.350000,0.350000,0.350000,1.000000,nan,nan,nan,nan,nan,nan
16.220000,nan,nan,nan,nan,nan,nan,nan,nan,nan,nan,nan,nan,nan,0.001000,nan,1.570796,0.350000,0.350000,0.350000,1.000000,nan,nan,nan,nan,nan,nan
16.230000,nan,nan,nan,nan,nan,nan,nan,nan,nan,nan,nan,nan,nan,0.001000,nan,1.570796,0.350000,0.350000,0.350000,1.000000,nan,nan,nan,nan,nan,nan
16.240000,nan,nan,nan,nan,nan,nan,nan,nan,nan,nan,nan,nan,nan,0.001000,nan,1.570796,0.350000,0.350000,0.350000,1.000000,nan,nan,nan,nan,nan,nan
16.250000,nan,nan,nan,nan,nan,nan,nan,nan,nan,nan,nan,nan,nan,0.001000,nan,1.570796,0.350000,0.350000,0.350000,1.000000,nan,nan,nan,nan,nan,nan
16.260000,nan,nan,nan,nan,nan,nan,nan,nan,nan,nan,nan,nan,nan,0.001000,nan,1.570796,0.350000,0.350000,0.350000,1.000000,nan,nan,nan,nan,nan,nan
16.270000,nan,nan,nan,nan,nan,nan,nan,nan,nan,nan,nan,nan,nan,0.001000,nan,1.570796,0.350000,0.350000,0.350000,1.000000,nan,nan,nan,nan,nan,nan
16.280000,nan,nan,nan,nan,nan,nan,nan,nan,nan,nan,nan,nan,nan,0.001000,nan,1.570796,0.350000,0.350000,0.350000,1.000000,nan,nan,nan,nan,nan,nan
16.290000,nan,nan,nan,nan,nan,nan,nan,nan,nan,nan,nan,nan,nan,0.001000,nan,1.570796,0.350000,0.350000,0.350000,1.000000,nan,nan,nan,nan,nan,nan
16.300000,nan,nan,nan,nan,nan,nan,nan,nan,nan,nan,nan,nan,nan,0.001000,nan,1.570796,0.350000,0.350000,0.350000,1.000000,nan,nan,nan,nan,nan,nan
16.310000,nan,nan,nan,nan,nan,nan,nan,nan,nan,nan,nan,nan,nan,0.001000,nan,1.570796,0.350000,0.350000,0.350000,1.000000,nan,nan,nan,nan,nan,nan
16.320000,nan,nan,nan,nan,nan,nan,nan,nan,nan,nan,nan,nan,nan,0.001000,nan,1.570796,0.350000,0.350000,0.350000,1.000000,nan,nan,nan,nan,nan,nan
16.330000,nan,nan,nan,nan,nan,nan,nan,nan,nan,nan,nan,nan,nan,0.001000,nan,1.570796,0.350000,0.350000,0.350000,1.000000,nan,nan,nan,nan,nan,nan
16.340000,nan,nan,nan,nan,nan,nan,nan,nan,nan,nan,nan,nan,nan,0.001000,nan,1.570796,0.350000,0.350000,0.350000,1.000000,nan,nan,nan,nan,nan,nan
16.350000,nan,nan,nan,nan,nan,nan,nan,nan,nan,nan,nan,nan,nan,0.001000,nan,1.570796,0.350000,0.350000,0.350000,1.000000,nan,nan,nan,nan,nan,nan
16.360000,nan,nan,nan,nan,nan,nan,nan,nan,nan,nan,nan,nan,nan,0.001000,nan,1.570796,0.350000,0.350000,0.350000,1.000000,nan,nan,nan,nan,nan,nan
16.370000,nan,nan,nan,nan,nan,nan,nan,nan,nan,nan,nan,nan,nan,0.001000,nan,1.570796,0.350000,0.350000,0.350000,1.000000,nan,nan,nan,nan,nan,nan
16.380000,nan,nan,nan,nan,nan,nan,nan,nan,nan,nan,nan,nan,nan,0.001000,nan,1.570796,0.350000,0.350000,0.350000,1.000000,nan,nan,nan,nan,nan,nan
16.390000,nan,nan,nan,nan,nan,nan,nan,nan,nan,nan,nan,nan,nan,0.001000,nan,1.570796,0.350000,0.350000,0.350000,1.000000,nan,nan,nan,nan,nan,nan
16.400000,nan,nan,nan,nan,nan,nan,nan,nan,nan,nan,nan,nan,nan,0.001000,nan,1.570796,0.350000,0.350000,0.350000,1.000000,nan,nan,nan,nan,nan,nan
16.410000,nan,nan,nan,nan,nan,nan,nan,nan,nan,nan,nan,nan,nan,0.001000,nan,1.570796,0.350000,0.350000,0.350000,1.000000,nan,nan,nan,nan,nan,nan
16.420000,nan,nan,nan,nan,nan,nan,nan,nan,nan,nan,nan,nan,nan,0.001000,nan,1.570796,0.350000,0.350000,0.350000,1.000000,nan,nan,nan,nan,nan,nan
16.430000,nan,nan,nan,nan,nan,nan,nan,nan,nan,nan,nan,nan,nan,0.001000,nan,1.570796,0.350000,0.350000,0.350000,1.000000,nan,nan,nan,nan,nan,nan
16.440000,nan,nan,nan,nan,nan,nan,nan,nan,nan,nan,nan,nan,nan,0.001000,nan,1.570796,0.350000,0.350000,0.350000,1.000000,nan,nan,nan,nan,nan,nan
16.450000,nan,nan,nan,nan,nan,nan,nan,nan,nan,nan,nan,nan,nan,0.001000,nan,1.570796,0.350000,0.350000,0.350000,1.000000,nan,nan,nan,nan,nan,nan
16.460000,nan,nan,nan,nan,nan,nan,nan,nan,nan,nan,nan,nan,nan,0.001000,nan,1.570796,0.350000,0.350000,0.350000,1.000000,nan,nan,nan,nan,nan,nan
16.470000,nan,nan,nan,nan,nan,nan,nan,nan,nan,nan,nan,nan,nan,0.001000,nan,1.570796,0.350000,0.350000,0.350000,1.000000,nan,nan,nan,nan,nan,nan
16.480000,nan,nan,nan,nan,nan,nan,nan,nan,nan,nan,nan,nan,nan,0.001000,nan,1.570796,0.350000,0.350000,0.350000,1.000000,nan,nan,nan,nan,nan,nan
16.490000,nan,nan,nan,nan,nan,nan,nan,nan,nan,nan,nan,nan,nan,0.001000,nan,1.570796,0.350000,0.350000,0.350000,1.000000,nan,nan,nan,nan,nan,nan
16.500000,nan,nan,nan,nan,nan,nan,nan,nan,nan,nan,nan,nan,nan,0.001000,nan,1.570796,0.350000,0.350000,0.350000,1.000000,nan,nan,nan,nan,nan,nan
16.510000,nan,nan,nan,nan,nan,nan,nan,nan,nan,nan,nan,nan,nan,0.001000,nan,1.570796,0.350000,0.350000,0.350000,1.000000,nan,nan,nan,nan,nan,nan
16.520000,nan,nan,nan,nan,nan,nan,nan,nan,nan,nan,nan,nan,nan,0.001000,nan,1.570796,0.350000,0.350000,0.350000,1.000000,nan,nan,nan,nan,nan,nan
16.530000,nan,nan,nan,nan,nan,nan,nan,nan,nan,nan,nan,nan,nan,0.001000,nan,1.570796,0.350000,0.350000,0.350000,1.000000,nan,nan,nan,nan,nan,nan
16.540000,nan,nan,nan,nan,nan,nan,nan,nan,nan,nan,nan,nan,nan,0.001000,nan,1.570796,0.350000,0.350000,0.350000,1.000000,nan,nan,nan,nan,nan,nan
16.550000,nan,nan,nan,nan,nan,nan,nan,nan,nan,nan,nan,nan,nan,0.001000,nan,1.570796,0.350000,0.350000,0.350000,1.000000,nan,nan,nan,nan,nan,nan
16.560000,nan,nan,nan,nan,nan,nan,nan,nan,nan,nan,nan,nan,nan,0.001000,nan,1.570796,0.350000,0.350000,0.350000,1.000000,nan,nan,nan,nan,nan,nan
16.570000,nan,nan,nan,nan,nan,nan,nan,nan,nan,nan,nan,nan,nan,0.001000,nan,1.570796,0.350000,0.350000,0.350000,1.000000,nan,nan,nan,nan,nan,nan
16.580000,nan,nan,nan,nan,nan,nan,nan,nan,nan,nan,nan,nan,nan,0.001000,nan,1.570796,0.350000,0.350000,0.350000,1.000000,nan,nan,nan,nan,nan,nan
16.590000,nan,nan,nan,nan,nan,nan,nan,nan,nan,nan,nan,nan,nan,0.001000,nan,1.570796,0.350000,0.350000,0.350000,1.000000,nan,nan,nan,nan,nan,nan
16.600000,nan,nan,nan,nan,nan,nan,nan,nan,nan,nan,nan,nan,nan,0.001000,nan,1.570796,0.350000,0.350000,0.350000,1.000000,nan,nan,nan,nan,nan,nan
16.610000,nan,nan,nan,nan,nan,nan,nan,nan,nan,nan,nan,nan,nan,0.001000,nan,1.570796,0.350000,0.350000,0.350000,1.000000,nan,nan,nan,nan,nan,nan
16.620000,nan,nan,nan,nan,nan,nan,nan,nan,nan,nan,nan,nan,nan,0.001000,nan,1.570796,0.350000,0.350000,0.350000,1.000000,nan,nan,nan,nan,nan,nan
16.630000,nan,nan,nan,nan,nan,nan,nan,nan,nan,nan,nan,nan,nan,0.001000,nan,1.570796,0.350000,0.350000,0.350000,1.000000,nan,nan,nan,nan,nan,nan
16.640000,nan,nan,nan,nan,nan,nan,nan,nan,nan,nan,nan,nan,nan,0.001000,nan,1.570796,0.350000,0.350000,0.350000,1.000000,nan,nan,nan,nan,nan,nan
16.650000,nan,nan,nan,nan,nan,nan,nan,nan,nan,nan,nan,nan,nan,0.001000,nan,1.570796,0.350000,0.350000,0.350000,1.000000,nan,nan,nan,nan,nan,nan
16.660000,nan,nan,nan,nan,nan,nan,nan,nan,nan,nan,nan,nan,nan,0.001000,nan,1.570796,0.350000,0.350000,0.350000,1.000000,nan,nan,nan,nan,nan,nan
16.670000,nan,nan,nan,nan,nan,nan,nan,nan,nan,nan,nan,nan,nan,0.001000,nan,1.570796,0.350000,0.350000,0.350000,1.000000,nan,nan,nan,nan,nan,nan
16.680000,nan,nan,nan,nan,nan,nan,nan,nan,nan,nan,nan,nan,nan,0.001000,nan,1.570796,0.350000,0.350000,0.350000,1.000000,nan,nan,nan,nan,nan,nan
16.690000,nan,nan,nan,nan,nan,nan,nan,nan,nan,nan,nan,nan,nan,0.001000,nan,1.570796,0.350000,0.350000,0.350000,1.000000,nan,nan,nan,nan,nan,nan
16.700000,nan,nan,nan,nan,nan,nan,nan,nan,nan,nan,nan,nan,nan,0.001000,nan,1.570796,0.350000,0.350000,0.350000,1.000000,nan,nan,nan,nan,nan,nan
16.710000,nan,nan,nan,nan,nan,nan,nan,nan,nan,nan,nan,nan,nan,0.001000,nan,1.570796,0.350000,0.350000,0.350000,1.000000,nan,nan,nan,nan,nan,nan
16.720000,nan,nan,nan,nan,nan,nan,nan,nan,nan,nan,nan,nan,nan,0.001000,nan,1.570796,0.350000,0.350000,0.350000,1.000000,nan,nan,nan,nan,nan,nan
16.730000,nan,nan,nan,nan,nan,nan,nan,nan,nan,nan,nan,nan,nan,0.001000,nan,1.570796,0.350000,0.350000,0.350000,1.000000,nan,nan,nan,nan,nan,nan
16.740000,nan,nan,nan,nan,nan,nan,nan,nan,nan,nan,nan,nan,nan,0.001000,nan,1.570796,0.350000,0.350000,0.350000,1.000000,nan,nan,nan,nan,nan,nan
16.750000,nan,nan,nan,nan,nan,nan,nan,nan,nan,nan,nan,nan,nan,0.001000,nan,1.570796,0.350000,0.350000,0.350000,1.000000,nan,nan,nan,nan,nan,nan
16.760000,nan,nan,nan,nan,nan,nan,nan,nan,nan,nan,nan,nan,nan,0.001000,nan,1.570796,0.350000,0.350000,0.350000,1.000000,nan,nan,nan,nan,nan,nan
16.770000,nan,nan,nan,nan,nan,nan,nan,nan,nan,nan,nan,nan,nan,0.001000,nan,1.570796,0.350000,0.350000,0.350000,1.000000,nan,nan,nan,nan,nan,nan
16.780000,nan,nan,nan,nan,nan,nan,nan,nan,nan,nan,nan,nan,nan,0.001000,nan,1.570796,0.350000,0.350000,0.350000,1.000000,nan,nan,nan,nan,nan,nan
16.790000,nan,nan,nan,nan,nan,nan,nan,nan,nan,nan,nan,nan,nan,0.001000,nan,1.570796,0.350000,0.350000,0.350000,1.000000,nan,nan,nan,nan,nan,nan
16.800000,nan,nan,nan,nan,nan,nan,nan,nan,nan,nan,nan,nan,nan,0.001000,nan,1.570796,0.350000,0.350000,0.350000,1.000000,nan,nan,nan,nan,nan,nan
16.810000,nan,nan,nan,nan,nan,nan,nan,nan,nan,nan,nan,nan,nan,0.001000,nan,1.570796,0.350000,0.350000,0.350000,1.000000,nan,nan,nan,nan,nan,nan
16.820000,nan,nan,nan,nan,nan,nan,nan,nan,nan,nan,nan,nan,nan,0.001000,nan,1.570796,0.350000,0.350000,0.350000,1.000000,nan,nan,nan,nan,nan,nan
16.830000,nan,nan,nan,nan,nan,nan,nan,nan,nan,nan,nan,nan,nan,0.001000,nan,1.570796,0.350000,0.350000,0.350000,1.000000,nan,nan,nan,nan,nan,nan
16.840000,nan,nan,nan,nan,nan,nan,nan,nan,nan,nan,nan,nan,nan,0.001000,nan,1.570796,0.350000,0.350000,0.350000,1.000000,nan,nan,nan,nan,nan,nan
16.850000,nan,nan,nan,nan,nan,nan,nan,nan,nan,nan,nan,nan,nan,0.001000,nan,1.570796,0.350000,0.350000,0.350000,1.000000,nan,nan,nan,nan,nan,nan
16.860000,nan,nan,nan,nan,nan,nan,nan,nan,nan,nan,nan,nan,nan,0.001000,nan,1.570796,0.350000,0.350000,0.350000,1.000000,nan,nan,nan,nan,nan,nan
16.870000,nan,nan,nan,nan,nan,nan,nan,nan,nan,nan,nan,nan,nan,0.001000,nan,1.570796,0.350000,0.350000,0.350000,1.000000,nan,nan,nan,nan,nan,nan
16.880000,nan,nan,nan,nan,nan,nan,nan,nan,nan,nan,nan,nan,nan,0.001000,nan,1.570796,0.350000,0.350000,0.350000,1.000000,nan,nan,nan,nan,nan,nan
16.890000,nan,nan,nan,nan,nan,nan,nan,nan,nan,nan,nan,nan,nan,0.001000,nan,1.570796,0.350000,0.350000,0.350000,1.000000,nan,nan,nan,nan,nan,nan
16.900000,nan,nan,nan,nan,nan,nan,nan,nan,nan,nan,nan,nan,nan,0.001000,nan,1.570796,0.350000,0.350000,0.350000,1.000000,nan,nan,nan,nan,nan,nan
16.910000,nan,nan,nan,nan,nan,nan,nan,nan,nan,nan,nan,nan,nan,0.001000,nan,1.570796,0.350000,0.350000,0.350000,1.000000,nan,nan,nan,nan,nan,nan
16.920000,nan,nan,nan,nan,nan,nan,nan,nan,nan,nan,nan,nan,nan,0.001000,nan,1.570796,0.350000,0.350000,0.350000,1.000000,nan,nan,nan,nan,nan,nan
16.930000,nan,nan,nan,nan,nan,nan,nan,nan,nan,nan,nan,nan,nan,0.001000,nan,1.570796,0.350000,0.350000,0.350000,1.000000,nan,nan,nan,nan,nan,nan
16.940000,nan,nan,nan,nan,nan,nan,nan,nan,nan,nan,nan,nan,nan,0.001000,nan,1.570796,0.350000,0.350000,0.350000,1.000000,nan,nan,nan,nan,nan,nan
16.950000,nan,nan,nan,nan,nan,nan,nan,nan,nan,nan,nan,nan,nan,0.001000,nan,1.570796,0.350000,0.350000,0.350000,1.000000,nan,nan,nan,nan,nan,nan
16.960000,nan,nan,nan,nan,nan,nan,nan,nan,nan,nan,nan,nan,nan,0.001000,nan,1.570796,0.350000,0.350000,0.350000,1.000000,nan,nan,nan,nan,nan,nan
16.970000,nan,nan,nan,nan,nan,nan,nan,nan,nan,nan,nan,nan,nan,0.001000,nan,1.570796,0.350000,0.350000,0.350000,1.000000,nan,nan,nan,nan,nan,nan
16.980000,nan,nan,nan,nan,nan,nan,nan,nan,nan,nan,nan,nan,nan,0.001000,nan,1.570796,0.350000,0.350000,0.350000,1.000000,nan,nan,nan,nan,nan,nan
16.990000,nan,nan,nan,nan,nan,nan,nan,nan,nan,nan,nan,nan,nan,0.001000,nan,1.570796,0.350000,0.350000,0.350000,1.000000,nan,nan,nan,nan,nan,nan
17.000000,nan,nan,nan,nan,nan,nan,nan,nan,nan,nan,nan,nan,nan,0.001000,nan,1.570796,0.350000,0.350000,0.350000,1.000000,nan,nan,nan,nan,nan,nan
17.010000,nan,nan,nan,nan,nan,nan,nan,nan,nan,nan,nan,nan,nan,0.001000,nan,1.570796,0.350000,0.350000,0.350000,1.000000,nan,nan,nan,nan,nan,nan
17.020000,nan,nan,nan,nan,nan,nan,nan,nan,nan,nan,nan,nan,nan,0.001000,nan,1.570796,0.350000,0.350000,0.350000,1.000000,nan,nan,nan,nan,nan,nan
17.030000,nan,nan,nan,nan,nan,nan,nan,nan,nan,nan,nan,nan,nan,0.001000,nan,1.570796,0.350000,0.350000,0.350000,1.000000,nan,nan,nan,nan,nan,nan
17.040000,nan,nan,nan,nan,nan,nan,nan,nan,nan,nan,nan,nan,nan,0.001000,nan,1.570796,0.350000,0.350000,0.350000,1.000000,nan,nan,nan,nan,nan,nan
17.050000,nan,nan,nan,nan,nan,nan,nan,nan,nan,nan,nan,nan,nan,0.001000,nan,1.570796,0.350000,0.350000,0.350000,1.000000,nan,nan,nan,nan,nan,nan
17.060000,nan,nan,nan,nan,nan,nan,nan,nan,nan,nan,nan,nan,nan,0.001000,nan,1.570796,0.350000,0.350000,0.350000,1.000000,nan,nan,nan,nan,nan,nan
17.070000,nan,nan,nan,nan,nan,nan,nan,nan,nan,nan,nan,nan,nan,0.001000,nan,1.570796,0.350000,0.350000,0.350000,1.000000,nan,nan,nan,nan,nan,nan
17.080000,nan,nan,nan,nan,nan,nan,nan,nan,nan,nan,nan,nan,nan,0.001000,nan,1.570796,0.350000,0.350000,0.350000,1.000000,nan,nan,nan,nan,nan,nan
17.090000,nan,nan,nan,nan,nan,nan,nan,nan,nan,nan,nan,nan,nan,0.001000,nan,1.570796,0.350000,0.350000,0.350000,1.000000,nan,nan,nan,nan,nan,nan
17.100000,nan,nan,nan,nan,nan,nan,nan,nan,nan,nan,nan,nan,nan,0.001000,nan,1.570796,0.350000,0.350000,0.350000,1.000000,nan,nan,nan,nan,nan,nan
17.110000,nan,nan,nan,nan,nan,nan,nan,nan,nan,nan,nan,nan,nan,0.001000,nan,1.570796,0.350000,0.350000,0.350000,1.000000,nan,nan,nan,nan,nan,nan
17.120000,nan,nan,nan,nan,nan,nan,nan,nan,nan,nan,nan,nan,nan,0.001000,nan,1.570796,0.350000,0.350000,0.350000,1.000000,nan,nan,nan,nan,nan,nan
17.130000,nan,nan,nan,nan,nan,nan,nan,nan,nan,nan,nan,nan,nan,0.001000,nan,1.570796,0.350000,0.350000,0.350000,1.000000,nan,nan,nan,nan,nan,nan
17.140000,nan,nan,nan,nan,nan,nan,nan,nan,nan,nan,nan,nan,nan,0.001000,nan,1.570796,0.350000,0.350000,0.350000,1.000000,nan,nan,nan,nan,nan,nan
17.150000,nan,nan,nan,nan,nan,nan,nan,nan,nan,nan,nan,nan,nan,0.001000,nan,1.570796,0.350000,0.350000,0.350000,1.000000,nan,nan,nan,nan,nan,nan
17.160000,nan,nan,nan,nan,nan,nan,nan,nan,nan,nan,nan,nan,nan,0.001000,nan,1.570796,0.350000,0.350000,0.350000,1.000000,nan,nan,nan,nan,nan,nan
17.170000,nan,nan,nan,nan,nan,nan,nan,nan,nan,nan,nan,nan,nan,0.001000,nan,1.570796,0.350000,0.350000,0.350000,1.000000,nan,nan,nan,nan,nan,nan
17.180000,nan,nan,nan,nan,nan,nan,nan,nan,nan,nan,nan,nan,nan,0.001000,nan,1.570796,0.350000,0.350000,0.350000,1.000000,nan,nan,nan,nan,nan,nan
17.190000,nan,nan,nan,nan,nan,nan,nan,nan,nan,nan,nan,nan,nan,0.001000,nan,1.570796,0.350000,0.350000,0.350000,1.000000,nan,nan,nan,nan,nan,nan
17.200000,nan,nan,nan,nan,nan,nan,nan,nan,nan,nan,nan,nan,nan,0.001000,nan,1.570796,0.350000,0.350000,0.350000,1.000000,nan,nan,nan,nan,nan,nan
17.210000,nan,nan,nan,nan,nan,nan,nan,nan,nan,nan,nan,nan,nan,0.001000,nan,1.570796,0.350000,0.350000,0.350000,1.000000,nan,nan,nan,nan,nan,nan
17.220000,nan,nan,nan,nan,nan,nan,nan,nan,nan,nan,nan,nan,nan,0.001000,nan,1.570796,0.350000,0.350000,0.350000,1.000000,nan,nan,nan,nan,nan,nan
17.230000,nan,nan,nan,nan,nan,nan,nan,nan,nan,nan,nan,nan,nan,0.001000,nan,1.570796,0.350000,0.350000,0.350000,1.000000,nan,nan,nan,nan,nan,nan
17.240000,nan,nan,nan,nan,nan,nan,nan,nan,nan,nan,nan,nan,nan,0.001000,nan,1.570796,0.350000,0.350000,0.350000,1.000000,nan,nan,nan,nan,nan,nan
17.250000,nan,nan,nan,nan,nan,nan,nan,nan,nan,nan,nan,nan,nan,0.001000,nan,1.570796,0.350000,0.350000,0.350000,1.000000,nan,nan,nan,nan,nan,nan
17.260000,nan,nan,nan,nan,nan,nan,nan,nan,nan,nan,nan,nan,nan,0.001000,nan,1.570796,0.350000,0.350000,0.350000,1.000000,nan,nan,nan,nan,nan,nan
17.270000,nan,nan,nan,nan,nan,nan,nan,nan,nan,nan,nan,nan,nan,0.001000,nan,1.570796,0.350000,0.350000,0.350000,1.000000,nan,nan,nan,nan,nan,nan
17.280000,nan,nan,nan,nan,nan,nan,nan,nan,nan,nan,nan,nan,nan,0.001000,nan,1.570796,0.350000,0.350000,0.350000,1.000000,nan,nan,nan,nan,nan,nan
17.290000,nan,nan,nan,nan,nan,nan,nan,nan,nan,nan,nan,nan,nan,0.001000,nan,1.570796,0.350000,0.350000,0.350000,1.000000,nan,nan,nan,nan,nan,nan
17.300000,nan,nan,nan,nan,nan,nan,nan,nan,nan,nan,nan,nan,nan,0.001000,nan,1.570796,0.350000,0.350000,0.350000,1.000000,nan,nan,nan,nan,nan,nan
17.310000,nan,nan,nan,nan,nan,nan,nan,nan,nan,nan,nan,nan,nan,0.001000,nan,1.570796,0.350000,0.350000,0.350000,1.000000,nan,nan,nan,nan,nan,nan
17.320000,nan,nan,nan,nan,nan,nan,nan,nan,nan,nan,nan,nan,nan,0.001000,nan,1.570796,0.350000,0.350000,0.350000,1.000000,nan,nan,nan,nan,nan,nan
17.330000,nan,nan,nan,nan,nan,nan,nan,nan,nan,nan,nan,nan,nan,0.001000,nan,1.570796,0.350000,0.350000,0.350000,1.000000,nan,nan,nan,nan,nan,nan
17.340000,nan,nan,nan,nan,nan,nan,nan,nan,nan,nan,nan,nan,nan,0.001000,nan,1.570796,0.350000,0.350000,0.350000,1.000000,nan,nan,nan,nan,nan,nan
17.350000,nan,nan,nan,nan,nan,nan,nan,nan,nan,nan,nan,nan,nan,0.001000,nan,1.570796,0.350000,0.350000,0.350000,1.000000,nan,nan,nan,nan,nan,nan
17.360000,nan,nan,nan,nan,nan,nan,nan,nan,nan,nan,nan,nan,nan,0.001000,nan,1.570796,0.350000,0.350000,0.350000,1.000000,nan,nan,nan,nan,nan,nan
17.370000,nan,nan,nan,nan,nan,nan,nan,nan,nan,nan,nan,nan,nan,0.001000,nan,1.570796,0.350000,0.350000,0.350000,1.000000,nan,nan,nan,nan,nan,nan
17.380000,nan,nan,nan,nan,nan,nan,nan,nan,nan,nan,nan,nan,nan,0.001000,nan,1.570796,0.350000,0.350000,0.350000,1.000000,nan,nan,nan,nan,nan,nan
17.390000,nan,nan,nan,nan,nan,nan,nan,nan,nan,nan,nan,nan,nan,0.001000,nan,1.570796,0.350000,0.350000,0.350000,1.000000,nan,nan,nan,nan,nan,nan
17.400000,nan,nan,nan,nan,nan,nan,nan,nan,nan,nan,nan,nan,nan,0.001000,nan,1.570796,0.350000,0.350000,0.350000,1.000000,nan,nan,nan,nan,nan,nan
17.410000,nan,nan,nan,nan,nan,nan,nan,nan,nan,nan,nan,nan,nan,0.001000,nan,1.570796,0.350000,0.350000,0.350000,1.000000,nan,nan,nan,nan,nan,nan
17.420000,nan,nan,nan,nan,nan,nan,nan,nan,nan,nan,nan,nan,nan,0.001000,nan,1.570796,0.350000,0.350000,0.350000,1.000000,nan,nan,nan,nan,nan,nan
17.430000,nan,nan,nan,nan,nan,nan,nan,nan,nan,nan,nan,nan,nan,0.001000,nan,1.570796,0.350000,0.350000,0.350000,1.000000,nan,nan,nan,nan,nan,nan
17.440000,nan,nan,nan,nan,nan,nan,nan,nan,nan,nan,nan,nan,nan,0.001000,nan,1.570796,0.350000,0.350000,0.350000,1.000000,nan,nan,nan,nan,nan,nan
17.450000,nan,nan,nan,nan,nan,nan,nan,nan,nan,nan,nan,nan,nan,0.001000,nan,1.570796,0.350000,0.350000,0.350000,1.000000,nan,nan,nan,nan,nan,nan
17.460000,nan,nan,nan,nan,nan,nan,nan,nan,nan,nan,nan,nan,nan,0.001000,nan,1.570796,0.350000,0.350000,0.350000,1.000000,nan,nan,nan,nan,nan,nan
17.470000,nan,nan,nan,nan,nan,nan,nan,nan,nan,nan,nan,nan,nan,0.001000,nan,1.570796,0.350000,0.350000,0.350000,1.000000,nan,nan,nan,nan,nan,nan
17.480000,nan,nan,nan,nan,nan,nan,nan,nan,nan,nan,nan,nan,nan,0.001000,nan,1.570796,0.350000,0.350000,0.350000,1.000000,nan,nan,nan,nan,nan,nan
17.490000,nan,nan,nan,nan,nan,nan,nan,nan,nan,nan,nan,nan,nan,0.001000,nan,1.570796,0.350000,0.350000,0.350000,1.000000,nan,nan,nan,nan,nan,nan
17.500000,nan,nan,nan,nan,nan,nan,nan,nan,nan,nan,nan,nan,nan,0.001000,nan,1.570796,0.350000,0.350000,0.350000,1.000000,nan,nan,nan,nan,nan,nan
17.510000,nan,nan,nan,nan,nan,nan,nan,nan,nan,nan,nan,nan,nan,0.001000,nan,1.570796,0.350000,0.350000,0.350000,1.000000,nan,nan,nan,nan,nan,nan
17.520000,nan,nan,nan,nan,nan,nan,nan,nan,nan,nan,nan,nan,nan,0.001000,nan,1.570796,0.350000,0.350000,0.350000,1.000000,nan,nan,nan,nan,nan,nan
17.530000,nan,nan,nan,nan,nan,nan,nan,nan,nan,nan,nan,nan,nan,0.001000,nan,1.570796,0.350000,0.350000,0.350000,1.000000,nan,nan,nan,nan,nan,nan
17.540000,nan,nan,nan,nan,nan,nan,nan,nan,nan,nan,nan,nan,nan,0.001000,nan,1.570796,0.350000,0.350000,0.350000,1.000000,nan,nan,nan,nan,nan,nan
17.550000,nan,nan,nan,nan,nan,nan,nan,nan,nan,nan,nan,nan,nan,0.001000,nan,1.570796,0.350000,0.350000,0.350000,1.000000,nan,nan,nan,nan,nan,nan
17.560000,nan,nan,nan,nan,nan,nan,nan,nan,nan,nan,nan,nan,nan,0.001000,nan,1.570796,0.350000,0.350000,0.350000,1.000000,nan,nan,nan,nan,nan,nan
17.570000,nan,nan,nan,nan,nan,nan,nan,nan,nan,nan,nan,nan,nan,0.001000,nan,1.570796,0.350000,0.350000,0.350000,1.000000,nan,nan,nan,nan,nan,nan
17.580000,nan,nan,nan,nan,nan,nan,nan,nan,nan,nan,nan,nan,nan,0.001000,nan,1.570796,0.350000,0.350000,0.350000,1.000000,nan,nan,nan,nan,nan,nan
17.590000,nan,nan,nan,nan,nan,nan,nan,nan,nan,nan,nan,nan,nan,0.001000,nan,1.570796,0.350000,0.350000,0.350000,1.000000,nan,nan,nan,nan,nan,nan
17.600000,nan,nan,nan,nan,nan,nan,nan,nan,nan,nan,nan,nan,nan,0.001000,nan,1.570796,0.350000,0.350000,0.350000,1.000000,nan,nan,nan,nan,nan,nan
17.610000,nan,nan,nan,nan,nan,nan,nan,nan,nan,nan,nan,nan,nan,0.001000,nan,1.570796,0.350000,0.350000,0.350000,1.000000,nan,nan,nan,nan,nan,nan
17.620000,nan,nan,nan,nan,nan,nan,nan,nan,nan,nan,nan,nan,nan,0.001000,nan,1.570796,0.350000,0.350000,0.350000,1.000000,nan,nan,nan,nan,nan,nan
17.630000,nan,nan,nan,nan,nan,nan,nan,nan,nan,nan,nan,nan,nan,0.001000,nan,1.570796,0.350000,0.350000,0.350000,1.000000,nan,nan,nan,nan,nan,nan
17.640000,nan,nan,nan,nan,nan,nan,nan,nan,nan,nan,nan,nan,nan,0.001000,nan,1.570796,0.350000,0.350000,0.350000,1.000000,nan,nan,nan,nan,nan,nan
17.650000,nan,nan,nan,nan,nan,nan,nan,nan,nan,nan,nan,nan,nan,0.001000,nan,1.570796,0.350000,0.350000,0.350000,1.000000,nan,nan,nan,nan,nan,nan
17.660000,nan,nan,nan,nan,nan,nan,nan,nan,nan,nan,nan,nan,nan,0.001000,nan,1.570796,0.350000,0.350000,0.350000,1.000000,nan,nan,nan,nan,nan,nan
17.670000,nan,nan,nan,nan,nan,nan,nan,nan,nan,nan,nan,nan,nan,0.001000,nan,1.570796,0.350000,0.350000,0.350000,1.000000,nan,nan,nan,nan,nan,nan
17.680000,nan,nan,nan,nan,nan,nan,nan,nan,nan,nan,nan,nan,nan,0.001000,nan,1.570796,0.350000,0.350000,0.350000,1.000000,nan,nan,nan,nan,nan,nan
17.690000,nan,nan,nan,nan,nan,nan,nan,nan,nan,nan,nan,nan,nan,0.001000,nan,1.570796,0.350000,0.350000,0.350000,1.000000,nan,nan,nan,nan,nan,nan
17.700000,nan,nan,nan,nan,nan,nan,nan,nan,nan,nan,nan,nan,nan,0.001000,nan,1.570796,0.350000,0.350000,0.350000,1.000000,nan,nan,nan,nan,nan,nan
17.710000,nan,nan,nan,nan,nan,nan,nan,nan,nan,nan,nan,nan,nan,0.001000,nan,1.570796,0.350000,0.350000,0.350000,1.000000,nan,nan,nan,nan,nan,nan
17.720000,nan,nan,nan,nan,nan,nan,nan,nan,nan,nan,nan,nan,nan,0.001000,nan,1.570796,0.350000,0.350000,0.350000,1.000000,nan,nan,nan,nan,nan,nan
17.730000,nan,nan,nan,nan,nan,nan,nan,nan,nan,nan,nan,nan,nan,0.001000,nan,1.570796,0.350000,0.350000,0.350000,1.000000,nan,nan,nan,nan,nan,nan
17.740000,nan,nan,nan,nan,nan,nan,nan,nan,nan,nan,nan,nan,nan,0.001000,nan,1.570796,0.350000,0.350000,0.350000,1.000000,nan,nan,nan,nan,nan,nan
17.750000,nan,nan,nan,nan,nan,nan,nan,nan,nan,nan,nan,nan,nan,0.001000,nan,1.570796,0.350000,0.350000,0.350000,1.000000,nan,nan,nan,nan,nan,nan
17.760000,nan,nan,nan,nan,nan,nan,nan,nan,nan,nan,nan,nan,nan,0.001000,nan,1.570796,0.350000,0.350000,0.350000,1.000000,nan,nan,nan,nan,nan,nan
17.770000,nan,nan,nan,nan,nan,nan,nan,nan,nan,nan,nan,nan,nan,0.001000,nan,1.570796,0.350000,0.350000,0.350000,1.000000,nan,nan,nan,nan,nan,nan
17.780000,nan,nan,nan,nan,nan,nan,nan,nan,nan,nan,nan,nan,nan,0.001000,nan,1.570796,0.350000,0.350000,0.350000,1.000000,nan,nan,nan,nan,nan,nan
17.790000,nan,nan,nan,nan,nan,nan,nan,nan,nan,nan,nan,nan,nan,0.001000,nan,1.570796,0.350000,0.350000,0.350000,1.000000,nan,nan,nan,nan,nan,nan
17.800000,nan,nan,nan,nan,nan,nan,nan,nan,nan,nan,nan,nan,nan,0.001000,nan,1.570796,0.350000,0.350000,0.350000,1.000000,nan,nan,nan,nan,nan,nan
17.810000,nan,nan,nan,nan,nan,nan,nan,nan,nan,nan,nan,nan,nan,0.001000,nan,1.570796,0.350000,0.350000,0.350000,1.000000,nan,nan,nan,nan,nan,nan
17.820000,nan,nan,nan,nan,nan,nan,nan,nan,nan,nan,nan,nan,nan,0.001000,nan,1.570796,0.350000,0.350000,0.350000,1.000000,nan,nan,nan,nan,nan,nan
17.830000,nan,nan,nan,nan,nan,nan,nan,nan,nan,nan,nan,nan,nan,0.001000,nan,1.570796,0.350000,0.350000,0.350000,1.000000,nan,nan,nan,nan,nan,nan
17.840000,nan,nan,nan,nan,nan,nan,nan,nan,nan,nan,nan,nan,nan,0.001000,nan,1.570796,0.350000,0.350000,0.350000,1.000000,nan,nan,nan,nan,nan,nan
17.850000,nan,nan,nan,nan,nan,nan,nan,nan,nan,nan,nan,nan,nan,0.001000,nan,1.570796,0.350000,0.350000,0.350000,1.000000,nan,nan,nan,nan,nan,nan
17.860000,nan,nan,nan,nan,nan,nan,nan,nan,nan,nan,nan,nan,nan,0.001000,nan,1.570796,0.350000,0.350000,0.350000,1.000000,nan,nan,nan,nan,nan,nan
17.870000,nan,nan,nan,nan,nan,nan,nan,nan,nan,nan,nan,nan,nan,0.001000,nan,1.570796,0.350000,0.350000,0.350000,1.000000,nan,nan,nan,nan,nan,nan
17.880000,nan,nan,nan,nan,nan,nan,nan,nan,nan,nan,nan,nan,nan,0.001000,nan,1.570796,0.350000,0.350000,0.350000,1.000000,nan,nan,nan,nan,nan,nan
17.890000,nan,nan,nan,nan,nan,nan,nan,nan,nan,nan,nan,nan,nan,0.001000,nan,1.570796,0.350000,0.350000,0.350000,1.000000,nan,nan,nan,nan,nan,nan
17.900000,nan,nan,nan,nan,nan,nan,nan,nan,nan,nan,nan,nan,nan,0.001000,nan,1.570796,0.350000,0.350000,0.350000,1.000000,nan,nan,nan,nan,nan,nan
17.910000,nan,nan,nan,nan,nan,nan,nan,nan,nan,nan,nan,nan,nan,0.001000,nan,1.570796,0.350000,0.350000,0.350000,1.000000,nan,nan,nan,nan,nan,nan
17.920000,nan,nan,nan,nan,nan,nan,nan,nan,nan,nan,nan,nan,nan,0.001000,nan,1.570796,0.350000,0.350000,0.350000,1.000000,nan,nan,nan,nan,nan,nan
17.930000,nan,nan,nan,nan,nan,nan,nan,nan,nan,nan,nan,nan,nan,0.001000,nan,1.570796,0.350000,0.350000,0.350000,1.000000,nan,nan,nan,nan,nan,nan
17.940000,nan,nan,nan,nan,nan,nan,nan,nan,nan,nan,nan,nan,nan,0.001000,nan,1.570796,0.350000,0.350000,0.350000,1.000000,nan,nan,nan,nan,nan,nan
17.950000,nan,nan,nan,nan,nan,nan,nan,nan,nan,nan,nan,nan,nan,0.001000,nan,1.570796,0.350000,0.350000,0.350000,1.000000,nan,nan,nan,nan,nan,nan
17.960000,nan,nan,nan,nan,nan,nan,nan,nan,nan,nan,nan,nan,nan,0.001000,nan,1.570796,0.350000,0.350000,0.350000,1.000000,nan,nan,nan,nan,nan,nan
17.970000,nan,nan,nan,nan,nan,nan,nan,nan,nan,nan,nan,nan,nan,0.001000,nan,1.570796,0.350000,0.350000,0.350000,1.000000,nan,nan,nan,nan,nan,nan
17.980000,nan,nan,nan,nan,nan,nan,nan,nan,nan,nan,nan,nan,nan,0.001000,nan,1.570796,0.350000,0.350000,0.350000,1.000000,nan,nan,nan,nan,nan,nan
17.990000,nan,nan,nan,nan,nan,nan,nan,nan,nan,nan,nan,nan,nan,0.001000,nan,1.570796,0.350000,0.350000,0.350000,1.000000,nan,nan,nan,nan,nan,nan
18.000000,nan,nan,nan,nan,nan,nan,nan,nan,nan,nan,nan,nan,nan,0.001000,nan,1.570796,0.350000,0.350000,0.350000,1.000000,nan,nan,nan,nan,nan,nan
18.010000,nan,nan,nan,nan,nan,nan,nan,nan,nan,nan,nan,nan,nan,0.001000,nan,1.570796,0.350000,0.350000,0.350000,1.000000,nan,nan,nan,nan,nan,nan
18.020000,nan,nan,nan,nan,nan,nan,nan,nan,nan,nan,nan,nan,nan,0.001000,nan,1.570796,0.350000,0.350000,0.350000,1.000000,nan,nan,nan,nan,nan,nan
18.030000,nan,nan,nan,nan,nan,nan,nan,nan,nan,nan,nan,nan,nan,0.001000,nan,1.570796,0.350000,0.350000,0.350000,1.000000,nan,nan,nan,nan,nan,nan
18.040000,nan,nan,nan,nan,nan,nan,nan,nan,nan,nan,nan,nan,nan,0.001000,nan,1.570796,0.350000,0.350000,0.350000,1.000000,nan,nan,nan,nan,nan,nan
18.050000,nan,nan,nan,nan,nan,nan,nan,nan,nan,nan,nan,nan,nan,0.001000,nan,1.570796,0.350000,0.350000,0.350000,1.000000,nan,nan,nan,nan,nan,nan
18.060000,nan,nan,nan,nan,nan,nan,nan,nan,nan,nan,nan,nan,nan,0.001000,nan,1.570796,0.350000,0.350000,0.350000,1.000000,nan,nan,nan,nan,nan,nan
18.070000,nan,nan,nan,nan,nan,nan,nan,nan,nan,nan,nan,nan,nan,0.001000,nan,1.570796,0.350000,0.350000,0.350000,1.000000,nan,nan,nan,nan,nan,nan
18.080000,nan,nan,nan,nan,nan,nan,nan,nan,nan,nan,nan,nan,nan,0.001000,nan,1.570796,0.350000,0.350000,0.350000,1.000000,nan,nan,nan,nan,nan,nan
18.090000,nan,nan,nan,nan,nan,nan,nan,nan,nan,nan,nan,nan,nan,0.001000,nan,1.570796,0.350000,0.350000,0.350000,1.000000,nan,nan,nan,nan,nan,nan
18.100000,nan,nan,nan,nan,nan,nan,nan,nan,nan,nan,nan,nan,nan,0.001000,nan,1.570796,0.350000,0.350000,0.350000,1.000000,nan,nan,nan,nan,nan,nan
18.110000,nan,nan,nan,nan,nan,nan,nan,nan,nan,nan,nan,nan,nan,0.001000,nan,1.570796,0.350000,0.350000,0.350000,1.000000,nan,nan,nan,nan,nan,nan
18.120000,nan,nan,nan,nan,nan,nan,nan,nan,nan,nan,nan,nan,nan,0.001000,nan,1.570796,0.350000,0.350000,0.350000,1.000000,nan,nan,nan,nan,nan,nan
18.130000,nan,nan,nan,nan,nan,nan,nan,nan,nan,nan,nan,nan,nan,0.001000,nan,1.570796,0.350000,0.350000,0.350000,1.000000,nan,nan,nan,nan,nan,nan
18.140000,nan,nan,nan,nan,nan,nan,nan,nan,nan,nan,nan,nan,nan,0.001000,nan,1.570796,0.350000,0.350000,0.350000,1.000000,nan,nan,nan,nan,nan,nan
18.150000,nan,nan,nan,nan,nan,nan,nan,nan,nan,nan,nan,nan,nan,0.001000,nan,1.570796,0.350000,0.350000,0.350000,1.000000,nan,nan,nan,nan,nan,nan
18.160000,nan,nan,nan,nan,nan,nan,nan,nan,nan,nan,nan,nan,nan,0.001000,nan,1.570796,0.350000,0.350000,0.350000,1.000000,nan,nan,nan,nan,nan,nan
18.170000,nan,nan,nan,nan,nan,nan,nan,nan,nan,nan,nan,nan,nan,0.001000,nan,1.570796,0.350000,0.350000,0.350000,1.000000,nan,nan,nan,nan,nan,nan
18.180000,nan,nan,nan,nan,nan,nan,nan,nan,nan,nan,nan,nan,nan,0.001000,nan,1.570796,0.350000,0.350000,0.350000,1.000000,nan,nan,nan,nan,nan,nan
18.190000,nan,nan,nan,nan,nan,nan,nan,nan,nan,nan,nan,nan,nan,0.001000,nan,1.570796,0.350000,0.350000,0.350000,1.000000,nan,nan,nan,nan,nan,nan
18.200000,nan,nan,nan,nan,nan,nan,nan,nan,nan,nan,nan,nan,nan,0.001000,nan,1.570796,0.350000,0.350000,0.350000,1.000000,nan,nan,nan,nan,nan,nan
18.210000,nan,nan,nan,nan,nan,nan,nan,nan,nan,nan,nan,nan,nan,0.001000,nan,1.570796,0.350000,0.350000,0.350000,1.000000,nan,nan,nan,nan,nan,nan
18.220000,nan,nan,nan,nan,nan,nan,nan,nan,nan,nan,nan,nan,nan,0.001000,nan,1.570796,0.350000,0.350000,0.350000,1.000000,nan,nan,nan,nan,nan,nan
18.230000,nan,nan,nan,nan,nan,nan,nan,nan,nan,nan,nan,nan,nan,0.001000,nan,1.570796,0.350000,0.350000,0.350000,1.000000,nan,nan,nan,nan,nan,nan
18.240000,nan,nan,nan,nan,nan,nan,nan,nan,nan,nan,nan,nan,nan,0.001000,nan,1.570796,0.350000,0.350000,0.350000,1.000000,nan,nan,nan,nan,nan,nan
18.250000,nan,nan,nan,nan,nan,nan,nan,nan,nan,nan,nan,nan,nan,0.001000,nan,1.570796,0.350000,0.350000,0.350000,1.000000,nan,nan,nan,nan,nan,nan
18.260000,nan,nan,nan,nan,nan,nan,nan,nan,nan,nan,nan,nan,nan,0.001000,nan,1.570796,0.350000,0.350000,0.350000,1.000000,nan,nan,nan,nan,nan,nan
18.270000,nan,nan,nan,nan,nan,nan,nan,nan,nan,nan,nan,nan,nan,0.001000,nan,1.570796,0.350000,0.350000,0.350000,1.000000,nan,nan,nan,nan,nan,nan
18.280000,nan,nan,nan,nan,nan,nan,nan,nan,nan,nan,nan,nan,nan,0.001000,nan,1.570796,0.350000,0.350000,0.350000,1.000000,nan,nan,nan,nan,nan,nan
18.290000,nan,nan,nan,nan,nan,nan,nan,nan,nan,nan,nan,nan,nan,0.001000,nan,1.570796,0.350000,0.350000,0.350000,1.000000,nan,nan,nan,nan,nan,nan
18.300000,nan,nan,nan,nan,nan,nan,nan,nan,nan,nan,nan,nan,nan,0.001000,nan,1.570796,0.350000,0.350000,0.350000,1.000000,nan,nan,nan,nan,nan,nan
18.310000,nan,nan,nan,nan,nan,nan,nan,nan,nan,nan,nan,nan,nan,0.001000,nan,1.570796,0.350000,0.350000,0.350000,1.000000,nan,nan,nan,nan,nan,nan
18.320000,nan,nan,nan,nan,nan,nan,nan,nan,nan,nan,nan,nan,nan,0.001000,nan,1.570796,0.350000,0.350000,0.350000,1.000000,nan,nan,nan,nan,nan,nan
18.330000,nan,nan,nan,nan,nan,nan,nan,nan,nan,nan,nan,nan,nan,0.001000,nan,1.570796,0.350000,0.350000,0.350000,1.000000,nan,nan,nan,nan,nan,nan
18.340000,nan,nan,nan,nan,nan,nan,nan,nan,nan,nan,nan,nan,nan,0.001000,nan,1.570796,0.350000,0.350000,0.350000,1.000000,nan,nan,nan,nan,nan,nan
18.350000,nan,nan,nan,nan,nan,nan,nan,nan,nan,nan,nan,nan,nan,0.001000,nan,1.570796,0.350000,0.350000,0.350000,1.000000,nan,nan,nan,nan,nan,nan
18.360000,nan,nan,nan,nan,nan,nan,nan,nan,nan,nan,nan,nan,nan,0.001000,nan,1.570796,0.350000,0.350000,0.350000,1.000000,nan,nan,nan,nan,nan,nan
18.370000,nan,nan,nan,nan,nan,nan,nan,nan,nan,nan,nan,nan,nan,0.001000,nan,1.570796,0.350000,0.350000,0.350000,1.000000,nan,nan,nan,nan,nan,nan
18.380000,nan,nan,nan,nan,nan,nan,nan,nan,nan,nan,nan,nan,nan,0.001000,nan,1.570796,0.350000,0.350000,0.350000,1.000000,nan,nan,nan,nan,nan,nan
18.390000,nan,nan,nan,nan,nan,nan,nan,nan,nan,nan,nan,nan,nan,0.001000,nan,1.570796,0.350000,0.350000,0.350000,1.000000,nan,nan,nan,nan,nan,nan
18.400000,nan,nan,nan,nan,nan,nan,nan,nan,nan,nan,nan,nan,nan,0.001000,nan,1.570796,0.350000,0.350000,0.350000,1.000000,nan,nan,nan,nan,nan,nan
18.410000,nan,nan,nan,nan,nan,nan,nan,nan,nan,nan,nan,nan,nan,0.001000,nan,1.570796,0.350000,0.350000,0.350000,1.000000,nan,nan,nan,nan,nan,nan
18.420000,nan,nan,nan,nan,nan,nan,nan,nan,nan,nan,nan,nan,nan,0.001000,nan,1.570796,0.350000,0.350000,0.350000,1.000000,nan,nan,nan,nan,nan,nan
18.430000,nan,nan,nan,nan,nan,nan,nan,nan,nan,nan,nan,nan,nan,0.001000,nan,1.570796,0.350000,0.350000,0.350000,1.000000,nan,nan,nan,nan,nan,nan
18.440000,nan,nan,nan,nan,nan,nan,nan,nan,nan,nan,nan,nan,nan,0.001000,nan,1.570796,0.350000,0.350000,0.350000,1.000000,nan,nan,nan,nan,nan,nan
18.450000,nan,nan,nan,nan,nan,nan,nan,nan,nan,nan,nan,nan,nan,0.001000,nan,1.570796,0.350000,0.350000,0.350000,1.000000,nan,nan,nan,nan,nan,nan
18.460000,nan,nan,nan,nan,nan,nan,nan,nan,nan,nan,nan,nan,nan,0.001000,nan,1.570796,0.350000,0.350000,0.350000,1.000000,nan,nan,nan,nan,nan,nan
18.470000,nan,nan,nan,nan,nan,nan,nan,nan,nan,nan,nan,nan,nan,0.001000,nan,1.570796,0.350000,0.350000,0.350000,1.000000,nan,nan,nan,nan,nan,nan
18.480000,nan,nan,nan,nan,nan,nan,nan,nan,nan,nan,nan,nan,nan,0.001000,nan,1.570796,0.350000,0.350000,0.350000,1.000000,nan,nan,nan,nan,nan,nan
18.490000,nan,nan,nan,nan,nan,nan,nan,nan,nan,nan,nan,nan,nan,0.001000,nan,1.570796,0.350000,0.350000,0.350000,1.000000,nan,nan,nan,nan,nan,nan
18.500000,nan,nan,nan,nan,nan,nan,nan,nan,nan,nan,nan,nan,nan,0.001000,nan,1.570796,0.350000,0.350000,0.350000,1.000000,nan,nan,nan,nan,nan,nan
18.510000,nan,nan,nan,nan,nan,nan,nan,nan,nan,nan,nan,nan,nan,0.001000,nan,1.570796,0.350000,0.350000,0.350000,1.000000,nan,nan,nan,nan,nan,nan
18.520000,nan,nan,nan,nan,nan,nan,nan,nan,nan,nan,nan,nan,nan,0.001000,nan,1.570796,0.350000,0.350000,0.350000,1.000000,nan,nan,nan,nan,nan,nan
18.530000,nan,nan,nan,nan,nan,nan,nan,nan,nan,nan,nan,nan,nan,0.001000,nan,1.570796,0.350000,0.350000,0.350000,1.000000,nan,nan,nan,nan,nan,nan
18.540000,nan,nan,nan,nan,nan,nan,nan,nan,nan,nan,nan,nan,nan,0.001000,nan,1.570796,0.350000,0.350000,0.350000,1.000000,nan,nan,nan,nan,nan,nan
18.550000,nan,nan,nan,nan,nan,nan,nan,nan,nan,nan,nan,nan,nan,0.001000,nan,1.570796,0.350000,0.350000,0.350000,1.000000,nan,nan,nan,nan,nan,nan
18.560000,nan,nan,nan,nan,nan,nan,nan,nan,nan,nan,nan,nan,nan,0.001000,nan,1.570796,0.350000,0.350000,0.350000,1.000000,nan,nan,nan,nan,nan,nan
18.570000,nan,nan,nan,nan,nan,nan,nan,nan,nan,nan,nan,nan,nan,0.001000,nan,1.570796,0.350000,0.350000,0.350000,1.000000,nan,nan,nan,nan,nan,nan
18.580000,nan,nan,nan,nan,nan,nan,nan,nan,nan,nan,nan,nan,nan,0.001000,nan,1.570796,0.350000,0.350000,0.350000,1.000000,nan,nan,nan,nan,nan,nan
18.590000,nan,nan,nan,nan,nan,nan,nan,nan,nan,nan,nan,nan,nan,0.001000,nan,1.570796,0.350000,0.350000,0.350000,1.000000,nan,nan,nan,nan,nan,nan
18.600000,nan,nan,nan,nan,nan,nan,nan,nan,nan,nan,nan,nan,nan,0.001000,nan,1.570796,0.350000,0.350000,0.350000,1.000000,nan,nan,nan,nan,nan,nan
18.610000,nan,nan,nan,nan,nan,nan,nan,nan,nan,nan,nan,nan,nan,0.001000,nan,1.570796,0.350000,0.350000,0.350000,1.000000,nan,nan,nan,nan,nan,nan
18.620000,nan,nan,nan,nan,nan,nan,nan,nan,nan,nan,nan,nan,nan,0.001000,nan,1.570796,0.350000,0.350000,0.350000,1.000000,nan,nan,nan,nan,nan,nan
18.630000,nan,nan,nan,nan,nan,nan,nan,nan,nan,nan,nan,nan,nan,0.001000,nan,1.570796,0.350000,0.350000,0.350000,1.000000,nan,nan,nan,nan,nan,nan
18.640000,nan,nan,nan,nan,nan,nan,nan,nan,nan,nan,nan,nan,nan,0.001000,nan,1.570796,0.350000,0.350000,0.350000,1.000000,nan,nan,nan,nan,nan,nan
18.650000,nan,nan,nan,nan,nan,nan,nan,nan,nan,nan,nan,nan,nan,0.001000,nan,1.570796,0.350000,0.350000,0.350000,1.000000,nan,nan,nan,nan,nan,nan
18.660000,nan,nan,nan,nan,nan,nan,nan,nan,nan,nan,nan,nan,nan,0.001000,nan,1.570796,0.350000,0.350000,0.350000,1.000000,nan,nan,nan,nan,nan,nan
18.670000,nan,nan,nan,nan,nan,nan,nan,nan,nan,nan,nan,nan,nan,0.001000,nan,1.570796,0.350000,0.350000,0.350000,1.000000,nan,nan,nan,nan,nan,nan
18.680000,nan,nan,nan,nan,nan,nan,nan,nan,nan,nan,nan,nan,nan,0.001000,nan,1.570796,0.350000,0.350000,0.350000,1.000000,nan,nan,nan,nan,nan,nan
18.690000,nan,nan,nan,nan,nan,nan,nan,nan,nan,nan,nan,nan,nan,0.001000,nan,1.570796,0.350000,0.350000,0.350000,1.000000,nan,nan,nan,nan,nan,nan
18.700000,nan,nan,nan,nan,nan,nan,nan,nan,nan,nan,nan,nan,nan,0.001000,nan,1.570796,0.350000,0.350000,0.350000,1.000000,nan,nan,nan,nan,nan,nan
18.710000,nan,nan,nan,nan,nan,nan,nan,nan,nan,nan,nan,nan,nan,0.001000,nan,1.570796,0.350000,0.350000,0.350000,1.000000,nan,nan,nan,nan,nan,nan
18.720000,nan,nan,nan,nan,nan,nan,nan,nan,nan,nan,nan,nan,nan,0.001000,nan,1.570796,0.350000,0.350000,0.350000,1.000000,nan,nan,nan,nan,nan,nan
18.730000,nan,nan,nan,nan,nan,nan,nan,nan,nan,nan,nan,nan,nan,0.001000,nan,1.570796,0.350000,0.350000,0.350000,1.000000,nan,nan,nan,nan,nan,nan
18.740000,nan,nan,nan,nan,nan,nan,nan,nan,nan,nan,nan,nan,nan,0.001000,nan,1.570796,0.350000,0.350000,0.350000,1.000000,nan,nan,nan,nan,nan,nan
18.750000,nan,nan,nan,nan,nan,nan,nan,nan,nan,nan,nan,nan,nan,0.001000,nan,1.570796,0.350000,0.350000,0.350000,1.000000,nan,nan,nan,nan,nan,nan
18.760000,nan,nan,nan,nan,nan,nan,nan,nan,nan,nan,nan,nan,nan,0.001000,nan,1.570796,0.350000,0.350000,0.350000,1.000000,nan,nan,nan,nan,nan,nan
18.770000,nan,nan,nan,nan,nan,nan,nan,nan,nan,nan,nan,nan,nan,0.001000,nan,1.570796,0.350000,0.350000,0.350000,1.000000,nan,nan,nan,nan,nan,nan
18.780000,nan,nan,nan,nan,nan,nan,nan,nan,nan,nan,nan,nan,nan,0.001000,nan,1.570796,0.350000,0.350000,0.350000,1.000000,nan,nan,nan,nan,nan,nan
18.790000,nan,nan,nan,nan,nan,nan,nan,nan,nan,nan,nan,nan,nan,0.001000,nan,1.570796,0.350000,0.350000,0.350000,1.000000,nan,nan,nan,nan,nan,nan
18.800000,nan,nan,nan,nan,nan,nan,nan,nan,nan,nan,nan,nan,nan,0.001000,nan,1.570796,0.350000,0.350000,0.350000,1.000000,nan,nan,nan,nan,nan,nan
18.810000,nan,nan,nan,nan,nan,nan,nan,nan,nan,nan,nan,nan,nan,0.001000,nan,1.570796,0.350000,0.350000,0.350000,1.000000,nan,nan,nan,nan,nan,nan
18.820000,nan,nan,nan,nan,nan,nan,nan,nan,nan,nan,nan,nan,nan,0.001000,nan,1.570796,0.350000,0.350000,0.350000,1.000000,nan,nan,nan,nan,nan,nan
18.830000,nan,nan,nan,nan,nan,nan,nan,nan,nan,nan,nan,nan,nan,0.001000,nan,1.570796,0.350000,0.350000,0.350000,1.000000,nan,nan,nan,nan,nan,nan
18.840000,nan,nan,nan,nan,nan,nan,nan,nan,nan,nan,nan,nan,nan,0.001000,nan,1.570796,0.350000,0.350000,0.350000,1.000000,nan,nan,nan,nan,nan,nan
18.850000,nan,nan,nan,nan,nan,nan,nan,nan,nan,nan,nan,nan,nan,0.001000,nan,1.570796,0.350000,0.350000,0.350000,1.000000,nan,nan,nan,nan,nan,nan
18.860000,nan,nan,nan,nan,nan,nan,nan,nan,nan,nan,nan,nan,nan,0.001000,nan,1.570796,0.350000,0.350000,0.350000,1.000000,nan,nan,nan,nan,nan,nan
18.870000,nan,nan,nan,nan,nan,nan,nan,nan,nan,nan,nan,nan,nan,0.001000,nan,1.570796,0.350000,0.350000,0.350000,1.000000,nan,nan,nan,nan,nan,nan
18.880000,nan,nan,nan,nan,nan,nan,nan,nan,nan,nan,nan,nan,nan,0.001000,nan,1.570796,0.350000,0.350000,0.350000,1.000000,nan,nan,nan,nan,nan,nan
18.890000,nan,nan,nan,nan,nan,nan,nan,nan,nan,nan,nan,nan,nan,0.001000,nan,1.570796,0.350000,0.350000,0.350000,1.000000,nan,nan,nan,nan,nan,nan
18.900000,nan,nan,nan,nan,nan,nan,nan,nan,nan,nan,nan,nan,nan,0.001000,nan,1.570796,0.350000,0.350000,0.350000,1.000000,nan,nan,nan,nan,nan,nan
18.910000,nan,nan,nan,nan,nan,nan,nan,nan,nan,nan,nan,nan,nan,0.001000,nan,1.570796,0.350000,0.350000,0.350000,1.000000,nan,nan,nan,nan,nan,nan
18.920000,nan,nan,nan,nan,nan,nan,nan,nan,nan,nan,nan,nan,nan,0.001000,nan,1.570796,0.350000,0.350000,0.350000,1.000000,nan,nan,nan,nan,nan,nan
18.930000,nan,nan,nan,nan,nan,nan,nan,nan,nan,nan,nan,nan,nan,0.001000,nan,1.570796,0.350000,0.350000,0.350000,1.000000,nan,nan,nan,nan,nan,nan
18.940000,nan,nan,nan,nan,nan,nan,nan,nan,nan,nan,nan,nan,nan,0.001000,nan,1.570796,0.350000,0.350000,0.350000,1.000000,nan,nan,nan,nan,nan,nan
18.950000,nan,nan,nan,nan,nan,nan,nan,nan,nan,nan,nan,nan,nan,0.001000,nan,1.570796,0.350000,0.350000,0.350000,1.000000,nan,nan,nan,nan,nan,nan
18.960000,nan,nan,nan,nan,nan,nan,nan,nan,nan,nan,nan,nan,nan,0.001000,nan,1.570796,0.350000,0.350000,0.350000,1.000000,nan,nan,nan,nan,nan,nan
18.970000,nan,nan,nan,nan,nan,nan,nan,nan,nan,nan,nan,nan,nan,0.001000,nan,1.570796,0.350000,0.350000,0.350000,1.000000,nan,nan,nan,nan,nan,nan
18.980000,nan,nan,nan,nan,nan,nan,nan,nan,nan,nan,nan,nan,nan,0.001000,nan,1.570796,0.350000,0.350000,0.350000,1.000000,nan,nan,nan,nan,nan,nan
18.990000,nan,nan,nan,nan,nan,nan,nan,nan,nan,nan,nan,nan,nan,0.001000,nan,1.570796,0.350000,0.350000,0.350000,1.000000,nan,nan,nan,nan,nan,nan
19.000000,nan,nan,nan,nan,nan,nan,nan,nan,nan,nan,nan,nan,nan,0.001000,nan,1.570796,0.350000,0.350000,0.350000,1.000000,nan,nan,nan,nan,nan,nan
19.010000,nan,nan,nan,nan,nan,nan,nan,nan,nan,nan,nan,nan,nan,0.001000,nan,1.570796,0.350000,0.350000,0.350000,1.000000,nan,nan,nan,nan,nan,nan
19.020000,nan,nan,nan,nan,nan,nan,nan,nan,nan,nan,nan,nan,nan,0.001000,nan,1.570796,0.350000,0.350000,0.350000,1.000000,nan,nan,nan,nan,nan,nan
19.030000,nan,nan,nan,nan,nan,nan,nan,nan,nan,nan,nan,nan,nan,0.001000,nan,1.570796,0.350000,0.350000,0.350000,1.000000,nan,nan,nan,nan,nan,nan
19.040000,nan,nan,nan,nan,nan,nan,nan,nan,nan,nan,nan,nan,nan,0.001000,nan,1.570796,0.350000,0.350000,0.350000,1.000000,nan,nan,nan,nan,nan,nan
19.050000,nan,nan,nan,nan,nan,nan,nan,nan,nan,nan,nan,nan,nan,0.001000,nan,1.570796,0.350000,0.350000,0.350000,1.000000,nan,nan,nan,nan,nan,nan
19.060000,nan,nan,nan,nan,nan,nan,nan,nan,nan,nan,nan,nan,nan,0.001000,nan,1.570796,0.350000,0.350000,0.350000,1.000000,nan,nan,nan,nan,nan,nan
19.070000,nan,nan,nan,nan,nan,nan,nan,nan,nan,nan,nan,nan,nan,0.001000,nan,1.570796,0.350000,0.350000,0.350000,1.000000,nan,nan,nan,nan,nan,nan
19.080000,nan,nan,nan,nan,nan,nan,nan,nan,nan,nan,nan,nan,nan,0.001000,nan,1.570796,0.350000,0.350000,0.350000,1.000000,nan,nan,nan,nan,nan,nan
19.090000,nan,nan,nan,nan,nan,nan,nan,nan,nan,nan,nan,nan,nan,0.001000,nan,1.570796,0.350000,0.350000,0.350000,1.000000,nan,nan,nan,nan,nan,nan
19.100000,nan,nan,nan,nan,nan,nan,nan,nan,nan,nan,nan,nan,nan,0.001000,nan,1.570796,0.350000,0.350000,0.350000,1.000000,nan,nan,nan,nan,nan,nan
19.110000,nan,nan,nan,nan,nan,nan,nan,nan,nan,nan,nan,nan,nan,0.001000,nan,1.570796,0.350000,0.350000,0.350000,1.000000,nan,nan,nan,nan,nan,nan
19.120000,nan,nan,nan,nan,nan,nan,nan,nan,nan,nan,nan,nan,nan,0.001000,nan,1.570796,0.350000,0.350000,0.350000,1.000000,nan,nan,nan,nan,nan,nan
19.130000,nan,nan,nan,nan,nan,nan,nan,nan,nan,nan,nan,nan,nan,0.001000,nan,1.570796,0.350000,0.350000,0.350000,1.000000,nan,nan,nan,nan,nan,nan
19.140000,nan,nan,nan,nan,nan,nan,nan,nan,nan,nan,nan,nan,nan,0.001000,nan,1.570796,0.350000,0.350000,0.350000,1.000000,nan,nan,nan,nan,nan,nan
19.150000,nan,nan,nan,nan,nan,nan,nan,nan,nan,nan,nan,nan,nan,0.001000,nan,1.570796,0.350000,0.350000,0.350000,1.000000,nan,nan,nan,nan,nan,nan
19.160000,nan,nan,nan,nan,nan,nan,nan,nan,nan,nan,nan,nan,nan,0.001000,nan,1.570796,0.350000,0.350000,0.350000,1.000000,nan,nan,nan,nan,nan,nan
19.170000,nan,nan,nan,nan,nan,nan,nan,nan,nan,nan,nan,nan,nan,0.001000,nan,1.570796,0.350000,0.350000,0.350000,1.000000,nan,nan,nan,nan,nan,nan
19.180000,nan,nan,nan,nan,nan,nan,nan,nan,nan,nan,nan,nan,nan,0.001000,nan,1.570796,0.350000,0.350000,0.350000,1.000000,nan,nan,nan,nan,nan,nan
19.190000,nan,nan,nan,nan,nan,nan,nan,nan,nan,nan,nan,nan,nan,0.001000,nan,1.570796,0.350000,0.350000,0.350000,1.000000,nan,nan,nan,nan,nan,nan
19.200000,nan,nan,nan,nan,nan,nan,nan,nan,nan,nan,nan,nan,nan,0.001000,nan,1.570796,0.350000,0.350000,0.350000,1.000000,nan,nan,nan,nan,nan,nan
19.210000,nan,nan,nan,nan,nan,nan,nan,nan,nan,nan,nan,nan,nan,0.001000,nan,1.570796,0.350000,0.350000,0.350000,1.000000,nan,nan,nan,nan,nan,nan
19.220000,nan,nan,nan,nan,nan,nan,nan,nan,nan,nan,nan,nan,nan,0.001000,nan,1.570796,0.350000,0.350000,0.350000,1.000000,nan,nan,nan,nan,nan,nan
19.230000,nan,nan,nan,nan,nan,nan,nan,nan,nan,nan,nan,nan,nan,0.001000,nan,1.570796,0.350000,0.350000,0.350000,1.000000,nan,nan,nan,nan,nan,nan
19.240000,nan,nan,nan,nan,nan,nan,nan,nan,nan,nan,nan,nan,nan,0.001000,nan,1.570796,0.350000,0.350000,0.350000,1.000000,nan,nan,nan,nan,nan,nan
19.250000,nan,nan,nan,nan,nan,nan,nan,nan,nan,nan,nan,nan,nan,0.001000,nan,1.570796,0.350000,0.350000,0.350000,1.000000,nan,nan,nan,nan,nan,nan
19.260000,nan,nan,nan,nan,nan,nan,nan,nan,nan,nan,nan,nan,nan,0.001000,nan,1.570796,0.350000,0.350000,0.350000,1.000000,nan,nan,nan,nan,nan,nan
19.270000,nan,nan,nan,nan,nan,nan,nan,nan,nan,nan,nan,nan,nan,0.001000,nan,1.570796,0.350000,0.350000,0.350000,1.000000,nan,nan,nan,nan,nan,nan
19.280000,nan,nan,nan,nan,nan,nan,nan,nan,nan,nan,nan,nan,nan,0.001000,nan,1.570796,0.350000,0.350000,0.350000,1.000000,nan,nan,nan,nan,nan,nan
19.290000,nan,nan,nan,nan,nan,nan,nan,nan,nan,nan,nan,nan,nan,0.001000,nan,1.570796,0.350000,0.350000,0.350000,1.000000,nan,nan,nan,nan,nan,nan
19.300000,nan,nan,nan,nan,nan,nan,nan,nan,nan,nan,nan,nan,nan,0.001000,nan,1.570796,0.350000,0.350000,0.350000,1.000000,nan,nan,nan,nan,nan,nan
19.310000,nan,nan,nan,nan,nan,nan,nan,nan,nan,nan,nan,nan,nan,0.001000,nan,1.570796,0.350000,0.350000,0.350000,1.000000,nan,nan,nan,nan,nan,nan
19.320000,nan,nan,nan,nan,nan,nan,nan,nan,nan,nan,nan,nan,nan,0.001000,nan,1.570796,0.350000,0.350000,0.350000,1.000000,nan,nan,nan,nan,nan,nan
19.330000,nan,nan,nan,nan,nan,nan,nan,nan,nan,nan,nan,nan,nan,0.001000,nan,1.570796,0.350000,0.350000,0.350000,1.000000,nan,nan,nan,nan,nan,nan
19.340000,nan,nan,nan,nan,nan,nan,nan,nan,nan,nan,nan,nan,nan,0.001000,nan,1.570796,0.350000,0.350000,0.350000,1.000000,nan,nan,nan,nan,nan,nan
19.350000,nan,nan,nan,nan,nan,nan,nan,nan,nan,nan,nan,nan,nan,0.001000,nan,1.570796,0.350000,0.350000,0.350000,1.000000,nan,nan,nan,nan,nan,nan
19.360000,nan,nan,nan,nan,nan,nan,nan,nan,nan,nan,nan,nan,nan,0.001000,nan,1.570796,0.350000,0.350000,0.350000,1.000000,nan,nan,nan,nan,nan,nan
19.370000,nan,nan,nan,nan,nan,nan,nan,nan,nan,nan,nan,nan,nan,0.001000,nan,1.570796,0.350000,0.350000,0.350000,1.000000,nan,nan,nan,nan,nan,nan
19.380000,nan,nan,nan,nan,nan,nan,nan,nan,nan,nan,nan,nan,nan,0.001000,nan,1.570796,0.350000,0.350000,0.350000,1.000000,nan,nan,nan,nan,nan,nan
19.390000,nan,nan,nan,nan,nan,nan,nan,nan,nan,nan,nan,nan,nan,0.001000,nan,1.570796,0.350000,0.350000,0.350000,1.000000,nan,nan,nan,nan,nan,nan
19.400000,nan,nan,nan,nan,nan,nan,nan,nan,nan,nan,nan,nan,nan,0.001000,nan,1.570796,0.350000,0.350000,0.350000,1.000000,nan,nan,nan,nan,nan,nan
19.410000,nan,nan,nan,nan,nan,nan,nan,nan,nan,nan,nan,nan,nan,0.001000,nan,1.570796,0.350000,0.350000,0.350000,1.000000,nan,nan,nan,nan,nan,nan
19.420000,nan,nan,nan,nan,nan,nan,nan,nan,nan,nan,nan,nan,nan,0.001000,nan,1.570796,0.350000,0.350000,0.350000,1.000000,nan,nan,nan,nan,nan,nan
19.430000,nan,nan,nan,nan,nan,nan,nan,nan,nan,nan,nan,nan,nan,0.001000,nan,1.570796,0.350000,0.350000,0.350000,1.000000,nan,nan,nan,nan,nan,nan
19.440000,nan,nan,nan,nan,nan,nan,nan,nan,nan,nan,nan,nan,nan,0.001000,nan,1.570796,0.350000,0.350000,0.350000,1.000000,nan,nan,nan,nan,nan,nan
19.450000,nan,nan,nan,nan,nan,nan,nan,nan,nan,nan,nan,nan,nan,0.001000,nan,1.570796,0.350000,0.350000,0.350000,1.000000,nan,nan,nan,nan,nan,nan
19.460000,nan,nan,nan,nan,nan,nan,nan,nan,nan,nan,nan,nan,nan,0.001000,nan,1.570796,0.350000,0.350000,0.350000,1.000000,nan,nan,nan,nan,nan,nan
19.470000,nan,nan,nan,nan,nan,nan,nan,nan,nan,nan,nan,nan,nan,0.001000,nan,1.570796,0.350000,0.350000,0.350000,1.000000,nan,nan,nan,nan,nan,nan
19.480000,nan,nan,nan,nan,nan,nan,nan,nan,nan,nan,nan,nan,nan,0.001000,nan,1.570796,0.350000,0.350000,0.350000,1.000000,nan,nan,nan,nan,nan,nan
19.490000,nan,nan,nan,nan,nan,nan,nan,nan,nan,nan,nan,nan,nan,0.001000,nan,1.570796,0.350000,0.350000,0.350000,1.000000,nan,nan,nan,nan,nan,nan
19.500000,nan,nan,nan,nan,nan,nan,nan,nan,nan,nan,nan,nan,nan,0.001000,nan,1.570796,0.350000,0.350000,0.350000,1.000000,nan,nan,nan,nan,nan,nan
19.510000,nan,nan,nan,nan,nan,nan,nan,nan,nan,nan,nan,nan,nan,0.001000,nan,1.570796,0.350000,0.350000,0.350000,1.000000,nan,nan,nan,nan,nan,nan
19.520000,nan,nan,nan,nan,nan,nan,nan,nan,nan,nan,nan,nan,nan,0.001000,nan,1.570796,0.350000,0.350000,0.350000,1.000000,nan,nan,nan,nan,nan,nan
19.530000,nan,nan,nan,nan,nan,nan,nan,nan,nan,nan,nan,nan,nan,0.001000,nan,1.570796,0.350000,0.350000,0.350000,1.000000,nan,nan,nan,nan,nan,nan
19.540000,nan,nan,nan,nan,nan,nan,nan,nan,nan,nan,nan,nan,nan,0.001000,nan,1.570796,0.350000,0.350000,0.350000,1.000000,nan,nan,nan,nan,nan,nan
19.550000,nan,nan,nan,nan,nan,nan,nan,nan,nan,nan,nan,nan,nan,0.001000,nan,1.570796,0.350000,0.350000,0.350000,1.000000,nan,nan,nan,nan,nan,nan
19.560000,nan,nan,nan,nan,nan,nan,nan,nan,nan,nan,nan,nan,nan,0.001000,nan,1.570796,0.350000,0.350000,0.350000,1.000000,nan,nan,nan,nan,nan,nan
19.570000,nan,nan,nan,nan,nan,nan,nan,nan,nan,nan,nan,nan,nan,0.001000,nan,1.570796,0.350000,0.350000,0.350000,1.000000,nan,nan,nan,nan,nan,nan
19.580000,nan,nan,nan,nan,nan,nan,nan,nan,nan,nan,nan,nan,nan,0.001000,nan,1.570796,0.350000,0.350000,0.350000,1.000000,nan,nan,nan,nan,nan,nan
19.590000,nan,nan,nan,nan,nan,nan,nan,nan,nan,nan,nan,nan,nan,0.001000,nan,1.570796,0.350000,0.350000,0.350000,1.000000,nan,nan,nan,nan,nan,nan
19.600000,nan,nan,nan,nan,nan,nan,nan,nan,nan,nan,nan,nan,nan,0.001000,nan,1.570796,0.350000,0.350000,0.350000,1.000000,nan,nan,nan,nan,nan,nan
19.610000,nan,nan,nan,nan,nan,nan,nan,nan,nan,nan,nan,nan,nan,0.001000,nan,1.570796,0.350000,0.350000,0.350000,1.000000,nan,nan,nan,nan,nan,nan
19.620000,nan,nan,nan,nan,nan,nan,nan,nan,nan,nan,nan,nan,nan,0.001000,nan,1.570796,0.350000,0.350000,0.350000,1.000000,nan,nan,nan,nan,nan,nan
19.630000,nan,nan,nan,nan,nan,nan,nan,nan,nan,nan,nan,nan,nan,0.001000,nan,1.570796,0.350000,0.350000,0.350000,1.000000,nan,nan,nan,nan,nan,nan
19.640000,nan,nan,nan,nan,nan,nan,nan,nan,nan,nan,nan,nan,nan,0.001000,nan,1.570796,0.350000,0.350000,0.350000,1.000000,nan,nan,nan,nan,nan,nan
19.650000,nan,nan,nan,nan,nan,nan,nan,nan,nan,nan,nan,nan,nan,0.001000,nan,1.570796,0.350000,0.350000,0.350000,1.000000,nan,nan,nan,nan,nan,nan
19.660000,nan,nan,nan,nan,nan,nan,nan,nan,nan,nan,nan,nan,nan,0.001000,nan,1.570796,0.350000,0.350000,0.350000,1.000000,nan,nan,nan,nan,nan,nan
19.670000,nan,nan,nan,nan,nan,nan,nan,nan,nan,nan,nan,nan,nan,0.001000,nan,1.570796,0.350000,0.350000,0.350000,1.000000,nan,nan,nan,nan,nan,nan
19.680000,nan,nan,nan,nan,nan,nan,nan,nan,nan,nan,nan,nan,nan,0.001000,nan,1.570796,0.350000,0.350000,0.350000,1.000000,nan,nan,nan,nan,nan,nan
19.690000,nan,nan,nan,nan,nan,nan,nan,nan,nan,nan,nan,nan,nan,0.001000,nan,1.570796,0.350000,0.350000,0.350000,1.000000,nan,nan,nan,nan,nan,nan
19.700000,nan,nan,nan,nan,nan,nan,nan,nan,nan,nan,nan,nan,nan,0.001000,nan,1.570796,0.350000,0.350000,0.350000,1.000000,nan,nan,nan,nan,nan,nan
19.710000,nan,nan,nan,nan,nan,nan,nan,nan,nan,nan,nan,nan,nan,0.001000,nan,1.570796,0.350000,0.350000,0.350000,1.000000,nan,nan,nan,nan,nan,nan
19.720000,nan,nan,nan,nan,nan,nan,nan,nan,nan,nan,nan,nan,nan,0.001000,nan,1.570796,0.350000,0.350000,0.350000,1.000000,nan,nan,nan,nan,nan,nan
19.730000,nan,nan,nan,nan,nan,nan,nan,nan,nan,nan,nan,nan,nan,0.001000,nan,1.570796,0.350000,0.350000,0.350000,1.000000,nan,nan,nan,nan,nan,nan
19.740000,nan,nan,nan,nan,nan,nan,nan,nan,nan,nan,nan,nan,nan,0.001000,nan,1.570796,0.350000,0.350000,0.350000,1.000000,nan,nan,nan,nan,nan,nan
19.750000,nan,nan,nan,nan,nan,nan,nan,nan,nan,nan,nan,nan,nan,0.001000,nan,1.570796,0.350000,0.350000,0.350000,1.000000,nan,nan,nan,nan,nan,nan
19.760000,nan,nan,nan,nan,nan,nan,nan,nan,nan,nan,nan,nan,nan,0.001000,nan,1.570796,0.350000,0.350000,0.350000,1.000000,nan,nan,nan,nan,nan,nan
19.770000,nan,nan,nan,nan,nan,nan,nan,nan,nan,nan,nan,nan,nan,0.001000,nan,1.570796,0.350000,0.350000,0.350000,1.000000,nan,nan,nan,nan,nan,nan
19.780000,nan,nan,nan,nan,nan,nan,nan,nan,nan,nan,nan,nan,nan,0.001000,nan,1.570796,0.350000,0.350000,0.350000,1.000000,nan,nan,nan,nan,nan,nan
19.790000,nan,nan,nan,nan,nan,nan,nan,nan,nan,nan,nan,nan,nan,0.001000,nan,1.570796,0.350000,0.350000,0.350000,1.000000,nan,nan,nan,nan,nan,nan
19.800000,nan,nan,nan,nan,nan,nan,nan,nan,nan,nan,nan,nan,nan,0.001000,nan,1.570796,0.350000,0.350000,0.350000,1.000000,nan,nan,nan,nan,nan,nan
19.810000,nan,nan,nan,nan,nan,nan,nan,nan,nan,nan,nan,nan,nan,0.001000,nan,1.570796,0.350000,0.350000,0.350000,1.000000,nan,nan,nan,nan,nan,nan
19.820000,nan,nan,nan,nan,nan,nan,nan,nan,nan,nan,nan,nan,nan,0.001000,nan,1.570796,0.350000,0.350000,0.350000,1.000000,nan,nan,nan,nan,nan,nan
19.830000,nan,nan,nan,nan,nan,nan,nan,nan,nan,nan,nan,nan,nan,0.001000,nan,1.570796,0.350000,0.350000,0.350000,1.000000,nan,nan,nan,nan,nan,nan
19.840000,nan,nan,nan,nan,nan,nan,nan,nan,nan,nan,nan,nan,nan,0.001000,nan,1.570796,0.350000,0.350000,0.350000,1.000000,nan,nan,nan,nan,nan,nan
19.850000,nan,nan,nan,nan,nan,nan,nan,nan,nan,nan,nan,nan,nan,0.001000,nan,1.570796,0.350000,0.350000,0.350000,1.000000,nan,nan,nan,nan,nan,nan
19.860000,nan,nan,nan,nan,nan,nan,nan,nan,nan,nan,nan,nan,nan,0.001000,nan,1.570796,0.350000,0.350000,0.350000,1.000000,nan,nan,nan,nan,nan,nan
19.870000,nan,nan,nan,nan,nan,nan,nan,nan,nan,nan,nan,nan,nan,0.001000,nan,1.570796,0.350000,0.350000,0.350000,1.000000,nan,nan,nan,nan,nan,nan
19.880000,nan,nan,nan,nan,nan,nan,nan,nan,nan,nan,nan,nan,nan,0.001000,nan,1.570796,0.350000,0.350000,0.350000,1.000000,nan,nan,nan,nan,nan,nan
19.890000,nan,nan,nan,nan,nan,nan,nan,nan,nan,nan,nan,nan,nan,0.001000,nan,1.570796,0.350000,0.350000,0.350000,1.000000,nan,nan,nan,nan,nan,nan
19.900000,nan,nan,nan,nan,nan,nan,nan,nan,nan,nan,nan,nan,nan,0.001000,nan,1.570796,0.350000,0.350000,0.350000,1.000000,nan,nan,nan,nan,nan,nan
19.910000,nan,nan,nan,nan,nan,nan,nan,nan,nan,nan,nan,nan,nan,0.001000,nan,1.570796,0.350000,0.350000,0.350000,1.000000,nan,nan,nan,nan,nan,nan
19.920000,nan,nan,nan,nan,nan,nan,nan,nan,nan,nan,nan,nan,nan,0.001000,nan,1.570796,0.350000,0.350000,0.350000,1.000000,nan,nan,nan,nan,nan,nan
19.930000,nan,nan,nan,nan,nan,nan,nan,nan,nan,nan,nan,nan,nan,0.001000,nan,1.570796,0.350000,0.350000,0.350000,1.000000,nan,nan,nan,nan,nan,nan
19.940000,nan,nan,nan,nan,nan,nan,nan,nan,nan,nan,nan,nan,nan,0.001000,nan,1.570796,0.350000,0.350000,0.350000,1.000000,nan,nan,nan,nan,nan,nan
19.950000,nan,nan,nan,nan,nan,nan,nan,nan,nan,nan,nan,nan,nan,0.001000,nan,1.570796,0.350000,0.350000,0.350000,1.000000,nan,nan,nan,nan,nan,nan
19.960000,nan,nan,nan,nan,nan,nan,nan,nan,nan,nan,nan,nan,nan,0.001000,nan,1.570796,0.350000,0.350000,0.350000,1.000000,nan,nan,nan,nan,nan,nan
19.970000,nan,nan,nan,nan,nan,nan,nan,nan,nan,nan,nan,nan,nan,0.001000,nan,1.570796,0.350000,0.350000,0.350000,1.000000,nan,nan,nan,nan,nan,nan
19.980000,nan,nan,nan,nan,nan,nan,nan,nan,nan,nan,nan,nan,nan,0.001000,nan,1.570796,0.350000,0.350000,0.350000,1.000000,nan,nan,nan,nan,nan,nan
19.990000,nan,nan,nan,nan,nan,nan,nan,nan,nan,nan,nan,nan,nan,0.001000,nan,1.570796,0.350000,0.350000,0.350000,1.000000,nan,nan,nan,nan,nan,nan
20.000000,nan,nan,nan,nan,nan,nan,nan,nan,nan,nan,nan,nan,nan,0.001000,nan,1.570796,0.350000,0.350000,0.350000,1.000000,nan,nan,nan,nan,nan,nan
20.010000,nan,nan,nan,nan,nan,nan,nan,nan,nan,nan,nan,nan,nan,0.001000,nan,1.570796,0.350000,0.350000,0.350000,1.000000,nan,nan,nan,nan,nan,nan
20.020000,nan,nan,nan,nan,nan,nan,nan,nan,nan,nan,nan,nan,nan,0.001000,nan,1.570796,0.350000,0.350000,0.350000,1.000000,nan,nan,nan,nan,nan,nan
20.030000,nan,nan,nan,nan,nan,nan,nan,nan,nan,nan,nan,nan,nan,0.001000,nan,1.570796,0.350000,0.350000,0.350000,1.000000,nan,nan,nan,nan,nan,nan
20.040000,nan,nan,nan,nan,nan,nan,nan,nan,nan,nan,nan,nan,nan,0.001000,nan,1.570796,0.350000,0.350000,0.350000,1.000000,nan,nan,nan,nan,nan,nan
20.050000,nan,nan,nan,nan,nan,nan,nan,nan,nan,nan,nan,nan,nan,0.001000,nan,1.570796,0.350000,0.350000,0.350000,1.000000,nan,nan,nan,nan,nan,nan
20.060000,nan,nan,nan,nan,nan,nan,nan,nan,nan,nan,nan,nan,nan,0.001000,nan,1.570796,0.350000,0.350000,0.350000,1.000000,nan,nan,nan,nan,nan,nan
20.070000,nan,nan,nan,nan,nan,nan,nan,nan,nan,nan,nan,nan,nan,0.001000,nan,1.570796,0.350000,0.350000,0.350000,1.000000,nan,nan,nan,nan,nan,nan
20.080000,nan,nan,nan,nan,nan,nan,nan,nan,nan,nan,nan,nan,nan,0.001000,nan,1.570796,0.350000,0.350000,0.350000,1.000000,nan,nan,nan,nan,nan,nan
20.090000,nan,nan,nan,nan,nan,nan,nan,nan,nan,nan,nan,nan,nan,0.001000,nan,1.570796,0.350000,0.350000,0.350000,1.000000,nan,nan,nan,nan,nan,nan
20.100000,nan,nan,nan,nan,nan,nan,nan,nan,nan,nan,nan,nan,nan,0.001000,nan,1.570796,0.350000,0.350000,0.350000,1.000000,nan,nan,nan,nan,nan,nan
20.110000,nan,nan,nan,nan,nan,nan,nan,nan,nan,nan,nan,nan,nan,0.001000,nan,1.570796,0.350000,0.350000,0.350000,1.000000,nan,nan,nan,nan,nan,nan
20.120000,nan,nan,nan,nan,nan,nan,nan,nan,nan,nan,nan,nan,nan,0.001000,nan,1.570796,0.350000,0.350000,0.350000,1.000000,nan,nan,nan,nan,nan,nan
20.130000,nan,nan,nan,nan,nan,nan,nan,nan,nan,nan,nan,nan,nan,0.001000,nan,1.570796,0.350000,0.350000,0.350000,1.000000,nan,nan,nan,nan,nan,nan
20.140000,nan,nan,nan,nan,nan,nan,nan,nan,nan,nan,nan,nan,nan,0.001000,nan,1.570796,0.350000,0.350000,0.350000,1.000000,nan,nan,nan,nan,nan,nan
20.150000,nan,nan,nan,nan,nan,nan,nan,nan,nan,nan,nan,nan,nan,0.001000,nan,1.570796,0.350000,0.350000,0.350000,1.000000,nan,nan,nan,nan,nan,nan
20.160000,nan,nan,nan,nan,nan,nan,nan,nan,nan,nan,nan,nan,nan,0.001000,nan,1.570796,0.350000,0.350000,0.350000,1.000000,nan,nan,nan,nan,nan,nan
20.170000,nan,nan,nan,nan,nan,nan,nan,nan,nan,nan,nan,nan,nan,0.001000,nan,1.570796,0.350000,0.350000,0.350000,1.000000,nan,nan,nan,nan,nan,nan
20.180000,nan,nan,nan,nan,nan,nan,nan,nan,nan,nan,nan,nan,nan,0.001000,nan,1.570796,0.350000,0.350000,0.350000,1.000000,nan,nan,nan,nan,nan,nan
20.190000,nan,nan,nan,nan,nan,nan,nan,nan,nan,nan,nan,nan,nan,0.001000,nan,1.570796,0.350000,0.350000,0.350000,1.000000,nan,nan,nan,nan,nan,nan
20.200000,nan,nan,nan,nan,nan,nan,nan,nan,nan,nan,nan,nan,nan,0.001000,nan,1.570796,0.350000,0.350000,0.350000,1.000000,nan,nan,nan,nan,nan,nan
20.210000,nan,nan,nan,nan,nan,nan,nan,nan,nan,nan,nan,nan,nan,0.001000,nan,1.570796,0.350000,0.350000,0.350000,1.000000,nan,nan,nan,nan,nan,nan
20.220000,nan,nan,nan,nan,nan,nan,nan,nan,nan,nan,nan,nan,nan,0.001000,nan,1.570796,0.350000,0.350000,0.350000,1.000000,nan,nan,nan,nan,nan,nan
20.230000,nan,nan,nan,nan,nan,nan,nan,nan,nan,nan,nan,nan,nan,0.001000,nan,1.570796,0.350000,0.350000,0.350000,1.000000,nan,nan,nan,nan,nan,nan
20.240000,nan,nan,nan,nan,nan,nan,nan,nan,nan,nan,nan,nan,nan,0.001000,nan,1.570796,0.350000,0.350000,0.350000,1.000000,nan,nan,nan,nan,nan,nan
20.250000,nan,nan,nan,nan,nan,nan,nan,nan,nan,nan,nan,nan,nan,0.001000,nan,1.570796,0.350000,0.350000,0.350000,1.000000,nan,nan,nan,nan,nan,nan
20.260000,nan,nan,nan,nan,nan,nan,nan,nan,nan,nan,nan,nan,nan,0.001000,nan,1.570796,0.350000,0.350000,0.350000,1.000000,nan,nan,nan,nan,nan,nan
20.270000,nan,nan,nan,nan,nan,nan,nan,nan,nan,nan,nan,nan,nan,0.001000,nan,1.570796,0.350000,0.350000,0.350000,1.000000,nan,nan,nan,nan,nan,nan
20.280000,nan,nan,nan,nan,nan,nan,nan,nan,nan,nan,nan,nan,nan,0.001000,nan,1.570796,0.350000,0.350000,0.350000,1.000000,nan,nan,nan,nan,nan,nan
20.290000,nan,nan,nan,nan,nan,nan,nan,nan,nan,nan,nan,nan,nan,0.001000,nan,1.570796,0.350000,0.350000,0.350000,1.000000,nan,nan,nan,nan,nan,nan
20.300000,nan,nan,nan,nan,nan,nan,nan,nan,nan,nan,nan,nan,nan,0.001000,nan,1.570796,0.350000,0.350000,0.350000,1.000000,nan,nan,nan,nan,nan,nan
20.310000,nan,nan,nan,nan,nan,nan,nan,nan,nan,nan,nan,nan,nan,0.001000,nan,1.570796,0.350000,0.350000,0.350000,1.000000,nan,nan,nan,nan,nan,nan
20.320000,nan,nan,nan,nan,nan,nan,nan,nan,nan,nan,nan,nan,nan,0.001000,nan,1.570796,0.350000,0.350000,0.350000,1.000000,nan,nan,nan,nan,nan,nan
20.330000,nan,nan,nan,nan,nan,nan,nan,nan,nan,nan,nan,nan,nan,0.001000,nan,1.570796,0.350000,0.350000,0.350000,1.000000,nan,nan,nan,nan,nan,nan
20.340000,nan,nan,nan,nan,nan,nan,nan,nan,nan,nan,nan,nan,nan,0.001000,nan,1.570796,0.350000,0.350000,0.350000,1.000000,nan,nan,nan,nan,nan,nan
20.350000,nan,nan,nan,nan,nan,nan,nan,nan,nan,nan,nan,nan,nan,0.001000,nan,1.570796,0.350000,0.350000,0.350000,1.000000,nan,nan,nan,nan,nan,nan
20.360000,nan,nan,nan,nan,nan,nan,nan,nan,nan,nan,nan,nan,nan,0.001000,nan,1.570796,0.350000,0.350000,0.350000,1.000000,nan,nan,nan,nan,nan,nan
20.370000,nan,nan,nan,nan,nan,nan,nan,nan,nan,nan,nan,nan,nan,0.001000,nan,1.570796,0.350000,0.350000,0.350000,1.000000,nan,nan,nan,nan,nan,nan
20.380000,nan,nan,nan,nan,nan,nan,nan,nan,nan,nan,nan,nan,nan,0.001000,nan,1.570796,0.350000,0.350000,0.350000,1.000000,nan,nan,nan,nan,nan,nan
20.390000,nan,nan,nan,nan,nan,nan,nan,nan,nan,nan,nan,nan,nan,0.001000,nan,1.570796,0.350000,0.350000,0.350000,1.000000,nan,nan,nan,nan,nan,nan
20.400000,nan,nan,nan,nan,nan,nan,nan,nan,nan,nan,nan,nan,nan,0.001000,nan,1.570796,0.350000,0.350000,0.350000,1.000000,nan,nan,nan,nan,nan,nan
20.410000,nan,nan,nan,nan,nan,nan,nan,nan,nan,nan,nan,nan,nan,0.001000,nan,1.570796,0.350000,0.350000,0.350000,1.000000,nan,nan,nan,nan,nan,nan
20.420000,nan,nan,nan,nan,nan,nan,nan,nan,nan,nan,nan,nan,nan,0.001000,nan,1.570796,0.350000,0.350000,0.350000,1.000000,nan,nan,nan,nan,nan,nan
20.430000,nan,nan,nan,nan,nan,nan,nan,nan,nan,nan,nan,nan,nan,0.001000,nan,1.570796,0.350000,0.350000,0.350000,1.000000,nan,nan,nan,nan,nan,nan
20.440000,nan,nan,nan,nan,nan,nan,nan,nan,nan,nan,nan,nan,nan,0.001000,nan,1.570796,0.350000,0.350000,0.350000,1.000000,nan,nan,nan,nan,nan,nan
20.450000,nan,nan,nan,nan,nan,nan,nan,nan,nan,nan,nan,nan,nan,0.001000,nan,1.570796,0.350000,0.350000,0.350000,1.000000,nan,nan,nan,nan,nan,nan
20.460000,nan,nan,nan,nan,nan,nan,nan,nan,nan,nan,nan,nan,nan,0.001000,nan,1.570796,0.350000,0.350000,0.350000,1.000000,nan,nan,nan,nan,nan,nan
20.470000,nan,nan,nan,nan,nan,nan,nan,nan,nan,nan,nan,nan,nan,0.001000,nan,1.570796,0.350000,0.350000,0.350000,1.000000,nan,nan,nan,nan,nan,nan
20.480000,nan,nan,nan,nan,nan,nan,nan,nan,nan,nan,nan,nan,nan,0.001000,nan,1.570796,0.350000,0.350000,0.350000,1.000000,nan,nan,nan,nan,nan,nan
20.490000,nan,nan,nan,nan,nan,nan,nan,nan,nan,nan,nan,nan,nan,0.001000,nan,1.570796,0.350000,0.350000,0.350000,1.000000,nan,nan,nan,nan,nan,nan
20.500000,nan,nan,nan,nan,nan,nan,nan,nan,nan,nan,nan,nan,nan,0.001000,nan,1.570796,0.350000,0.350000,0.350000,1.000000,nan,nan,nan,nan,nan,nan
20.510000,nan,nan,nan,nan,nan,nan,nan,nan,nan,nan,nan,nan,nan,0.001000,nan,1.570796,0.350000,0.350000,0.350000,1.000000,nan,nan,nan,nan,nan,nan
20.520000,nan,nan,nan,nan,nan,nan,nan,nan,nan,nan,nan,nan,nan,0.001000,nan,1.570796,0.350000,0.350000,0.350000,1.000000,nan,nan,nan,nan,nan,nan
20.530000,nan,nan,nan,nan,nan,nan,nan,nan,nan,nan,nan,nan,nan,0.001000,nan,1.570796,0.350000,0.350000,0.350000,1.000000,nan,nan,nan,nan,nan,nan
20.540000,nan,nan,nan,nan,nan,nan,nan,nan,nan,nan,nan,nan,nan,0.001000,nan,1.570796,0.350000,0.350000,0.350000,1.000000,nan,nan,nan,nan,nan,nan
20.550000,nan,nan,nan,nan,nan,nan,nan,nan,nan,nan,nan,nan,nan,0.001000,nan,1.570796,0.350000,0.350000,0.350000,1.000000,nan,nan,nan,nan,nan,nan
20.560000,nan,nan,nan,nan,nan,nan,nan,nan,nan,nan,nan,nan,nan,0.001000,nan,1.570796,0.350000,0.350000,0.350000,1.000000,nan,nan,nan,nan,nan,nan
20.570000,nan,nan,nan,nan,nan,nan,nan,nan,nan,nan,nan,nan,nan,0.001000,nan,1.570796,0.350000,0.350000,0.350000,1.000000,nan,nan,nan,nan,nan,nan
20.580000,nan,nan,nan,nan,nan,nan,nan,nan,nan,nan,nan,nan,nan,0.001000,nan,1.570796,0.350000,0.350000,0.350000,1.000000,nan,nan,nan,nan,nan,nan
20.590000,nan,nan,nan,nan,nan,nan,nan,nan,nan,nan,nan,nan,nan,0.001000,nan,1.570796,0.350000,0.350000,0.350000,1.000000,nan,nan,nan,nan,nan,nan
20.600000,nan,nan,nan,nan,nan,nan,nan,nan,nan,nan,nan,nan,nan,0.001000,nan,1.570796,0.350000,0.350000,0.350000,1.000000,nan,nan,nan,nan,nan,nan
20.610000,nan,nan,nan,nan,nan,nan,nan,nan,nan,nan,nan,nan,nan,0.001000,nan,1.570796,0.350000,0.350000,0.350000,1.000000,nan,nan,nan,nan,nan,nan
20.620000,nan,nan,nan,nan,nan,nan,nan,nan,nan,nan,nan,nan,nan,0.001000,nan,1.570796,0.350000,0.350000,0.350000,1.000000,nan,nan,nan,nan,nan,nan
20.630000,nan,nan,nan,nan,nan,nan,nan,nan,nan,nan,nan,nan,nan,0.001000,nan,1.570796,0.350000,0.350000,0.350000,1.000000,nan,nan,nan,nan,nan,nan
20.640000,nan,nan,nan,nan,nan,nan,nan,nan,nan,nan,nan,nan,nan,0.001000,nan,1.570796,0.350000,0.350000,0.350000,1.000000,nan,nan,nan,nan,nan,nan
20.650000,nan,nan,nan,nan,nan,nan,nan,nan,nan,nan,nan,nan,nan,0.001000,nan,1.570796,0.350000,0.350000,0.350000,1.000000,nan,nan,nan,nan,nan,nan
20.660000,nan,nan,nan,nan,nan,nan,nan,nan,nan,nan,nan,nan,nan,0.001000,nan,1.570796,0.350000,0.350000,0.350000,1.000000,nan,nan,nan,nan,nan,nan
20.670000,nan,nan,nan,nan,nan,nan,nan,nan,nan,nan,nan,nan,nan,0.001000,nan,1.570796,0.350000,0.350000,0.350000,1.000000,nan,nan,nan,nan,nan,nan
20.680000,nan,nan,nan,nan,nan,nan,nan,nan,nan,nan,nan,nan,nan,0.001000,nan,1.570796,0.350000,0.350000,0.350000,1.000000,nan,nan,nan,nan,nan,nan
20.690000,nan,nan,nan,nan,nan,nan,nan,nan,nan,nan,nan,nan,nan,0.001000,nan,1.570796,0.350000,0.350000,0.350000,1.000000,nan,nan,nan,nan,nan,nan
20.700000,nan,nan,nan,nan,nan,nan,nan,nan,nan,nan,nan,nan,nan,0.001000,nan,1.570796,0.350000,0.350000,0.350000,1.000000,nan,nan,nan,nan,nan,nan
20.710000,nan,nan,nan,nan,nan,nan,nan,nan,nan,nan,nan,nan,nan,0.001000,nan,1.570796,0.350000,0.350000,0.350000,1.000000,nan,nan,nan,nan,nan,nan
20.720000,nan,nan,nan,nan,nan,nan,nan,nan,nan,nan,nan,nan,nan,0.001000,nan,1.570796,0.350000,0.350000,0.350000,1.000000,nan,nan,nan,nan,nan,nan
20.730000,nan,nan,nan,nan,nan,nan,nan,nan,nan,nan,nan,nan,nan,0.001000,nan,1.570796,0.350000,0.350000,0.350000,1.000000,nan,nan,nan,nan,nan,nan
20.740000,nan,nan,nan,nan,nan,nan,nan,nan,nan,nan,nan,nan,nan,0.001000,nan,1.570796,0.350000,0.350000,0.350000,1.000000,nan,nan,nan,nan,nan,nan
20.750000,nan,nan,nan,nan,nan,nan,nan,nan,nan,nan,nan,nan,nan,0.001000,nan,1.570796,0.350000,0.350000,0.350000,1.000000,nan,nan,nan,nan,nan,nan
20.760000,nan,nan,nan,nan,nan,nan,nan,nan,nan,nan,nan,nan,nan,0.001000,nan,1.570796,0.350000,0.350000,0.350000,1.000000,nan,nan,nan,nan,nan,nan
20.770000,nan,nan,nan,nan,nan,nan,nan,nan,nan,nan,nan,nan,nan,0.001000,nan,1.570796,0.350000,0.350000,0.350000,1.000000,nan,nan,nan,nan,nan,nan
20.780000,nan,nan,nan,nan,nan,nan,nan,nan,nan,nan,nan,nan,nan,0.001000,nan,1.570796,0.350000,0.350000,0.350000,1.000000,nan,nan,nan,nan,nan,nan
20.790000,nan,nan,nan,nan,nan,nan,nan,nan,nan,nan,nan,nan,nan,0.001000,nan,1.570796,0.350000,0.350000,0.350000,1.000000,nan,nan,nan,nan,nan,nan
20.800000,nan,nan,nan,nan,nan,nan,nan,nan,nan,nan,nan,nan,nan,0.001000,nan,1.570796,0.350000,0.350000,0.350000,1.000000,nan,nan,nan,nan,nan,nan
20.810000,nan,nan,nan,nan,nan,nan,nan,nan,nan,nan,nan,nan,nan,0.001000,nan,1.570796,0.350000,0.350000,0.350000,1.000000,nan,nan,nan,nan,nan,nan
20.820000,nan,nan,nan,nan,nan,nan,nan,nan,nan,nan,nan,nan,nan,0.001000,nan,1.570796,0.350000,0.350000,0.350000,1.000000,nan,nan,nan,nan,nan,nan
20.830000,nan,nan,nan,nan,nan,nan,nan,nan,nan,nan,nan,nan,nan,0.001000,nan,1.570796,0.350000,0.350000,0.350000,1.000000,nan,nan,nan,nan,nan,nan
20.840000,nan,nan,nan,nan,nan,nan,nan,nan,nan,nan,nan,nan,nan,0.001000,nan,1.570796,0.350000,0.350000,0.350000,1.000000,nan,nan,nan,nan,nan,nan
20.850000,nan,nan,nan,nan,nan,nan,nan,nan,nan,nan,nan,nan,nan,0.001000,nan,1.570796,0.350000,0.350000,0.350000,1.000000,nan,nan,nan,nan,nan,nan
20.860000,nan,nan,nan,nan,nan,nan,nan,nan,nan,nan,nan,nan,nan,0.001000,nan,1.570796,0.350000,0.350000,0.350000,1.000000,nan,nan,nan,nan,nan,nan
20.870000,nan,nan,nan,nan,nan,nan,nan,nan,nan,nan,nan,nan,nan,0.001000,nan,1.570796,0.350000,0.350000,0.350000,1.000000,nan,nan,nan,nan,nan,nan
20.880000,nan,nan,nan,nan,nan,nan,nan,nan,nan,nan,nan,nan,nan,0.001000,nan,1.570796,0.350000,0.350000,0.350000,1.000000,nan,nan,nan,nan,nan,nan
20.890000,nan,nan,nan,nan,nan,nan,nan,nan,nan,nan,nan,nan,nan,0.001000,nan,1.570796,0.350000,0.350000,0.350000,1.000000,nan,nan,nan,nan,nan,nan
20.900000,nan,nan,nan,nan,nan,nan,nan,nan,nan,nan,nan,nan,nan,0.001000,nan,1.570796,0.350000,0.350000,0.350000,1.000000,nan,nan,nan,nan,nan,nan
20.910000,nan,nan,nan,nan,nan,nan,nan,nan,nan,nan,nan,nan,nan,0.001000,nan,1.570796,0.350000,0.350000,0.350000,1.000000,nan,nan,nan,nan,nan,nan
20.920000,nan,nan,nan,nan,nan,nan,nan,nan,nan,nan,nan,nan,nan,0.001000,nan,1.570796,0.350000,0.350000,0.350000,1.000000,nan,nan,nan,nan,nan,nan
20.930000,nan,nan,nan,nan,nan,nan,nan,nan,nan,nan,nan,nan,nan,0.001000,nan,1.570796,0.350000,0.350000,0.350000,1.000000,nan,nan,nan,nan,nan,nan
20.940000,nan,nan,nan,nan,nan,nan,nan,nan,nan,nan,nan,nan,nan,0.001000,nan,1.570796,0.350000,0.350000,0.350000,1.000000,nan,nan,nan,nan,nan,nan
20.950000,nan,nan,nan,nan,nan,nan,nan,nan,nan,nan,nan,nan,nan,0.001000,nan,1.570796,0.350000,0.350000,0.350000,1.000000,nan,nan,nan,nan,nan,nan
20.960000,nan,nan,nan,nan,nan,nan,nan,nan,nan,nan,nan,nan,nan,0.001000,nan,1.570796,0.350000,0.350000,0.350000,1.000000,nan,nan,nan,nan,nan,nan
20.970000,nan,nan,nan,nan,nan,nan,nan,nan,nan,nan,nan,nan,nan,0.001000,nan,1.570796,0.350000,0.350000,0.350000,1.000000,nan,nan,nan,nan,nan,nan
20.980000,nan,nan,nan,nan,nan,nan,nan,nan,nan,nan,nan,nan,nan,0.001000,nan,1.570796,0.350000,0.350000,0.350000,1.000000,nan,nan,nan,nan,nan,nan
20.990000,nan,nan,nan,nan,nan,nan,nan,nan,nan,nan,nan,nan,nan,0.001000,nan,1.570796,0.350000,0.350000,0.350000,1.000000,nan,nan,nan,nan,nan,nan
21.000000,nan,nan,nan,nan,nan,nan,nan,nan,nan,nan,nan,nan,nan,0.001000,nan,1.570796,0.350000,0.350000,0.350000,1.000000,nan,nan,nan,nan,nan,nan
21.010000,nan,nan,nan,nan,nan,nan,nan,nan,nan,nan,nan,nan,nan,0.001000,nan,1.570796,0.350000,0.350000,0.350000,1.000000,nan,nan,nan,nan,nan,nan
21.020000,nan,nan,nan,nan,nan,nan,nan,nan,nan,nan,nan,nan,nan,0.001000,nan,1.570796,0.350000,0.350000,0.350000,1.000000,nan,nan,nan,nan,nan,nan
21.030000,nan,nan,nan,nan,nan,nan,nan,nan,nan,nan,nan,nan,nan,0.001000,nan,1.570796,0.350000,0.350000,0.350000,1.000000,nan,nan,nan,nan,nan,nan
21.040000,nan,nan,nan,nan,nan,nan,nan,nan,nan,nan,nan,nan,nan,0.001000,nan,1.570796,0.350000,0.350000,0.350000,1.000000,nan,nan,nan,nan,nan,nan
21.050000,nan,nan,nan,nan,nan,nan,nan,nan,nan,nan,nan,nan,nan,0.001000,nan,1.570796,0.350000,0.350000,0.350000,1.000000,nan,nan,nan,nan,nan,nan
21.060000,nan,nan,nan,nan,nan,nan,nan,nan,nan,nan,nan,nan,nan,0.001000,nan,1.570796,0.350000,0.350000,0.350000,1.000000,nan,nan,nan,nan,nan,nan
21.070000,nan,nan,nan,nan,nan,nan,nan,nan,nan,nan,nan,nan,nan,0.001000,nan,1.570796,0.350000,0.350000,0.350000,1.000000,nan,nan,nan,nan,nan,nan
21.080000,nan,nan,nan,nan,nan,nan,nan,nan,nan,nan,nan,nan,nan,0.001000,nan,1.570796,0.350000,0.350000,0.350000,1.000000,nan,nan,nan,nan,nan,nan
21.090000,nan,nan,nan,nan,nan,nan,nan,nan,nan,nan,nan,nan,nan,0.001000,nan,1.570796,0.350000,0.350000,0.350000,1.000000,nan,nan,nan,nan,nan,nan
21.100000,nan,nan,nan,nan,nan,nan,nan,nan,nan,nan,nan,nan,nan,0.001000,nan,1.570796,0.350000,0.350000,0.350000,1.000000,nan,nan,nan,nan,nan,nan
21.110000,nan,nan,nan,nan,nan,nan,nan,nan,nan,nan,nan,nan,nan,0.001000,nan,1.570796,0.350000,0.350000,0.350000,1.000000,nan,nan,nan,nan,nan,nan
21.120000,nan,nan,nan,nan,nan,nan,nan,nan,nan,nan,nan,nan,nan,0.001000,nan,1.570796,0.350000,0.350000,0.350000,1.000000,nan,nan,nan,nan,nan,nan
21.130000,nan,nan,nan,nan,nan,nan,nan,nan,nan,nan,nan,nan,nan,0.001000,nan,1.570796,0.350000,0.350000,0.350000,1.000000,nan,nan,nan,nan,nan,nan
21.140000,nan,nan,nan,nan,nan,nan,nan,nan,nan,nan,nan,nan,nan,0.001000,nan,1.570796,0.350000,0.350000,0.350000,1.000000,nan,nan,nan,nan,nan,nan
21.150000,nan,nan,nan,nan,nan,nan,nan,nan,nan,nan,nan,nan,nan,0.001000,nan,1.570796,0.350000,0.350000,0.350000,1.000000,nan,nan,nan,nan,nan,nan
21.160000,nan,nan,nan,nan,nan,nan,nan,nan,nan,nan,nan,nan,nan,0.001000,nan,1.570796,0.350000,0.350000,0.350000,1.000000,nan,nan,nan,nan,nan,nan
21.170000,nan,nan,nan,nan,nan,nan,nan,nan,nan,nan,nan,nan,nan,0.001000,nan,1.570796,0.350000,0.350000,0.350000,1.000000,nan,nan,nan,nan,nan,nan
21.180000,nan,nan,nan,nan,nan,nan,nan,nan,nan,nan,nan,nan,nan,0.001000,nan,1.570796,0.350000,0.350000,0.350000,1.000000,nan,nan,nan,nan,nan,nan
21.190000,nan,nan,nan,nan,nan,nan,nan,nan,nan,nan,nan,nan,nan,0.001000,nan,1.570796,0.350000,0.350000,0.350000,1.000000,nan,nan,nan,nan,nan,nan
21.200000,nan,nan,nan,nan,nan,nan,nan,nan,nan,nan,nan,nan,nan,0.001000,nan,1.570796,0.350000,0.350000,0.350000,1.000000,nan,nan,nan,nan,nan,nan
21.210000,nan,nan,nan,nan,nan,nan,nan,nan,nan,nan,nan,nan,nan,0.001000,nan,1.570796,0.350000,0.350000,0.350000,1.000000,nan,nan,nan,nan,nan,nan
21.220000,nan,nan,nan,nan,nan,nan,nan,nan,nan,nan,nan,nan,nan,0.001000,nan,1.570796,0.350000,0.350000,0.350000,1.000000,nan,nan,nan,nan,nan,nan
21.230000,nan,nan,nan,nan,nan,nan,nan,nan,nan,nan,nan,nan,nan,0.001000,nan,1.570796,0.350000,0.350000,0.350000,1.000000,nan,nan,nan,nan,nan,nan
21.240000,nan,nan,nan,nan,nan,nan,nan,nan,nan,nan,nan,nan,nan,0.001000,nan,1.570796,0.350000,0.350000,0.350000,1.000000,nan,nan,nan,nan,nan,nan
21.250000,nan,nan,nan,nan,nan,nan,nan,nan,nan,nan,nan,nan,nan,0.001000,nan,1.570796,0.350000,0.350000,0.350000,1.000000,nan,nan,nan,nan,nan,nan
21.260000,nan,nan,nan,nan,nan,nan,nan,nan,nan,nan,nan,nan,nan,0.001000,nan,1.570796,0.350000,0.350000,0.350000,1.000000,nan,nan,nan,nan,nan,nan
21.270000,nan,nan,nan,nan,nan,nan,nan,nan,nan,nan,nan,nan,nan,0.001000,nan,1.570796,0.350000,0.350000,0.350000,1.000000,nan,nan,nan,nan,nan,nan
21.280000,nan,nan,nan,nan,nan,nan,nan,nan,nan,nan,nan,nan,nan,0.001000,nan,1.570796,0.350000,0.350000,0.350000,1.000000,nan,nan,nan,nan,nan,nan
21.290000,nan,nan,nan,nan,nan,nan,nan,nan,nan,nan,nan,nan,nan,0.001000,nan,1.570796,0.350000,0.350000,0.350000,1.000000,nan,nan,nan,nan,nan,nan
21.300000,nan,nan,nan,nan,nan,nan,nan,nan,nan,nan,nan,nan,nan,0.001000,nan,1.570796,0.350000,0.350000,0.350000,1.000000,nan,nan,nan,nan,nan,nan
21.310000,nan,nan,nan,nan,nan,nan,nan,nan,nan,nan,nan,nan,nan,0.001000,nan,1.570796,0.350000,0.350000,0.350000,1.000000,nan,nan,nan,nan,nan,nan
21.320000,nan,nan,nan,nan,nan,nan,nan,nan,nan,nan,nan,nan,nan,0.001000,nan,1.570796,0.350000,0.350000,0.350000,1.000000,nan,nan,nan,nan,nan,nan
21.330000,nan,nan,nan,nan,nan,nan,nan,nan,nan,nan,nan,nan,nan,0.001000,nan,1.570796,0.350000,0.350000,0.350000,1.000000,nan,nan,nan,nan,nan,nan
21.340000,nan,nan,nan,nan,nan,nan,nan,nan,nan,nan,nan,nan,nan,0.001000,nan,1.570796,0.350000,0.350000,0.350000,1.000000,nan,nan,nan,nan,nan,nan
21.350000,nan,nan,nan,nan,nan,nan,nan,nan,nan,nan,nan,nan,nan,0.001000,nan,1.570796,0.350000,0.350000,0.350000,1.000000,nan,nan,nan,nan,nan,nan
21.360000,nan,nan,nan,nan,nan,nan,nan,nan,nan,nan,nan,nan,nan,0.001000,nan,1.570796,0.350000,0.350000,0.350000,1.000000,nan,nan,nan,nan,nan,nan
21.370000,nan,nan,nan,nan,nan,nan,nan,nan,nan,nan,nan,nan,nan,0.001000,nan,1.570796,0.350000,0.350000,0.350000,1.000000,nan,nan,nan,nan,nan,nan
21.380000,nan,nan,nan,nan,nan,nan,nan,nan,nan,nan,nan,nan,nan,0.001000,nan,1.570796,0.350000,0.350000,0.350000,1.000000,nan,nan,nan,nan,nan,nan
21.390000,nan,nan,nan,nan,nan,nan,nan,nan,nan,nan,nan,nan,nan,0.001000,nan,1.570796,0.350000,0.350000,0.350000,1.000000,nan,nan,nan,nan,nan,nan
21.400000,nan,nan,nan,nan,nan,nan,nan,nan,nan,nan,nan,nan,nan,0.001000,nan,1.570796,0.350000,0.350000,0.350000,1.000000,nan,nan,nan,nan,nan,nan
21.410000,nan,nan,nan,nan,nan,nan,nan,nan,nan,nan,nan,nan,nan,0.001000,nan,1.570796,0.350000,0.350000,0.350000,1.000000,nan,nan,nan,nan,nan,nan
21.420000,nan,nan,nan,nan,nan,nan,nan,nan,nan,nan,nan,nan,nan,0.001000,nan,1.570796,0.350000,0.350000,0.350000,1.000000,nan,nan,nan,nan,nan,nan
21.430000,nan,nan,nan,nan,nan,nan,nan,nan,nan,nan,nan,nan,nan,0.001000,nan,1.570796,0.350000,0.350000,0.350000,1.000000,nan,nan,nan,nan,nan,nan
21.440000,nan,nan,nan,nan,nan,nan,nan,nan,nan,nan,nan,nan,nan,0.001000,nan,1.570796,0.350000,0.350000,0.350000,1.000000,nan,nan,nan,nan,nan,nan
21.450000,nan,nan,nan,nan,nan,nan,nan,nan,nan,nan,nan,nan,nan,0.001000,nan,1.570796,0.350000,0.350000,0.350000,1.000000,nan,nan,nan,nan,nan,nan
21.460000,nan,nan,nan,nan,nan,nan,nan,nan,nan,nan,nan,nan,nan,0.001000,nan,1.570796,0.350000,0.350000,0.350000,1.000000,nan,nan,nan,nan,nan,nan
21.470000,nan,nan,nan,nan,nan,nan,nan,nan,nan,nan,nan,nan,nan,0.001000,nan,1.570796,0.350000,0.350000,0.350000,1.000000,nan,nan,nan,nan,nan,nan
21.480000,nan,nan,nan,nan,nan,nan,nan,nan,nan,nan,nan,nan,nan,0.001000,nan,1.570796,0.350000,0.350000,0.350000,1.000000,nan,nan,nan,nan,nan,nan
21.490000,nan,nan,nan,nan,nan,nan,nan,nan,nan,nan,nan,nan,nan,0.001000,nan,1.570796,0.350000,0.350000,0.350000,1.000000,nan,nan,nan,nan,nan,nan
21.500000,nan,nan,nan,nan,nan,nan,nan,nan,nan,nan,nan,nan,nan,0.001000,nan,1.570796,0.350000,0.350000,0.350000,1.000000,nan,nan,nan,nan,nan,nan
21.510000,nan,nan,nan,nan,nan,nan,nan,nan,nan,nan,nan,nan,nan,0.001000,nan,1.570796,0.350000,0.350000,0.350000,1.000000,nan,nan,nan,nan,nan,nan
21.520000,nan,nan,nan,nan,nan,nan,nan,nan,nan,nan,nan,nan,nan,0.001000,nan,1.570796,0.350000,0.350000,0.350000,1.000000,nan,nan,nan,nan,nan,nan
21.530000,nan,nan,nan,nan,nan,nan,nan,nan,nan,nan,nan,nan,nan,0.001000,nan,1.570796,0.350000,0.350000,0.350000,1.000000,nan,nan,nan,nan,nan,nan
21.540000,nan,nan,nan,nan,nan,nan,nan,nan,nan,nan,nan,nan,nan,0.001000,nan,1.570796,0.350000,0.350000,0.350000,1.000000,nan,nan,nan,nan,nan,nan
21.550000,nan,nan,nan,nan,nan,nan,nan,nan,nan,nan,nan,nan,nan,0.001000,nan,1.570796,0.350000,0.350000,0.350000,1.000000,nan,nan,nan,nan,nan,nan
21.560000,nan,nan,nan,nan,nan,nan,nan,nan,nan,nan,nan,nan,nan,0.001000,nan,1.570796,0.350000,0.350000,0.350000,1.000000,nan,nan,nan,nan,nan,nan
21.570000,nan,nan,nan,nan,nan,nan,nan,nan,nan,nan,nan,nan,nan,0.001000,nan,1.570796,0.350000,0.350000,0.350000,1.000000,nan,nan,nan,nan,nan,nan
21.580000,nan,nan,nan,nan,nan,nan,nan,nan,nan,nan,nan,nan,nan,0.001000,nan,1.570796,0.350000,0.350000,0.350000,1.000000,nan,nan,nan,nan,nan,nan
21.590000,nan,nan,nan,nan,nan,nan,nan,nan,nan,nan,nan,nan,nan,0.001000,nan,1.570796,0.350000,0.350000,0.350000,1.000000,nan,nan,nan,nan,nan,nan
21.600000,nan,nan,nan,nan,nan,nan,nan,nan,nan,nan,nan,nan,nan,0.001000,nan,1.570796,0.350000,0.350000,0.350000,1.000000,nan,nan,nan,nan,nan,nan
21.610000,nan,nan,nan,nan,nan,nan,nan,nan,nan,nan,nan,nan,nan,0.001000,nan,1.570796,0.350000,0.350000,0.350000,1.000000,nan,nan,nan,nan,nan,nan
21.620000,nan,nan,nan,nan,nan,nan,nan,nan,nan,nan,nan,nan,nan,0.001000,nan,1.570796,0.350000,0.350000,0.350000,1.000000,nan,nan,nan,nan,nan,nan
21.630000,nan,nan,nan,nan,nan,nan,nan,nan,nan,nan,nan,nan,nan,0.001000,nan,1.570796,0.350000,0.350000,0.350000,1.000000,nan,nan,nan,nan,nan,nan
21.640000,nan,nan,nan,nan,nan,nan,nan,nan,nan,nan,nan,nan,nan,0.001000,nan,1.570796,0.350000,0.350000,0.350000,1.000000,nan,nan,nan,nan,nan,nan
21.650000,nan,nan,nan,nan,nan,nan,nan,nan,nan,nan,nan,nan,nan,0.001000,nan,1.570796,0.350000,0.350000,0.350000,1.000000,nan,nan,nan,nan,nan,nan
21.660000,nan,nan,nan,nan,nan,nan,nan,nan,nan,nan,nan,nan,nan,0.001000,nan,1.570796,0.350000,0.350000,0.350000,1.000000,nan,nan,nan,nan,nan,nan
21.670000,nan,nan,nan,nan,nan,nan,nan,nan,nan,nan,nan,nan,nan,0.001000,nan,1.570796,0.350000,0.350000,0.350000,1.000000,nan,nan,nan,nan,nan,nan
21.680000,nan,nan,nan,nan,nan,nan,nan,nan,nan,nan,nan,nan,nan,0.001000,nan,1.570796,0.350000,0.350000,0.350000,1.000000,nan,nan,nan,nan,nan,nan
21.690000,nan,nan,nan,nan,nan,nan,nan,nan,nan,nan,nan,nan,nan,0.001000,nan,1.570796,0.350000,0.350000,0.350000,1.000000,nan,nan,nan,nan,nan,nan
21.700000,nan,nan,nan,nan,nan,nan,nan,nan,nan,nan,nan,nan,nan,0.001000,nan,1.570796,0.350000,0.350000,0.350000,1.000000,nan,nan,nan,nan,nan,nan
21.710000,nan,nan,nan,nan,nan,nan,nan,nan,nan,nan,nan,nan,nan,0.001000,nan,1.570796,0.350000,0.350000,0.350000,1.000000,nan,nan,nan,nan,nan,nan
21.720000,nan,nan,nan,nan,nan,nan,nan,nan,nan,nan,nan,nan,nan,0.001000,nan,1.570796,0.350000,0.350000,0.350000,1.000000,nan,nan,nan,nan,nan,nan
21.730000,nan,nan,nan,nan,nan,nan,nan,nan,nan,nan,nan,nan,nan,0.001000,nan,1.570796,0.350000,0.350000,0.350000,1.000000,nan,nan,nan,nan,nan,nan
21.740000,nan,nan,nan,nan,nan,nan,nan,nan,nan,nan,nan,nan,nan,0.001000,nan,1.570796,0.350000,0.350000,0.350000,1.000000,nan,nan,nan,nan,nan,nan
21.750000,nan,nan,nan,nan,nan,nan,nan,nan,nan,nan,nan,nan,nan,0.001000,nan,1.570796,0.350000,0.350000,0.350000,1.000000,nan,nan,nan,nan,nan,nan
21.760000,nan,nan,nan,nan,nan,nan,nan,nan,nan,nan,nan,nan,nan,0.001000,nan,1.570796,0.350000,0.350000,0.350000,1.000000,nan,nan,nan,nan,nan,nan
21.770000,nan,nan,nan,nan,nan,nan,nan,nan,nan,nan,nan,nan,nan,0.001000,nan,1.570796,0.350000,0.350000,0.350000,1.000000,nan,nan,nan,nan,nan,nan
21.780000,nan,nan,nan,nan,nan,nan,nan,nan,nan,nan,nan,nan,nan,0.001000,nan,1.570796,0.350000,0.350000,0.350000,1.000000,nan,nan,nan,nan,nan,nan
21.790000,nan,nan,nan,nan,nan,nan,nan,nan,nan,nan,nan,nan,nan,0.001000,nan,1.570796,0.350000,0.350000,0.350000,1.000000,nan,nan,nan,nan,nan,nan
21.800000,nan,nan,nan,nan,nan,nan,nan,nan,nan,nan,nan,nan,nan,0.001000,nan,1.570796,0.350000,0.350000,0.350000,1.000000,nan,nan,nan,nan,nan,nan
21.810000,nan,nan,nan,nan,nan,nan,nan,nan,nan,nan,nan,nan,nan,0.001000,nan,1.570796,0.350000,0.350000,0.350000,1.000000,nan,nan,nan,nan,nan,nan
21.820000,nan,nan,nan,nan,nan,nan,nan,nan,nan,nan,nan,nan,nan,0.001000,nan,1.570796,0.350000,0.350000,0.350000,1.000000,nan,nan,nan,nan,nan,nan
21.830000,nan,nan,nan,nan,nan,nan,nan,nan,nan,nan,nan,nan,nan,0.001000,nan,1.570796,0.350000,0.350000,0.350000,1.000000,nan,nan,nan,nan,nan,nan
21.840000,nan,nan,nan,nan,nan,nan,nan,nan,nan,nan,nan,nan,nan,0.001000,nan,1.570796,0.350000,0.350000,0.350000,1.000000,nan,nan,nan,nan,nan,nan
21.850000,nan,nan,nan,nan,nan,nan,nan,nan,nan,nan,nan,nan,nan,0.001000,nan,1.570796,0.350000,0.350000,0.350000,1.000000,nan,nan,nan,nan,nan,nan
21.860000,nan,nan,nan,nan,nan,nan,nan,nan,nan,nan,nan,nan,nan,0.001000,nan,1.570796,0.350000,0.350000,0.350000,1.000000,nan,nan,nan,nan,nan,nan
21.870000,nan,nan,nan,nan,nan,nan,nan,nan,nan,nan,nan,nan,nan,0.001000,nan,1.570796,0.350000,0.350000,0.350000,1.000000,nan,nan,nan,nan,nan,nan
21.880000,nan,nan,nan,nan,nan,nan,nan,nan,nan,nan,nan,nan,nan,0.001000,nan,1.570796,0.350000,0.350000,0.350000,1.000000,nan,nan,nan,nan,nan,nan
21.890000,nan,nan,nan,nan,nan,nan,nan,nan,nan,nan,nan,nan,nan,0.001000,nan,1.570796,0.350000,0.350000,0.350000,1.000000,nan,nan,nan,nan,nan,nan
21.900000,nan,nan,nan,nan,nan,nan,nan,nan,nan,nan,nan,nan,nan,0.001000,nan,1.570796,0.350000,0.350000,0.350000,1.000000,nan,nan,nan,nan,nan,nan
21.910000,nan,nan,nan,nan,nan,nan,nan,nan,nan,nan,nan,nan,nan,0.001000,nan,1.570796,0.350000,0.350000,0.350000,1.000000,nan,nan,nan,nan,nan,nan
21.920000,nan,nan,nan,nan,nan,nan,nan,nan,nan,nan,nan,nan,nan,0.001000,nan,1.570796,0.350000,0.350000,0.350000,1.000000,nan,nan,nan,nan,nan,nan
21.930000,nan,nan,nan,nan,nan,nan,nan,nan,nan,nan,nan,nan,nan,0.001000,nan,1.570796,0.350000,0.350000,0.350000,1.000000,nan,nan,nan,nan,nan,nan
21.940000,nan,nan,nan,nan,nan,nan,nan,nan,nan,nan,nan,nan,nan,0.001000,nan,1.570796,0.350000,0.350000,0.350000,1.000000,nan,nan,nan,nan,nan,nan
21.950000,nan,nan,nan,nan,nan,nan,nan,nan,nan,nan,nan,nan,nan,0.001000,nan,1.570796,0.350000,0.350000,0.350000,1.000000,nan,nan,nan,nan,nan,nan
21.960000,nan,nan,nan,nan,nan,nan,nan,nan,nan,nan,nan,nan,nan,0.001000,nan,1.570796,0.350000,0.350000,0.350000,1.000000,nan,nan,nan,nan,nan,nan
21.970000,nan,nan,nan,nan,nan,nan,nan,nan,nan,nan,nan,nan,nan,0.001000,nan,1.570796,0.350000,0.350000,0.350000,1.000000,nan,nan,nan,nan,nan,nan
21.980000,nan,nan,nan,nan,nan,nan,nan,nan,nan,nan,nan,nan,nan,0.001000,nan,1.570796,0.350000,0.350000,0.350000,1.000000,nan,nan,nan,nan,nan,nan
21.990000,nan,nan,nan,nan,nan,nan,nan,nan,nan,nan,nan,nan,nan,0.001000,nan,1.570796,0.350000,0.350000,0.350000,1.000000,nan,nan,nan,nan,nan,nan
22.000000,nan,nan,nan,nan,nan,nan,nan,nan,nan,nan,nan,nan,nan,0.001000,nan,1.570796,0.350000,0.350000,0.350000,1.000000,nan,nan,nan,nan,nan,nan
22.010000,nan,nan,nan,nan,nan,nan,nan,nan,nan,nan,nan,nan,nan,0.001000,nan,1.570796,0.350000,0.350000,0.350000,1.000000,nan,nan,nan,nan,nan,nan
22.020000,nan,nan,nan,nan,nan,nan,nan,nan,nan,nan,nan,nan,nan,0.001000,nan,1.570796,0.350000,0.350000,0.350000,1.000000,nan,nan,nan,nan,nan,nan
22.030000,nan,nan,nan,nan,nan,nan,nan,nan,nan,nan,nan,nan,nan,0.001000,nan,1.570796,0.350000,0.350000,0.350000,1.000000,nan,nan,nan,nan,nan,nan
22.040000,nan,nan,nan,nan,nan,nan,nan,nan,nan,nan,nan,nan,nan,0.001000,nan,1.570796,0.350000,0.350000,0.350000,1.000000,nan,nan,nan,nan,nan,nan
22.050000,nan,nan,nan,nan,nan,nan,nan,nan,nan,nan,nan,nan,nan,0.001000,nan,1.570796,0.350000,0.350000,0.350000,1.000000,nan,nan,nan,nan,nan,nan
22.060000,nan,nan,nan,nan,nan,nan,nan,nan,nan,nan,nan,nan,nan,0.001000,nan,1.570796,0.350000,0.350000,0.350000,1.000000,nan,nan,nan,nan,nan,nan
22.070000,nan,nan,nan,nan,nan,nan,nan,nan,nan,nan,nan,nan,nan,0.001000,nan,1.570796,0.350000,0.350000,0.350000,1.000000,nan,nan,nan,nan,nan,nan
22.080000,nan,nan,nan,nan,nan,nan,nan,nan,nan,nan,nan,nan,nan,0.001000,nan,1.570796,0.350000,0.350000,0.350000,1.000000,nan,nan,nan,nan,nan,nan
22.090000,nan,nan,nan,nan,nan,nan,nan,nan,nan,nan,nan,nan,nan,0.001000,nan,1.570796,0.350000,0.350000,0.350000,1.000000,nan,nan,nan,nan,nan,nan
22.100000,nan,nan,nan,nan,nan,nan,nan,nan,nan,nan,nan,nan,nan,0.001000,nan,1.570796,0.350000,0.350000,0.350000,1.000000,nan,nan,nan,nan,nan,nan
22.110000,nan,nan,nan,nan,nan,nan,nan,nan,nan,nan,nan,nan,nan,0.001000,nan,1.570796,0.350000,0.350000,0.350000,1.000000,nan,nan,nan,nan,nan,nan
22.120000,nan,nan,nan,nan,nan,nan,nan,nan,nan,nan,nan,nan,nan,0.001000,nan,1.570796,0.350000,0.350000,0.350000,1.000000,nan,nan,nan,nan,nan,nan
22.130000,nan,nan,nan,nan,nan,nan,nan,nan,nan,nan,nan,nan,nan,0.001000,nan,1.570796,0.350000,0.350000,0.350000,1.000000,nan,nan,nan,nan,nan,nan
22.140000,nan,nan,nan,nan,nan,nan,nan,nan,nan,nan,nan,nan,nan,0.001000,nan,1.570796,0.350000,0.350000,0.350000,1.000000,nan,nan,nan,nan,nan,nan
22.150000,nan,nan,nan,nan,nan,nan,nan,nan,nan,nan,nan,nan,nan,0.001000,nan,1.570796,0.350000,0.350000,0.350000,1.000000,nan,nan,nan,nan,nan,nan
22.160000,nan,nan,nan,nan,nan,nan,nan,nan,nan,nan,nan,nan,nan,0.001000,nan,1.570796,0.350000,0.350000,0.350000,1.000000,nan,nan,nan,nan,nan,nan
22.170000,nan,nan,nan,nan,nan,nan,nan,nan,nan,nan,nan,nan,nan,0.001000,nan,1.570796,0.350000,0.350000,0.350000,1.000000,nan,nan,nan,nan,nan,nan
22.180000,nan,nan,nan,nan,nan,nan,nan,nan,nan,nan,nan,nan,nan,0.001000,nan,1.570796,0.350000,0.350000,0.350000,1.000000,nan,nan,nan,nan,nan,nan
22.190000,nan,nan,nan,nan,nan,nan,nan,nan,nan,nan,nan,nan,nan,0.001000,nan,1.570796,0.350000,0.350000,0.350000,1.000000,nan,nan,nan,nan,nan,nan
22.200000,nan,nan,nan,nan,nan,nan,nan,nan,nan,nan,nan,nan,nan,0.001000,nan,1.570796,0.350000,0.350000,0.350000,1.000000,nan,nan,nan,nan,nan,nan
22.210000,nan,nan,nan,nan,nan,nan,nan,nan,nan,nan,nan,nan,nan,0.001000,nan,1.570796,0.350000,0.350000,0.350000,1.000000,nan,nan,nan,nan,nan,nan
22.220000,nan,nan,nan,nan,nan,nan,nan,nan,nan,nan,nan,nan,nan,0.001000,nan,1.570796,0.350000,0.350000,0.350000,1.000000,nan,nan,nan,nan,nan,nan
22.230000,nan,nan,nan,nan,nan,nan,nan,nan,nan,nan,nan,nan,nan,0.001000,nan,1.570796,0.350000,0.350000,0.350000,1.000000,nan,nan,nan,nan,nan,nan
22.240000,nan,nan,nan,nan,nan,nan,nan,nan,nan,nan,nan,nan,nan,0.001000,nan,1.570796,0.350000,0.350000,0.350000,1.000000,nan,nan,nan,nan,nan,nan
22.250000,nan,nan,nan,nan,nan,nan,nan,nan,nan,nan,nan,nan,nan,0.001000,nan,1.570796,0.350000,0.350000,0.350000,1.000000,nan,nan,nan,nan,nan,nan
22.260000,nan,nan,nan,nan,nan,nan,nan,nan,nan,nan,nan,nan,nan,0.001000,nan,1.570796,0.350000,0.350000,0.350000,1.000000,nan,nan,nan,nan,nan,nan
22.270000,nan,nan,nan,nan,nan,nan,nan,nan,nan,nan,nan,nan,nan,0.001000,nan,1.570796,0.350000,0.350000,0.350000,1.000000,nan,nan,nan,nan,nan,nan
22.280000,nan,nan,nan,nan,nan,nan,nan,nan,nan,nan,nan,nan,nan,0.001000,nan,1.570796,0.350000,0.350000,0.350000,1.000000,nan,nan,nan,nan,nan,nan
22.290000,nan,nan,nan,nan,nan,nan,nan,nan,nan,nan,nan,nan,nan,0.001000,nan,1.570796,0.350000,0.350000,0.350000,1.000000,nan,nan,nan,nan,nan,nan
22.300000,nan,nan,nan,nan,nan,nan,nan,nan,nan,nan,nan,nan,nan,0.001000,nan,1.570796,0.350000,0.350000,0.350000,1.000000,nan,nan,nan,nan,nan,nan
22.310000,nan,nan,nan,nan,nan,nan,nan,nan,nan,nan,nan,nan,nan,0.001000,nan,1.570796,0.350000,0.350000,0.350000,1.000000,nan,nan,nan,nan,nan,nan
22.320000,nan,nan,nan,nan,nan,nan,nan,nan,nan,nan,nan,nan,nan,0.001000,nan,1.570796,0.350000,0.350000,0.350000,1.000000,nan,nan,nan,nan,nan,nan
22.330000,nan,nan,nan,nan,nan,nan,nan,nan,nan,nan,nan,nan,nan,0.001000,nan,1.570796,0.350000,0.350000,0.350000,1.000000,nan,nan,nan,nan,nan,nan
22.340000,nan,nan,nan,nan,nan,nan,nan,nan,nan,nan,nan,nan,nan,0.001000,nan,1.570796,0.350000,0.350000,0.350000,1.000000,nan,nan,nan,nan,nan,nan
22.350000,nan,nan,nan,nan,nan,nan,nan,nan,nan,nan,nan,nan,nan,0.001000,nan,1.570796,0.350000,0.350000,0.350000,1.000000,nan,nan,nan,nan,nan,nan
22.360000,nan,nan,nan,nan,nan,nan,nan,nan,nan,nan,nan,nan,nan,0.001000,nan,1.570796,0.350000,0.350000,0.350000,1.000000,nan,nan,nan,nan,nan,nan
22.370000,nan,nan,nan,nan,nan,nan,nan,nan,nan,nan,nan,nan,nan,0.001000,nan,1.570796,0.350000,0.350000,0.350000,1.000000,nan,nan,nan,nan,nan,nan
22.380000,nan,nan,nan,nan,nan,nan,nan,nan,nan,nan,nan,nan,nan,0.001000,nan,1.570796,0.350000,0.350000,0.350000,1.000000,nan,nan,nan,nan,nan,nan
22.390000,nan,nan,nan,nan,nan,nan,nan,nan,nan,nan,nan,nan,nan,0.001000,nan,1.570796,0.350000,0.350000,0.350000,1.000000,nan,nan,nan,nan,nan,nan
22.400000,nan,nan,nan,nan,nan,nan,nan,nan,nan,nan,nan,nan,nan,0.001000,nan,1.570796,0.350000,0.350000,0.350000,1.000000,nan,nan,nan,nan,nan,nan
22.410000,nan,nan,nan,nan,nan,nan,nan,nan,nan,nan,nan,nan,nan,0.001000,nan,1.570796,0.350000,0.350000,0.350000,1.000000,nan,nan,nan,nan,nan,nan
22.420000,nan,nan,nan,nan,nan,nan,nan,nan,nan,nan,nan,nan,nan,0.001000,nan,1.570796,0.350000,0.350000,0.350000,1.000000,nan,nan,nan,nan,nan,nan
22.430000,nan,nan,nan,nan,nan,nan,nan,nan,nan,nan,nan,nan,nan,0.001000,nan,1.570796,0.350000,0.350000,0.350000,1.000000,nan,nan,nan,nan,nan,nan
22.440000,nan,nan,nan,nan,nan,nan,nan,nan,nan,nan,nan,nan,nan,0.001000,nan,1.570796,0.350000,0.350000,0.350000,1.000000,nan,nan,nan,nan,nan,nan
22.450000,nan,nan,nan,nan,nan,nan,nan,nan,nan,nan,nan,nan,nan,0.001000,nan,1.570796,0.350000,0.350000,0.350000,1.000000,nan,nan,nan,nan,nan,nan
22.460000,nan,nan,nan,nan,nan,nan,nan,nan,nan,nan,nan,nan,nan,0.001000,nan,1.570796,0.350000,0.350000,0.350000,1.000000,nan,nan,nan,nan,nan,nan
22.470000,nan,nan,nan,nan,nan,nan,nan,nan,nan,nan,nan,nan,nan,0.001000,nan,1.570796,0.350000,0.350000,0.350000,1.000000,nan,nan,nan,nan,nan,nan
22.480000,nan,nan,nan,nan,nan,nan,nan,nan,nan,nan,nan,nan,nan,0.001000,nan,1.570796,0.350000,0.350000,0.350000,1.000000,nan,nan,nan,nan,nan,nan
22.490000,nan,nan,nan,nan,nan,nan,nan,nan,nan,nan,nan,nan,nan,0.001000,nan,1.570796,0.350000,0.350000,0.350000,1.000000,nan,nan,nan,nan,nan,nan
22.500000,nan,nan,nan,nan,nan,nan,nan,nan,nan,nan,nan,nan,nan,0.001000,nan,1.570796,0.350000,0.350000,0.350000,1.000000,nan,nan,nan,nan,nan,nan
22.510000,nan,nan,nan,nan,nan,nan,nan,nan,nan,nan,nan,nan,nan,0.001000,nan,1.570796,0.350000,0.350000,0.350000,1.000000,nan,nan,nan,nan,nan,nan
22.520000,nan,nan,nan,nan,nan,nan,nan,nan,nan,nan,nan,nan,nan,0.001000,nan,1.570796,0.350000,0.350000,0.350000,1.000000,nan,nan,nan,nan,nan,nan
22.530000,nan,nan,nan,nan,nan,nan,nan,nan,nan,nan,nan,nan,nan,0.001000,nan,1.570796,0.350000,0.350000,0.350000,1.000000,nan,nan,nan,nan,nan,nan
22.540000,nan,nan,nan,nan,nan,nan,nan,nan,nan,nan,nan,nan,nan,0.001000,nan,1.570796,0.350000,0.350000,0.350000,1.000000,nan,nan,nan,nan,nan,nan
22.550000,nan,nan,nan,nan,nan,nan,nan,nan,nan,nan,nan,nan,nan,0.001000,nan,1.570796,0.350000,0.350000,0.350000,1.000000,nan,nan,nan,nan,nan,nan
22.560000,nan,nan,nan,nan,nan,nan,nan,nan,nan,nan,nan,nan,nan,0.001000,nan,1.570796,0.350000,0.350000,0.350000,1.000000,nan,nan,nan,nan,nan,nan
22.570000,nan,nan,nan,nan,nan,nan,nan,nan,nan,nan,nan,nan,nan,0.001000,nan,1.570796,0.350000,0.350000,0.350000,1.000000,nan,nan,nan,nan,nan,nan
22.580000,nan,nan,nan,nan,nan,nan,nan,nan,nan,nan,nan,nan,nan,0.001000,nan,1.570796,0.350000,0.350000,0.350000,1.000000,nan,nan,nan,nan,nan,nan
22.590000,nan,nan,nan,nan,nan,nan,nan,nan,nan,nan,nan,nan,nan,0.001000,nan,1.570796,0.350000,0.350000,0.350000,1.000000,nan,nan,nan,nan,nan,nan
22.600000,nan,nan,nan,nan,nan,nan,nan,nan,nan,nan,nan,nan,nan,0.001000,nan,1.570796,0.350000,0.350000,0.350000,1.000000,nan,nan,nan,nan,nan,nan
22.610000,nan,nan,nan,nan,nan,nan,nan,nan,nan,nan,nan,nan,nan,0.001000,nan,1.570796,0.350000,0.350000,0.350000,1.000000,nan,nan,nan,nan,nan,nan
22.620000,nan,nan,nan,nan,nan,nan,nan,nan,nan,nan,nan,nan,nan,0.001000,nan,1.570796,0.350000,0.350000,0.350000,1.000000,nan,nan,nan,nan,nan,nan
22.630000,nan,nan,nan,nan,nan,nan,nan,nan,nan,nan,nan,nan,nan,0.001000,nan,1.570796,0.350000,0.350000,0.350000,1.000000,nan,nan,nan,nan,nan,nan
22.640000,nan,nan,nan,nan,nan,nan,nan,nan,nan,nan,nan,nan,nan,0.001000,nan,1.570796,0.350000,0.350000,0.350000,1.000000,nan,nan,nan,nan,nan,nan
22.650000,nan,nan,nan,nan,nan,nan,nan,nan,nan,nan,nan,nan,nan,0.001000,nan,1.570796,0.350000,0.350000,0.350000,1.000000,nan,nan,nan,nan,nan,nan
22.660000,nan,nan,nan,nan,nan,nan,nan,nan,nan,nan,nan,nan,nan,0.001000,nan,1.570796,0.350000,0.350000,0.350000,1.000000,nan,nan,nan,nan,nan,nan
22.670000,nan,nan,nan,nan,nan,nan,nan,nan,nan,nan,nan,nan,nan,0.001000,nan,1.570796,0.350000,0.350000,0.350000,1.000000,nan,nan,nan,nan,nan,nan
22.680000,nan,nan,nan,nan,nan,nan,nan,nan,nan,nan,nan,nan,nan,0.001000,nan,1.570796,0.350000,0.350000,0.350000,1.000000,nan,nan,nan,nan,nan,nan
22.690000,nan,nan,nan,nan,nan,nan,nan,nan,nan,nan,nan,nan,nan,0.001000,nan,1.570796,0.350000,0.350000,0.350000,1.000000,nan,nan,nan,nan,nan,nan
22.700000,nan,nan,nan,nan,nan,nan,nan,nan,nan,nan,nan,nan,nan,0.001000,nan,1.570796,0.350000,0.350000,0.350000,1.000000,nan,nan,nan,nan,nan,nan
22.710000,nan,nan,nan,nan,nan,nan,nan,nan,nan,nan,nan,nan,nan,0.001000,nan,1.570796,0.350000,0.350000,0.350000,1.000000,nan,nan,nan,nan,nan,nan
22.720000,nan,nan,nan,nan,nan,nan,nan,nan,nan,nan,nan,nan,nan,0.001000,nan,1.570796,0.350000,0.350000,0.350000,1.000000,nan,nan,nan,nan,nan,nan
22.730000,nan,nan,nan,nan,nan,nan,nan,nan,nan,nan,nan,nan,nan,0.001000,nan,1.570796,0.350000,0.350000,0.350000,1.000000,nan,nan,nan,nan,nan,nan
22.740000,nan,nan,nan,nan,nan,nan,nan,nan,nan,nan,nan,nan,nan,0.001000,nan,1.570796,0.350000,0.350000,0.350000,1.000000,nan,nan,nan,nan,nan,nan
22.750000,nan,nan,nan,nan,nan,nan,nan,nan,nan,nan,nan,nan,nan,0.001000,nan,1.570796,0.350000,0.350000,0.350000,1.000000,nan,nan,nan,nan,nan,nan
22.760000,nan,nan,nan,nan,nan,nan,nan,nan,nan,nan,nan,nan,nan,0.001000,nan,1.570796,0.350000,0.350000,0.350000,1.000000,nan,nan,nan,nan,nan,nan
22.770000,nan,nan,nan,nan,nan,nan,nan,nan,nan,nan,nan,nan,nan,0.001000,nan,1.570796,0.350000,0.350000,0.350000,1.000000,nan,nan,nan,nan,nan,nan
22.780000,nan,nan,nan,nan,nan,nan,nan,nan,nan,nan,nan,nan,nan,0.001000,nan,1.570796,0.350000,0.350000,0.350000,1.000000,nan,nan,nan,nan,nan,nan
22.790000,nan,nan,nan,nan,nan,nan,nan,nan,nan,nan,nan,nan,nan,0.001000,nan,1.570796,0.350000,0.350000,0.350000,1.000000,nan,nan,nan,nan,nan,nan
22.800000,nan,nan,nan,nan,nan,nan,nan,nan,nan,nan,nan,nan,nan,0.001000,nan,1.570796,0.350000,0.350000,0.350000,1.000000,nan,nan,nan,nan,nan,nan
22.810000,nan,nan,nan,nan,nan,nan,nan,nan,nan,nan,nan,nan,nan,0.001000,nan,1.570796,0.350000,0.350000,0.350000,1.000000,nan,nan,nan,nan,nan,nan
22.820000,nan,nan,nan,nan,nan,nan,nan,nan,nan,nan,nan,nan,nan,0.001000,nan,1.570796,0.350000,0.350000,0.350000,1.000000,nan,nan,nan,nan,nan,nan
22.830000,nan,nan,nan,nan,nan,nan,nan,nan,nan,nan,nan,nan,nan,0.001000,nan,1.570796,0.350000,0.350000,0.350000,1.000000,nan,nan,nan,nan,nan,nan
22.840000,nan,nan,nan,nan,nan,nan,nan,nan,nan,nan,nan,nan,nan,0.001000,nan,1.570796,0.350000,0.350000,0.350000,1.000000,nan,nan,nan,nan,nan,nan
22.850000,nan,nan,nan,nan,nan,nan,nan,nan,nan,nan,nan,nan,nan,0.001000,nan,1.570796,0.350000,0.350000,0.350000,1.000000,nan,nan,nan,nan,nan,nan
22.860000,nan,nan,nan,nan,nan,nan,nan,nan,nan,nan,nan,nan,nan,0.001000,nan,1.570796,0.350000,0.350000,0.350000,1.000000,nan,nan,nan,nan,nan,nan
22.870000,nan,nan,nan,nan,nan,nan,nan,nan,nan,nan,nan,nan,nan,0.001000,nan,1.570796,0.350000,0.350000,0.350000,1.000000,nan,nan,nan,nan,nan,nan
22.880000,nan,nan,nan,nan,nan,nan,nan,nan,nan,nan,nan,nan,nan,0.001000,nan,1.570796,0.350000,0.350000,0.350000,1.000000,nan,nan,nan,nan,nan,nan
22.890000,nan,nan,nan,nan,nan,nan,nan,nan,nan,nan,nan,nan,nan,0.001000,nan,1.570796,0.350000,0.350000,0.350000,1.000000,nan,nan,nan,nan,nan,nan
22.900000,nan,nan,nan,nan,nan,nan,nan,nan,nan,nan,nan,nan,nan,0.001000,nan,1.570796,0.350000,0.350000,0.350000,1.000000,nan,nan,nan,nan,nan,nan
22.910000,nan,nan,nan,nan,nan,nan,nan,nan,nan,nan,nan,nan,nan,0.001000,nan,1.570796,0.350000,0.350000,0.350000,1.000000,nan,nan,nan,nan,nan,nan
22.920000,nan,nan,nan,nan,nan,nan,nan,nan,nan,nan,nan,nan,nan,0.001000,nan,1.570796,0.350000,0.350000,0.350000,1.000000,nan,nan,nan,nan,nan,nan
22.930000,nan,nan,nan,nan,nan,nan,nan,nan,nan,nan,nan,nan,nan,0.001000,nan,1.570796,0.350000,0.350000,0.350000,1.000000,nan,nan,nan,nan,nan,nan
22.940000,nan,nan,nan,nan,nan,nan,nan,nan,nan,nan,nan,nan,nan,0.001000,nan,1.570796,0.350000,0.350000,0.350000,1.000000,nan,nan,nan,nan,nan,nan
22.950000,nan,nan,nan,nan,nan,nan,nan,nan,nan,nan,nan,nan,nan,0.001000,nan,1.570796,0.350000,0.350000,0.350000,1.000000,nan,nan,nan,nan,nan,nan
22.960000,nan,nan,nan,nan,nan,nan,nan,nan,nan,nan,nan,nan,nan,0.001000,nan,1.570796,0.350000,0.350000,0.350000,1.000000,nan,nan,nan,nan,nan,nan
22.970000,nan,nan,nan,nan,nan,nan,nan,nan,nan,nan,nan,nan,nan,0.001000,nan,1.570796,0.350000,0.350000,0.350000,1.000000,nan,nan,nan,nan,nan,nan
22.980000,nan,nan,nan,nan,nan,nan,nan,nan,nan,nan,nan,nan,nan,0.001000,nan,1.570796,0.350000,0.350000,0.350000,1.000000,nan,nan,nan,nan,nan,nan
22.990000,nan,nan,nan,nan,nan,nan,nan,nan,nan,nan,nan,nan,nan,0.001000,nan,1.570796,0.350000,0.350000,0.350000,1.000000,nan,nan,nan,nan,nan,nan
23.000000,nan,nan,nan,nan,nan,nan,nan,nan,nan,nan,nan,nan,nan,0.001000,nan,1.570796,0.350000,0.350000,0.350000,1.000000,nan,nan,nan,nan,nan,nan
23.010000,nan,nan,nan,nan,nan,nan,nan,nan,nan,nan,nan,nan,nan,0.001000,nan,1.570796,0.350000,0.350000,0.350000,1.000000,nan,nan,nan,nan,nan,nan
23.020000,nan,nan,nan,nan,nan,nan,nan,nan,nan,nan,nan,nan,nan,0.001000,nan,1.570796,0.350000,0.350000,0.350000,1.000000,nan,nan,nan,nan,nan,nan
23.030000,nan,nan,nan,nan,nan,nan,nan,nan,nan,nan,nan,nan,nan,0.001000,nan,1.570796,0.350000,0.350000,0.350000,1.000000,nan,nan,nan,nan,nan,nan
23.040000,nan,nan,nan,nan,nan,nan,nan,nan,nan,nan,nan,nan,nan,0.001000,nan,1.570796,0.350000,0.350000,0.350000,1.000000,nan,nan,nan,nan,nan,nan
23.050000,nan,nan,nan,nan,nan,nan,nan,nan,nan,nan,nan,nan,nan,0.001000,nan,1.570796,0.350000,0.350000,0.350000,1.000000,nan,nan,nan,nan,nan,nan
23.060000,nan,nan,nan,nan,nan,nan,nan,nan,nan,nan,nan,nan,nan,0.001000,nan,1.570796,0.350000,0.350000,0.350000,1.000000,nan,nan,nan,nan,nan,nan
23.070000,nan,nan,nan,nan,nan,nan,nan,nan,nan,nan,nan,nan,nan,0.001000,nan,1.570796,0.350000,0.350000,0.350000,1.000000,nan,nan,nan,nan,nan,nan
23.080000,nan,nan,nan,nan,nan,nan,nan,nan,nan,nan,nan,nan,nan,0.001000,nan,1.570796,0.350000,0.350000,0.350000,1.000000,nan,nan,nan,nan,nan,nan
23.090000,nan,nan,nan,nan,nan,nan,nan,nan,nan,nan,nan,nan,nan,0.001000,nan,1.570796,0.350000,0.350000,0.350000,1.000000,nan,nan,nan,nan,nan,nan
23.100000,nan,nan,nan,nan,nan,nan,nan,nan,nan,nan,nan,nan,nan,0.001000,nan,1.570796,0.350000,0.350000,0.350000,1.000000,nan,nan,nan,nan,nan,nan
23.110000,nan,nan,nan,nan,nan,nan,nan,nan,nan,nan,nan,nan,nan,0.001000,nan,1.570796,0.350000,0.350000,0.350000,1.000000,nan,nan,nan,nan,nan,nan
23.120000,nan,nan,nan,nan,nan,nan,nan,nan,nan,nan,nan,nan,nan,0.001000,nan,1.570796,0.350000,0.350000,0.350000,1.000000,nan,nan,nan,nan,nan,nan
23.130000,nan,nan,nan,nan,nan,nan,nan,nan,nan,nan,nan,nan,nan,0.001000,nan,1.570796,0.350000,0.350000,0.350000,1.000000,nan,nan,nan,nan,nan,nan
23.140000,nan,nan,nan,nan,nan,nan,nan,nan,nan,nan,nan,nan,nan,0.001000,nan,1.570796,0.350000,0.350000,0.350000,1.000000,nan,nan,nan,nan,nan,nan
23.150000,nan,nan,nan,nan,nan,nan,nan,nan,nan,nan,nan,nan,nan,0.001000,nan,1.570796,0.350000,0.350000,0.350000,1.000000,nan,nan,nan,nan,nan,nan
23.160000,nan,nan,nan,nan,nan,nan,nan,nan,nan,nan,nan,nan,nan,0.001000,nan,1.570796,0.350000,0.350000,0.350000,1.000000,nan,nan,nan,nan,nan,nan
23.170000,nan,nan,nan,nan,nan,nan,nan,nan,nan,nan,nan,nan,nan,0.001000,nan,1.570796,0.350000,0.350000,0.350000,1.000000,nan,nan,nan,nan,nan,nan
23.180000,nan,nan,nan,nan,nan,nan,nan,nan,nan,nan,nan,nan,nan,0.001000,nan,1.570796,0.350000,0.350000,0.350000,1.000000,nan,nan,nan,nan,nan,nan
23.190000,nan,nan,nan,nan,nan,nan,nan,nan,nan,nan,nan,nan,nan,0.001000,nan,1.570796,0.350000,0.350000,0.350000,1.000000,nan,nan,nan,nan,nan,nan
23.200000,nan,nan,nan,nan,nan,nan,nan,nan,nan,nan,nan,nan,nan,0.001000,nan,1.570796,0.350000,0.350000,0.350000,1.000000,nan,nan,nan,nan,nan,nan
23.210000,nan,nan,nan,nan,nan,nan,nan,nan,nan,nan,nan,nan,nan,0.001000,nan,1.570796,0.350000,0.350000,0.350000,1.000000,nan,nan,nan,nan,nan,nan
23.220000,nan,nan,nan,nan,nan,nan,nan,nan,nan,nan,nan,nan,nan,0.001000,nan,1.570796,0.350000,0.350000,0.350000,1.000000,nan,nan,nan,nan,nan,nan
23.230000,nan,nan,nan,nan,nan,nan,nan,nan,nan,nan,nan,nan,nan,0.001000,nan,1.570796,0.350000,0.350000,0.350000,1.000000,nan,nan,nan,nan,nan,nan
23.240000,nan,nan,nan,nan,nan,nan,nan,nan,nan,nan,nan,nan,nan,0.001000,nan,1.570796,0.350000,0.350000,0.350000,1.000000,nan,nan,nan,nan,nan,nan
23.250000,nan,nan,nan,nan,nan,nan,nan,nan,nan,nan,nan,nan,nan,0.001000,nan,1.570796,0.350000,0.350000,0.350000,1.000000,nan,nan,nan,nan,nan,nan
23.260000,nan,nan,nan,nan,nan,nan,nan,nan,nan,nan,nan,nan,nan,0.001000,nan,1.570796,0.350000,0.350000,0.350000,1.000000,nan,nan,nan,nan,nan,nan
23.270000,nan,nan,nan,nan,nan,nan,nan,nan,nan,nan,nan,nan,nan,0.001000,nan,1.570796,0.350000,0.350000,0.350000,1.000000,nan,nan,nan,nan,nan,nan
23.280000,nan,nan,nan,nan,nan,nan,nan,nan,nan,nan,nan,nan,nan,0.001000,nan,1.570796,0.350000,0.350000,0.350000,1.000000,nan,nan,nan,nan,nan,nan
23.290000,nan,nan,nan,nan,nan,nan,nan,nan,nan,nan,nan,nan,nan,0.001000,nan,1.570796,0.350000,0.350000,0.350000,1.000000,nan,nan,nan,nan,nan,nan
23.300000,nan,nan,nan,nan,nan,nan,nan,nan,nan,nan,nan,nan,nan,0.001000,nan,1.570796,0.350000,0.350000,0.350000,1.000000,nan,nan,nan,nan,nan,nan
23.310000,nan,nan,nan,nan,nan,nan,nan,nan,nan,nan,nan,nan,nan,0.001000,nan,1.570796,0.350000,0.350000,0.350000,1.000000,nan,nan,nan,nan,nan,nan
23.320000,nan,nan,nan,nan,nan,nan,nan,nan,nan,nan,nan,nan,nan,0.001000,nan,1.570796,0.350000,0.350000,0.350000,1.000000,nan,nan,nan,nan,nan,nan
23.330000,nan,nan,nan,nan,nan,nan,nan,nan,nan,nan,nan,nan,nan,0.001000,nan,1.570796,0.350000,0.350000,0.350000,1.000000,nan,nan,nan,nan,nan,nan
23.340000,nan,nan,nan,nan,nan,nan,nan,nan,nan,nan,nan,nan,nan,0.001000,nan,1.570796,0.350000,0.350000,0.350000,1.000000,nan,nan,nan,nan,nan,nan
23.350000,nan,nan,nan,nan,nan,nan,nan,nan,nan,nan,nan,nan,nan,0.001000,nan,1.570796,0.350000,0.350000,0.350000,1.000000,nan,nan,nan,nan,nan,nan
23.360000,nan,nan,nan,nan,nan,nan,nan,nan,nan,nan,nan,nan,nan,0.001000,nan,1.570796,0.350000,0.350000,0.350000,1.000000,nan,nan,nan,nan,nan,nan
23.370000,nan,nan,nan,nan,nan,nan,nan,nan,nan,nan,nan,nan,nan,0.001000,nan,1.570796,0.350000,0.350000,0.350000,1.000000,nan,nan,nan,nan,nan,nan
23.380000,nan,nan,nan,nan,nan,nan,nan,nan,nan,nan,nan,nan,nan,0.001000,nan,1.570796,0.350000,0.350000,0.350000,1.000000,nan,nan,nan,nan,nan,nan
23.390000,nan,nan,nan,nan,nan,nan,nan,nan,nan,nan,nan,nan,nan,0.001000,nan,1.570796,0.350000,0.350000,0.350000,1.000000,nan,nan,nan,nan,nan,nan
23.400000,nan,nan,nan,nan,nan,nan,nan,nan,nan,nan,nan,nan,nan,0.001000,nan,1.570796,0.350000,0.350000,0.350000,1.000000,nan,nan,nan,nan,nan,nan
23.410000,nan,nan,nan,nan,nan,nan,nan,nan,nan,nan,nan,nan,nan,0.001000,nan,1.570796,0.350000,0.350000,0.350000,1.000000,nan,nan,nan,nan,nan,nan
23.420000,nan,nan,nan,nan,nan,nan,nan,nan,nan,nan,nan,nan,nan,0.001000,nan,1.570796,0.350000,0.350000,0.350000,1.000000,nan,nan,nan,nan,nan,nan
23.430000,nan,nan,nan,nan,nan,nan,nan,nan,nan,nan,nan,nan,nan,0.001000,nan,1.570796,0.350000,0.350000,0.350000,1.000000,nan,nan,nan,nan,nan,nan
23.440000,nan,nan,nan,nan,nan,nan,nan,nan,nan,nan,nan,nan,nan,0.001000,nan,1.570796,0.350000,0.350000,0.350000,1.000000,nan,nan,nan,nan,nan,nan
23.450000,nan,nan,nan,nan,nan,nan,nan,nan,nan,nan,nan,nan,nan,0.001000,nan,1.570796,0.350000,0.350000,0.350000,1.000000,nan,nan,nan,nan,nan,nan
23.460000,nan,nan,nan,nan,nan,nan,nan,nan,nan,nan,nan,nan,nan,0.001000,nan,1.570796,0.350000,0.350000,0.350000,1.000000,nan,nan,nan,nan,nan,nan
23.470000,nan,nan,nan,nan,nan,nan,nan,nan,nan,nan,nan,nan,nan,0.001000,nan,1.570796,0.350000,0.350000,0.350000,1.000000,nan,nan,nan,nan,nan,nan
23.480000,nan,nan,nan,nan,nan,nan,nan,nan,nan,nan,nan,nan,nan,0.001000,nan,1.570796,0.350000,0.350000,0.350000,1.000000,nan,nan,nan,nan,nan,nan
23.490000,nan,nan,nan,nan,nan,nan,nan,nan,nan,nan,nan,nan,nan,0.001000,nan,1.570796,0.350000,0.350000,0.350000,1.000000,nan,nan,nan,nan,nan,nan
23.500000,nan,nan,nan,nan,nan,nan,nan,nan,nan,nan,nan,nan,nan,0.001000,nan,1.570796,0.350000,0.350000,0.350000,1.000000,nan,nan,nan,nan,nan,nan
23.510000,nan,nan,nan,nan,nan,nan,nan,nan,nan,nan,nan,nan,nan,0.001000,nan,1.570796,0.350000,0.350000,0.350000,1.000000,nan,nan,nan,nan,nan,nan
23.520000,nan,nan,nan,nan,nan,nan,nan,nan,nan,nan,nan,nan,nan,0.001000,nan,1.570796,0.350000,0.350000,0.350000,1.000000,nan,nan,nan,nan,nan,nan
23.530000,nan,nan,nan,nan,nan,nan,nan,nan,nan,nan,nan,nan,nan,0.001000,nan,1.570796,0.350000,0.350000,0.350000,1.000000,nan,nan,nan,nan,nan,nan
23.540000,nan,nan,nan,nan,nan,nan,nan,nan,nan,nan,nan,nan,nan,0.001000,nan,1.570796,0.350000,0.350000,0.350000,1.000000,nan,nan,nan,nan,nan,nan
23.550000,nan,nan,nan,nan,nan,nan,nan,nan,nan,nan,nan,nan,nan,0.001000,nan,1.570796,0.350000,0.350000,0.350000,1.000000,nan,nan,nan,nan,nan,nan
23.560000,nan,nan,nan,nan,nan,nan,nan,nan,nan,nan,nan,nan,nan,0.001000,nan,1.570796,0.350000,0.350000,0.350000,1.000000,nan,nan,nan,nan,nan,nan
23.570000,nan,nan,nan,nan,nan,nan,nan,nan,nan,nan,nan,nan,nan,0.001000,nan,1.570796,0.350000,0.350000,0.350000,1.000000,nan,nan,nan,nan,nan,nan
23.580000,nan,nan,nan,nan,nan,nan,nan,nan,nan,nan,nan,nan,nan,0.001000,nan,1.570796,0.350000,0.350000,0.350000,1.000000,nan,nan,nan,nan,nan,nan
23.590000,nan,nan,nan,nan,nan,nan,nan,nan,nan,nan,nan,nan,nan,0.001000,nan,1.570796,0.350000,0.350000,0.350000,1.000000,nan,nan,nan,nan,nan,nan
23.600000,nan,nan,nan,nan,nan,nan,nan,nan,nan,nan,nan,nan,nan,0.001000,nan,1.570796,0.350000,0.350000,0.350000,1.000000,nan,nan,nan,nan,nan,nan
23.610000,nan,nan,nan,nan,nan,nan,nan,nan,nan,nan,nan,nan,nan,0.001000,nan,1.570796,0.350000,0.350000,0.350000,1.000000,nan,nan,nan,nan,nan,nan
23.620000,nan,nan,nan,nan,nan,nan,nan,nan,nan,nan,nan,nan,nan,0.001000,nan,1.570796,0.350000,0.350000,0.350000,1.000000,nan,nan,nan,nan,nan,nan
23.630000,nan,nan,nan,nan,nan,nan,nan,nan,nan,nan,nan,nan,nan,0.001000,nan,1.570796,0.350000,0.350000,0.350000,1.000000,nan,nan,nan,nan,nan,nan
23.640000,nan,nan,nan,nan,nan,nan,nan,nan,nan,nan,nan,nan,nan,0.001000,nan,1.570796,0.350000,0.350000,0.350000,1.000000,nan,nan,nan,nan,nan,nan
23.650000,nan,nan,nan,nan,nan,nan,nan,nan,nan,nan,nan,nan,nan,0.001000,nan,1.570796,0.350000,0.350000,0.350000,1.000000,nan,nan,nan,nan,nan,nan
23.660000,nan,nan,nan,nan,nan,nan,nan,nan,nan,nan,nan,nan,nan,0.001000,nan,1.570796,0.350000,0.350000,0.350000,1.000000,nan,nan,nan,nan,nan,nan
23.670000,nan,nan,nan,nan,nan,nan,nan,nan,nan,nan,nan,nan,nan,0.001000,nan,1.570796,0.350000,0.350000,0.350000,1.000000,nan,nan,nan,nan,nan,nan
23.680000,nan,nan,nan,nan,nan,nan,nan,nan,nan,nan,nan,nan,nan,0.001000,nan,1.570796,0.350000,0.350000,0.350000,1.000000,nan,nan,nan,nan,nan,nan
23.690000,nan,nan,nan,nan,nan,nan,nan,nan,nan,nan,nan,nan,nan,0.001000,nan,1.570796,0.350000,0.350000,0.350000,1.000000,nan,nan,nan,nan,nan,nan
23.700000,nan,nan,nan,nan,nan,nan,nan,nan,nan,nan,nan,nan,nan,0.001000,nan,1.570796,0.350000,0.350000,0.350000,1.000000,nan,nan,nan,nan,nan,nan
23.710000,nan,nan,nan,nan,nan,nan,nan,nan,nan,nan,nan,nan,nan,0.001000,nan,1.570796,0.350000,0.350000,0.350000,1.000000,nan,nan,nan,nan,nan,nan
23.720000,nan,nan,nan,nan,nan,nan,nan,nan,nan,nan,nan,nan,nan,0.001000,nan,1.570796,0.350000,0.350000,0.350000,1.000000,nan,nan,nan,nan,nan,nan
23.730000,nan,nan,nan,nan,nan,nan,nan,nan,nan,nan,nan,nan,nan,0.001000,nan,1.570796,0.350000,0.350000,0.350000,1.000000,nan,nan,nan,nan,nan,nan
23.740000,nan,nan,nan,nan,nan,nan,nan,nan,nan,nan,nan,nan,nan,0.001000,nan,1.570796,0.350000,0.350000,0.350000,1.000000,nan,nan,nan,nan,nan,nan
23.750000,nan,nan,nan,nan,nan,nan,nan,nan,nan,nan,nan,nan,nan,0.001000,nan,1.570796,0.350000,0.350000,0.350000,1.000000,nan,nan,nan,nan,nan,nan
23.760000,nan,nan,nan,nan,nan,nan,nan,nan,nan,nan,nan,nan,nan,0.001000,nan,1.570796,0.350000,0.350000,0.350000,1.000000,nan,nan,nan,nan,nan,nan
23.770000,nan,nan,nan,nan,nan,nan,nan,nan,nan,nan,nan,nan,nan,0.001000,nan,1.570796,0.350000,0.350000,0.350000,1.000000,nan,nan,nan,nan,nan,nan
23.780000,nan,nan,nan,nan,nan,nan,nan,nan,nan,nan,nan,nan,nan,0.001000,nan,1.570796,0.350000,0.350000,0.350000,1.000000,nan,nan,nan,nan,nan,nan
23.790000,nan,nan,nan,nan,nan,nan,nan,nan,nan,nan,nan,nan,nan,0.001000,nan,1.570796,0.350000,0.350000,0.350000,1.000000,nan,nan,nan,nan,nan,nan
23.800000,nan,nan,nan,nan,nan,nan,nan,nan,nan,nan,nan,nan,nan,0.001000,nan,1.570796,0.350000,0.350000,0.350000,1.000000,nan,nan,nan,nan,nan,nan
23.810000,nan,nan,nan,nan,nan,nan,nan,nan,nan,nan,nan,nan,nan,0.001000,nan,1.570796,0.350000,0.350000,0.350000,1.000000,nan,nan,nan,nan,nan,nan
23.820000,nan,nan,nan,nan,nan,nan,nan,nan,nan,nan,nan,nan,nan,0.001000,nan,1.570796,0.350000,0.350000,0.350000,1.000000,nan,nan,nan,nan,nan,nan
23.830000,nan,nan,nan,nan,nan,nan,nan,nan,nan,nan,nan,nan,nan,0.001000,nan,1.570796,0.350000,0.350000,0.350000,1.000000,nan,nan,nan,nan,nan,nan
23.840000,nan,nan,nan,nan,nan,nan,nan,nan,nan,nan,nan,nan,nan,0.001000,nan,1.570796,0.350000,0.350000,0.350000,1.000000,nan,nan,nan,nan,nan,nan
23.850000,nan,nan,nan,nan,nan,nan,nan,nan,nan,nan,nan,nan,nan,0.001000,nan,1.570796,0.350000,0.350000,0.350000,1.000000,nan,nan,nan,nan,nan,nan
23.860000,nan,nan,nan,nan,nan,nan,nan,nan,nan,nan,nan,nan,nan,0.001000,nan,1.570796,0.350000,0.350000,0.350000,1.000000,nan,nan,nan,nan,nan,nan
23.870000,nan,nan,nan,nan,nan,nan,nan,nan,nan,nan,nan,nan,nan,0.001000,nan,1.570796,0.350000,0.350000,0.350000,1.000000,nan,nan,nan,nan,nan,nan
23.880000,nan,nan,nan,nan,nan,nan,nan,nan,nan,nan,nan,nan,nan,0.001000,nan,1.570796,0.350000,0.350000,0.350000,1.000000,nan,nan,nan,nan,nan,nan
23.890000,nan,nan,nan,nan,nan,nan,nan,nan,nan,nan,nan,nan,nan,0.001000,nan,1.570796,0.350000,0.350000,0.350000,1.000000,nan,nan,nan,nan,nan,nan
23.900000,nan,nan,nan,nan,nan,nan,nan,nan,nan,nan,nan,nan,nan,0.001000,nan,1.570796,0.350000,0.350000,0.350000,1.000000,nan,nan,nan,nan,nan,nan
23.910000,nan,nan,nan,nan,nan,nan,nan,nan,nan,nan,nan,nan,nan,0.001000,nan,1.570796,0.350000,0.350000,0.350000,1.000000,nan,nan,nan,nan,nan,nan
23.920000,nan,nan,nan,nan,nan,nan,nan,nan,nan,nan,nan,nan,nan,0.001000,nan,1.570796,0.350000,0.350000,0.350000,1.000000,nan,nan,nan,nan,nan,nan
23.930000,nan,nan,nan,nan,nan,nan,nan,nan,nan,nan,nan,nan,nan,0.001000,nan,1.570796,0.350000,0.350000,0.350000,1.000000,nan,nan,nan,nan,nan,nan
23.940000,nan,nan,nan,nan,nan,nan,nan,nan,nan,nan,nan,nan,nan,0.001000,nan,1.570796,0.350000,0.350000,0.350000,1.000000,nan,nan,nan,nan,nan,nan
23.950000,nan,nan,nan,nan,nan,nan,nan,nan,nan,nan,nan,nan,nan,0.001000,nan,1.570796,0.350000,0.350000,0.350000,1.000000,nan,nan,nan,nan,nan,nan
23.960000,nan,nan,nan,nan,nan,nan,nan,nan,nan,nan,nan,nan,nan,0.001000,nan,1.570796,0.350000,0.350000,0.350000,1.000000,nan,nan,nan,nan,nan,nan
23.970000,nan,nan,nan,nan,nan,nan,nan,nan,nan,nan,nan,nan,nan,0.001000,nan,1.570796,0.350000,0.350000,0.350000,1.000000,nan,nan,nan,nan,nan,nan
23.980000,nan,nan,nan,nan,nan,nan,nan,nan,nan,nan,nan,nan,nan,0.001000,nan,1.570796,0.350000,0.350000,0.350000,1.000000,nan,nan,nan,nan,nan,nan
23.990000,nan,nan,nan,nan,nan,nan,nan,nan,nan,nan,nan,nan,nan,0.001000,nan,1.570796,0.350000,0.350000,0.350000,1.000000,nan,nan,nan,nan,nan,nan
24.000000,nan,nan,nan,nan,nan,nan,nan,nan,nan,nan,nan,nan,nan,0.001000,nan,1.570796,0.350000,0.350000,0.350000,1.000000,nan,nan,nan,nan,nan,nan
24.010000,nan,nan,nan,nan,nan,nan,nan,nan,nan,nan,nan,nan,nan,0.001000,nan,1.570796,0.350000,0.350000,0.350000,1.000000,nan,nan,nan,nan,nan,nan
24.020000,nan,nan,nan,nan,nan,nan,nan,nan,nan,nan,nan,nan,nan,0.001000,nan,1.570796,0.350000,0.350000,0.350000,1.000000,nan,nan,nan,nan,nan,nan
24.030000,nan,nan,nan,nan,nan,nan,nan,nan,nan,nan,nan,nan,nan,0.001000,nan,1.570796,0.350000,0.350000,0.350000,1.000000,nan,nan,nan,nan,nan,nan
24.040000,nan,nan,nan,nan,nan,nan,nan,nan,nan,nan,nan,nan,nan,0.001000,nan,1.570796,0.350000,0.350000,0.350000,1.000000,nan,nan,nan,nan,nan,nan
24.050000,nan,nan,nan,nan,nan,nan,nan,nan,nan,nan,nan,nan,nan,0.001000,nan,1.570796,0.350000,0.350000,0.350000,1.000000,nan,nan,nan,nan,nan,nan
24.060000,nan,nan,nan,nan,nan,nan,nan,nan,nan,nan,nan,nan,nan,0.001000,nan,1.570796,0.350000,0.350000,0.350000,1.000000,nan,nan,nan,nan,nan,nan
24.070000,nan,nan,nan,nan,nan,nan,nan,nan,nan,nan,nan,nan,nan,0.001000,nan,1.570796,0.350000,0.350000,0.350000,1.000000,nan,nan,nan,nan,nan,nan
24.080000,nan,nan,nan,nan,nan,nan,nan,nan,nan,nan,nan,nan,nan,0.001000,nan,1.570796,0.350000,0.350000,0.350000,1.000000,nan,nan,nan,nan,nan,nan
24.090000,nan,nan,nan,nan,nan,nan,nan,nan,nan,nan,nan,nan,nan,0.001000,nan,1.570796,0.350000,0.350000,0.350000,1.000000,nan,nan,nan,nan,nan,nan
24.100000,nan,nan,nan,nan,nan,nan,nan,nan,nan,nan,nan,nan,nan,0.001000,nan,1.570796,0.350000,0.350000,0.350000,1.000000,nan,nan,nan,nan,nan,nan
24.110000,nan,nan,nan,nan,nan,nan,nan,nan,nan,nan,nan,nan,nan,0.001000,nan,1.570796,0.350000,0.350000,0.350000,1.000000,nan,nan,nan,nan,nan,nan
24.120000,nan,nan,nan,nan,nan,nan,nan,nan,nan,nan,nan,nan,nan,0.001000,nan,1.570796,0.350000,0.350000,0.350000,1.000000,nan,nan,nan,nan,nan,nan
24.130000,nan,nan,nan,nan,nan,nan,nan,nan,nan,nan,nan,nan,nan,0.001000,nan,1.570796,0.350000,0.350000,0.350000,1.000000,nan,nan,nan,nan,nan,nan
24.140000,nan,nan,nan,nan,nan,nan,nan,nan,nan,nan,nan,nan,nan,0.001000,nan,1.570796,0.350000,0.350000,0.350000,1.000000,nan,nan,nan,nan,nan,nan
24.150000,nan,nan,nan,nan,nan,nan,nan,nan,nan,nan,nan,nan,nan,0.001000,nan,1.570796,0.350000,0.350000,0.350000,1.000000,nan,nan,nan,nan,nan,nan
24.160000,nan,nan,nan,nan,nan,nan,nan,nan,nan,nan,nan,nan,nan,0.001000,nan,1.570796,0.350000,0.350000,0.350000,1.000000,nan,nan,nan,nan,nan,nan
24.170000,nan,nan,nan,nan,nan,nan,nan,nan,nan,nan,nan,nan,nan,0.001000,nan,1.570796,0.350000,0.350000,0.350000,1.000000,nan,nan,nan,nan,nan,nan
24.180000,nan,nan,nan,nan,nan,nan,nan,nan,nan,nan,nan,nan,nan,0.001000,nan,1.570796,0.350000,0.350000,0.350000,1.000000,nan,nan,nan,nan,nan,nan
24.190000,nan,nan,nan,nan,nan,nan,nan,nan,nan,nan,nan,nan,nan,0.001000,nan,1.570796,0.350000,0.350000,0.350000,1.000000,nan,nan,nan,nan,nan,nan
24.200000,nan,nan,nan,nan,nan,nan,nan,nan,nan,nan,nan,nan,nan,0.001000,nan,1.570796,0.350000,0.350000,0.350000,1.000000,nan,nan,nan,nan,nan,nan
24.210000,nan,nan,nan,nan,nan,nan,nan,nan,nan,nan,nan,nan,nan,0.001000,nan,1.570796,0.350000,0.350000,0.350000,1.000000,nan,nan,nan,nan,nan,nan
24.220000,nan,nan,nan,nan,nan,nan,nan,nan,nan,nan,nan,nan,nan,0.001000,nan,1.570796,0.350000,0.350000,0.350000,1.000000,nan,nan,nan,nan,nan,nan
24.230000,nan,nan,nan,nan,nan,nan,nan,nan,nan,nan,nan,nan,nan,0.001000,nan,1.570796,0.350000,0.350000,0.350000,1.000000,nan,nan,nan,nan,nan,nan
24.240000,nan,nan,nan,nan,nan,nan,nan,nan,nan,nan,nan,nan,nan,0.001000,nan,1.570796,0.350000,0.350000,0.350000,1.000000,nan,nan,nan,nan,nan,nan
24.250000,nan,nan,nan,nan,nan,nan,nan,nan,nan,nan,nan,nan,nan,0.001000,nan,1.570796,0.350000,0.350000,0.350000,1.000000,nan,nan,nan,nan,nan,nan
24.260000,nan,nan,nan,nan,nan,nan,nan,nan,nan,nan,nan,nan,nan,0.001000,nan,1.570796,0.350000,0.350000,0.350000,1.000000,nan,nan,nan,nan,nan,nan
24.270000,nan,nan,nan,nan,nan,nan,nan,nan,nan,nan,nan,nan,nan,0.001000,nan,1.570796,0.350000,0.350000,0.350000,1.000000,nan,nan,nan,nan,nan,nan
24.280000,nan,nan,nan,nan,nan,nan,nan,nan,nan,nan,nan,nan,nan,0.001000,nan,1.570796,0.350000,0.350000,0.350000,1.000000,nan,nan,nan,nan,nan,nan
24.290000,nan,nan,nan,nan,nan,nan,nan,nan,nan,nan,nan,nan,nan,0.001000,nan,1.570796,0.350000,0.350000,0.350000,1.000000,nan,nan,nan,nan,nan,nan
24.300000,nan,nan,nan,nan,nan,nan,nan,nan,nan,nan,nan,nan,nan,0.001000,nan,1.570796,0.350000,0.350000,0.350000,1.000000,nan,nan,nan,nan,nan,nan
24.310000,nan,nan,nan,nan,nan,nan,nan,nan,nan,nan,nan,nan,nan,0.001000,nan,1.570796,0.350000,0.350000,0.350000,1.000000,nan,nan,nan,nan,nan,nan
24.320000,nan,nan,nan,nan,nan,nan,nan,nan,nan,nan,nan,nan,nan,0.001000,nan,1.570796,0.350000,0.350000,0.350000,1.000000,nan,nan,nan,nan,nan,nan
24.330000,nan,nan,nan,nan,nan,nan,nan,nan,nan,nan,nan,nan,nan,0.001000,nan,1.570796,0.350000,0.350000,0.350000,1.000000,nan,nan,nan,nan,nan,nan
24.340000,nan,nan,nan,nan,nan,nan,nan,nan,nan,nan,nan,nan,nan,0.001000,nan,1.570796,0.350000,0.350000,0.350000,1.000000,nan,nan,nan,nan,nan,nan
24.350000,nan,nan,nan,nan,nan,nan,nan,nan,nan,nan,nan,nan,nan,0.001000,nan,1.570796,0.350000,0.350000,0.350000,1.000000,nan,nan,nan,nan,nan,nan
24.360000,nan,nan,nan,nan,nan,nan,nan,nan,nan,nan,nan,nan,nan,0.001000,nan,1.570796,0.350000,0.350000,0.350000,1.000000,nan,nan,nan,nan,nan,nan
24.370000,nan,nan,nan,nan,nan,nan,nan,nan,nan,nan,nan,nan,nan,0.001000,nan,1.570796,0.350000,0.350000,0.350000,1.000000,nan,nan,nan,nan,nan,nan
24.380000,nan,nan,nan,nan,nan,nan,nan,nan,nan,nan,nan,nan,nan,0.001000,nan,1.570796,0.350000,0.350000,0.350000,1.000000,nan,nan,nan,nan,nan,nan
24.390000,nan,nan,nan,nan,nan,nan,nan,nan,nan,nan,nan,nan,nan,0.001000,nan,1.570796,0.350000,0.350000,0.350000,1.000000,nan,nan,nan,nan,nan,nan
24.400000,nan,nan,nan,nan,nan,nan,nan,nan,nan,nan,nan,nan,nan,0.001000,nan,1.570796,0.350000,0.350000,0.350000,1.000000,nan,nan,nan,nan,nan,nan
24.410000,nan,nan,nan,nan,nan,nan,nan,nan,nan,nan,nan,nan,nan,0.001000,nan,1.570796,0.350000,0.350000,0.350000,1.000000,nan,nan,nan,nan,nan,nan
24.420000,nan,nan,nan,nan,nan,nan,nan,nan,nan,nan,nan,nan,nan,0.001000,nan,1.570796,0.350000,0.350000,0.350000,1.000000,nan,nan,nan,nan,nan,nan
24.430000,nan,nan,nan,nan,nan,nan,nan,nan,nan,nan,nan,nan,nan,0.001000,nan,1.570796,0.350000,0.350000,0.350000,1.000000,nan,nan,nan,nan,nan,nan
24.440000,nan,nan,nan,nan,nan,nan,nan,nan,nan,nan,nan,nan,nan,0.001000,nan,1.570796,0.350000,0.350000,0.350000,1.000000,nan,nan,nan,nan,nan,nan
24.450000,nan,nan,nan,nan,nan,nan,nan,nan,nan,nan,nan,nan,nan,0.001000,nan,1.570796,0.350000,0.350000,0.350000,1.000000,nan,nan,nan,nan,nan,nan
24.460000,nan,nan,nan,nan,nan,nan,nan,nan,nan,nan,nan,nan,nan,0.001000,nan,1.570796,0.350000,0.350000,0.350000,1.000000,nan,nan,nan,nan,nan,nan
24.470000,nan,nan,nan,nan,nan,nan,nan,nan,nan,nan,nan,nan,nan,0.001000,nan,1.570796,0.350000,0.350000,0.350000,1.000000,nan,nan,nan,nan,nan,nan
24.480000,nan,nan,nan,nan,nan,nan,nan,nan,nan,nan,nan,nan,nan,0.001000,nan,1.570796,0.350000,0.350000,0.350000,1.000000,nan,nan,nan,nan,nan,nan
24.490000,nan,nan,nan,nan,nan,nan,nan,nan,nan,nan,nan,nan,nan,0.001000,nan,1.570796,0.350000,0.350000,0.350000,1.000000,nan,nan,nan,nan,nan,nan
24.500000,nan,nan,nan,nan,nan,nan,nan,nan,nan,nan,nan,nan,nan,0.001000,nan,1.570796,0.350000,0.350000,0.350000,1.000000,nan,nan,nan,nan,nan,nan
24.510000,nan,nan,nan,nan,nan,nan,nan,nan,nan,nan,nan,nan,nan,0.001000,nan,1.570796,0.350000,0.350000,0.350000,1.000000,nan,nan,nan,nan,nan,nan
24.520000,nan,nan,nan,nan,nan,nan,nan,nan,nan,nan,nan,nan,nan,0.001000,nan,1.570796,0.350000,0.350000,0.350000,1.000000,nan,nan,nan,nan,nan,nan
24.530000,nan,nan,nan,nan,nan,nan,nan,nan,nan,nan,nan,nan,nan,0.001000,nan,1.570796,0.350000,0.350000,0.350000,1.000000,nan,nan,nan,nan,nan,nan
24.540000,nan,nan,nan,nan,nan,nan,nan,nan,nan,nan,nan,nan,nan,0.001000,nan,1.570796,0.350000,0.350000,0.350000,1.000000,nan,nan,nan,nan,nan,nan
24.550000,nan,nan,nan,nan,nan,nan,nan,nan,nan,nan,nan,nan,nan,0.001000,nan,1.570796,0.350000,0.350000,0.350000,1.000000,nan,nan,nan,nan,nan,nan
24.560000,nan,nan,nan,nan,nan,nan,nan,nan,nan,nan,nan,nan,nan,0.001000,nan,1.570796,0.350000,0.350000,0.350000,1.000000,nan,nan,nan,nan,nan,nan
24.570000,nan,nan,nan,nan,nan,nan,nan,nan,nan,nan,nan,nan,nan,0.001000,nan,1.570796,0.350000,0.350000,0.350000,1.000000,nan,nan,nan,nan,nan,nan
24.580000,nan,nan,nan,nan,nan,nan,nan,nan,nan,nan,nan,nan,nan,0.001000,nan,1.570796,0.350000,0.350000,0.350000,1.000000,nan,nan,nan,nan,nan,nan
24.590000,nan,nan,nan,nan,nan,nan,nan,nan,nan,nan,nan,nan,nan,0.001000,nan,1.570796,0.350000,0.350000,0.350000,1.000000,nan,nan,nan,nan,nan,nan
24.600000,nan,nan,nan,nan,nan,nan,nan,nan,nan,nan,nan,nan,nan,0.001000,nan,1.570796,0.350000,0.350000,0.350000,1.000000,nan,nan,nan,nan,nan,nan
24.610000,nan,nan,nan,nan,nan,nan,nan,nan,nan,nan,nan,nan,nan,0.001000,nan,1.570796,0.350000,0.350000,0.350000,1.000000,nan,nan,nan,nan,nan,nan
24.620000,nan,nan,nan,nan,nan,nan,nan,nan,nan,nan,nan,nan,nan,0.001000,nan,1.570796,0.350000,0.350000,0.350000,1.000000,nan,nan,nan,nan,nan,nan
24.630000,nan,nan,nan,nan,nan,nan,nan,nan,nan,nan,nan,nan,nan,0.001000,nan,1.570796,0.350000,0.350000,0.350000,1.000000,nan,nan,nan,nan,nan,nan
24.640000,nan,nan,nan,nan,nan,nan,nan,nan,nan,nan,nan,nan,nan,0.001000,nan,1.570796,0.350000,0.350000,0.350000,1.000000,nan,nan,nan,nan,nan,nan
24.650000,nan,nan,nan,nan,nan,nan,nan,nan,nan,nan,nan,nan,nan,0.001000,nan,1.570796,0.350000,0.350000,0.350000,1.000000,nan,nan,nan,nan,nan,nan
24.660000,nan,nan,nan,nan,nan,nan,nan,nan,nan,nan,nan,nan,nan,0.001000,nan,1.570796,0.350000,0.350000,0.350000,1.000000,nan,nan,nan,nan,nan,nan
24.670000,nan,nan,nan,nan,nan,nan,nan,nan,nan,nan,nan,nan,nan,0.001000,nan,1.570796,0.350000,0.350000,0.350000,1.000000,nan,nan,nan,nan,nan,nan
24.680000,nan,nan,nan,nan,nan,nan,nan,nan,nan,nan,nan,nan,nan,0.001000,nan,1.570796,0.350000,0.350000,0.350000,1.000000,nan,nan,nan,nan,nan,nan
24.690000,nan,nan,nan,nan,nan,nan,nan,nan,nan,nan,nan,nan,nan,0.001000,nan,1.570796,0.350000,0.350000,0.350000,1.000000,nan,nan,nan,nan,nan,nan
24.700000,nan,nan,nan,nan,nan,nan,nan,nan,nan,nan,nan,nan,nan,0.001000,nan,1.570796,0.350000,0.350000,0.350000,1.000000,nan,nan,nan,nan,nan,nan
24.710000,nan,nan,nan,nan,nan,nan,nan,nan,nan,nan,nan,nan,nan,0.001000,nan,1.570796,0.350000,0.350000,0.350000,1.000000,nan,nan,nan,nan,nan,nan
24.720000,nan,nan,nan,nan,nan,nan,nan,nan,nan,nan,nan,nan,nan,0.001000,nan,1.570796,0.350000,0.350000,0.350000,1.000000,nan,nan,nan,nan,nan,nan
24.730000,nan,nan,nan,nan,nan,nan,nan,nan,nan,nan,nan,nan,nan,0.001000,nan,1.570796,0.350000,0.350000,0.350000,1.000000,nan,nan,nan,nan,nan,nan
24.740000,nan,nan,nan,nan,nan,nan,nan,nan,nan,nan,nan,nan,nan,0.001000,nan,1.570796,0.350000,0.350000,0.350000,1.000000,nan,nan,nan,nan,nan,nan
24.750000,nan,nan,nan,nan,nan,nan,nan,nan,nan,nan,nan,nan,nan,0.001000,nan,1.570796,0.350000,0.350000,0.350000,1.000000,nan,nan,nan,nan,nan,nan
24.760000,nan,nan,nan,nan,nan,nan,nan,nan,nan,nan,nan,nan,nan,0.001000,nan,1.570796,0.350000,0.350000,0.350000,1.000000,nan,nan,nan,nan,nan,nan
24.770000,nan,nan,nan,nan,nan,nan,nan,nan,nan,nan,nan,nan,nan,0.001000,nan,1.570796,0.350000,0.350000,0.350000,1.000000,nan,nan,nan,nan,nan,nan
24.780000,nan,nan,nan,nan,nan,nan,nan,nan,nan,nan,nan,nan,nan,0.001000,nan,1.570796,0.350000,0.350000,0.350000,1.000000,nan,nan,nan,nan,nan,nan
24.790000,nan,nan,nan,nan,nan,nan,nan,nan,nan,nan,nan,nan,nan,0.001000,nan,1.570796,0.350000,0.350000,0.350000,1.000000,nan,nan,nan,nan,nan,nan
24.800000,nan,nan,nan,nan,nan,nan,nan,nan,nan,nan,nan,nan,nan,0.001000,nan,1.570796,0.350000,0.350000,0.350000,1.000000,nan,nan,nan,nan,nan,nan
24.810000,nan,nan,nan,nan,nan,nan,nan,nan,nan,nan,nan,nan,nan,0.001000,nan,1.570796,0.350000,0.350000,0.350000,1.000000,nan,nan,nan,nan,nan,nan
24.820000,nan,nan,nan,nan,nan,nan,nan,nan,nan,nan,nan,nan,nan,0.001000,nan,1.570796,0.350000,0.350000,0.350000,1.000000,nan,nan,nan,nan,nan,nan
24.830000,nan,nan,nan,nan,nan,nan,nan,nan,nan,nan,nan,nan,nan,0.001000,nan,1.570796,0.350000,0.350000,0.350000,1.000000,nan,nan,nan,nan,nan,nan
24.840000,nan,nan,nan,nan,nan,nan,nan,nan,nan,nan,nan,nan,nan,0.001000,nan,1.570796,0.350000,0.350000,0.350000,1.000000,nan,nan,nan,nan,nan,nan
24.850000,nan,nan,nan,nan,nan,nan,nan,nan,nan,nan,nan,nan,nan,0.001000,nan,1.570796,0.350000,0.350000,0.350000,1.000000,nan,nan,nan,nan,nan,nan
24.860000,nan,nan,nan,nan,nan,nan,nan,nan,nan,nan,nan,nan,nan,0.001000,nan,1.570796,0.350000,0.350000,0.350000,1.000000,nan,nan,nan,nan,nan,nan
24.870000,nan,nan,nan,nan,nan,nan,nan,nan,nan,nan,nan,nan,nan,0.001000,nan,1.570796,0.350000,0.350000,0.350000,1.000000,nan,nan,nan,nan,nan,nan
24.880000,nan,nan,nan,nan,nan,nan,nan,nan,nan,nan,nan,nan,nan,0.001000,nan,1.570796,0.350000,0.350000,0.350000,1.000000,nan,nan,nan,nan,nan,nan
24.890000,nan,nan,nan,nan,nan,nan,nan,nan,nan,nan,nan,nan,nan,0.001000,nan,1.570796,0.350000,0.350000,0.350000,1.000000,nan,nan,nan,nan,nan,nan
24.900000,nan,nan,nan,nan,nan,nan,nan,nan,nan,nan,nan,nan,nan,0.001000,nan,1.570796,0.350000,0.350000,0.350000,1.000000,nan,nan,nan,nan,nan,nan
24.910000,nan,nan,nan,nan,nan,nan,nan,nan,nan,nan,nan,nan,nan,0.001000,nan,1.570796,0.350000,0.350000,0.350000,1.000000,nan,nan,nan,nan,nan,nan
24.920000,nan,nan,nan,nan,nan,nan,nan,nan,nan,nan,nan,nan,nan,0.001000,nan,1.570796,0.350000,0.350000,0.350000,1.000000,nan,nan,nan,nan,nan,nan
24.930000,nan,nan,nan,nan,nan,nan,nan,nan,nan,nan,nan,nan,nan,0.001000,nan,1.570796,0.350000,0.350000,0.350000,1.000000,nan,nan,nan,nan,nan,nan
24.940000,nan,nan,nan,nan,nan,nan,nan,nan,nan,nan,nan,nan,nan,0.001000,nan,1.570796,0.350000,0.350000,0.350000,1.000000,nan,nan,nan,nan,nan,nan
24.950000,nan,nan,nan,nan,nan,nan,nan,nan,nan,nan,nan,nan,nan,0.001000,nan,1.570796,0.350000,0.350000,0.350000,1.000000,nan,nan,nan,nan,nan,nan
24.960000,nan,nan,nan,nan,nan,nan,nan,nan,nan,nan,nan,nan,nan,0.001000,nan,1.570796,0.350000,0.350000,0.350000,1.000000,nan,nan,nan,nan,nan,nan
24.970000,nan,nan,nan,nan,nan,nan,nan,nan,nan,nan,nan,nan,nan,0.001000,nan,1.570796,0.350000,0.350000,0.350000,1.000000,nan,nan,nan,nan,nan,nan
24.980000,nan,nan,nan,nan,nan,nan,nan,nan,nan,nan,nan,nan,nan,0.001000,nan,1.570796,0.350000,0.350000,0.350000,1.000000,nan,nan,nan,nan,nan,nan
24.990000,nan,nan,nan,nan,nan,nan,nan,nan,nan,nan,nan,nan,nan,0.001000,nan,1.570796,0.350000,0.350000,0.350000,1.000000,nan,nan,nan,nan,nan,nan
25.000000,nan,nan,nan,nan,nan,nan,nan,nan,nan,nan,nan,nan,nan,0.001000,nan,1.570796,0.350000,0.350000,0.350000,1.000000,nan,nan,nan,nan,nan,nan
25.010000,nan,nan,nan,nan,nan,nan,nan,nan,nan,nan,nan,nan,nan,0.001000,nan,1.570796,0.350000,0.350000,0.350000,1.000000,nan,nan,nan,nan,nan,nan
25.020000,nan,nan,nan,nan,nan,nan,nan,nan,nan,nan,nan,nan,nan,0.001000,nan,1.570796,0.350000,0.350000,0.350000,1.000000,nan,nan,nan,nan,nan,nan
25.030000,nan,nan,nan,nan,nan,nan,nan,nan,nan,nan,nan,nan,nan,0.001000,nan,1.570796,0.350000,0.350000,0.350000,1.000000,nan,nan,nan,nan,nan,nan
25.040000,nan,nan,nan,nan,nan,nan,nan,nan,nan,nan,nan,nan,nan,0.001000,nan,1.570796,0.350000,0.350000,0.350000,1.000000,nan,nan,nan,nan,nan,nan
25.050000,nan,nan,nan,nan,nan,nan,nan,nan,nan,nan,nan,nan,nan,0.001000,nan,1.570796,0.350000,0.350000,0.350000,1.000000,nan,nan,nan,nan,nan,nan
25.060000,nan,nan,nan,nan,nan,nan,nan,nan,nan,nan,nan,nan,nan,0.001000,nan,1.570796,0.350000,0.350000,0.350000,1.000000,nan,nan,nan,nan,nan,nan
25.070000,nan,nan,nan,nan,nan,nan,nan,nan,nan,nan,nan,nan,nan,0.001000,nan,1.570796,0.350000,0.350000,0.350000,1.000000,nan,nan,nan,nan,nan,nan
25.080000,nan,nan,nan,nan,nan,nan,nan,nan,nan,nan,nan,nan,nan,0.001000,nan,1.570796,0.350000,0.350000,0.350000,1.000000,nan,nan,nan,nan,nan,nan
25.090000,nan,nan,nan,nan,nan,nan,nan,nan,nan,nan,nan,nan,nan,0.001000,nan,1.570796,0.350000,0.350000,0.350000,1.000000,nan,nan,nan,nan,nan,nan
25.100000,nan,nan,nan,nan,nan,nan,nan,nan,nan,nan,nan,nan,nan,0.001000,nan,1.570796,0.350000,0.350000,0.350000,1.000000,nan,nan,nan,nan,nan,nan
25.110000,nan,nan,nan,nan,nan,nan,nan,nan,nan,nan,nan,nan,nan,0.001000,nan,1.570796,0.350000,0.350000,0.350000,1.000000,nan,nan,nan,nan,nan,nan
25.120000,nan,nan,nan,nan,nan,nan,nan,nan,nan,nan,nan,nan,nan,0.001000,nan,1.570796,0.350000,0.350000,0.350000,1.000000,nan,nan,nan,nan,nan,nan
25.130000,nan,nan,nan,nan,nan,nan,nan,nan,nan,nan,nan,nan,nan,0.001000,nan,1.570796,0.350000,0.350000,0.350000,1.000000,nan,nan,nan,nan,nan,nan
25.140000,nan,nan,nan,nan,nan,nan,nan,nan,nan,nan,nan,nan,nan,0.001000,nan,1.570796,0.350000,0.350000,0.350000,1.000000,nan,nan,nan,nan,nan,nan
25.150000,nan,nan,nan,nan,nan,nan,nan,nan,nan,nan,nan,nan,nan,0.001000,nan,1.570796,0.350000,0.350000,0.350000,1.000000,nan,nan,nan,nan,nan,nan
25.160000,nan,nan,nan,nan,nan,nan,nan,nan,nan,nan,nan,nan,nan,0.001000,nan,1.570796,0.350000,0.350000,0.350000,1.000000,nan,nan,nan,nan,nan,nan
25.170000,nan,nan,nan,nan,nan,nan,nan,nan,nan,nan,nan,nan,nan,0.001000,nan,1.570796,0.350000,0.350000,0.350000,1.000000,nan,nan,nan,nan,nan,nan
25.180000,nan,nan,nan,nan,nan,nan,nan,nan,nan,nan,nan,nan,nan,0.001000,nan,1.570796,0.350000,0.350000,0.350000,1.000000,nan,nan,nan,nan,nan,nan
25.190000,nan,nan,nan,nan,nan,nan,nan,nan,nan,nan,nan,nan,nan,0.001000,nan,1.570796,0.350000,0.350000,0.350000,1.000000,nan,nan,nan,nan,nan,nan
25.200000,nan,nan,nan,nan,nan,nan,nan,nan,nan,nan,nan,nan,nan,0.001000,nan,1.570796,0.350000,0.350000,0.350000,1.000000,nan,nan,nan,nan,nan,nan
25.210000,nan,nan,nan,nan,nan,nan,nan,nan,nan,nan,nan,nan,nan,0.001000,nan,1.570796,0.350000,0.350000,0.350000,1.000000,nan,nan,nan,nan,nan,nan
25.220000,nan,nan,nan,nan,nan,nan,nan,nan,nan,nan,nan,nan,nan,0.001000,nan,1.570796,0.350000,0.350000,0.350000,1.000000,nan,nan,nan,nan,nan,nan
25.230000,nan,nan,nan,nan,nan,nan,nan,nan,nan,nan,nan,nan,nan,0.001000,nan,1.570796,0.350000,0.350000,0.350000,1.000000,nan,nan,nan,nan,nan,nan
25.240000,nan,nan,nan,nan,nan,nan,nan,nan,nan,nan,nan,nan,nan,0.001000,nan,1.570796,0.350000,0.350000,0.350000,1.000000,nan,nan,nan,nan,nan,nan
25.250000,nan,nan,nan,nan,nan,nan,nan,nan,nan,nan,nan,nan,nan,0.001000,nan,1.570796,0.350000,0.350000,0.350000,1.000000,nan,nan,nan,nan,nan,nan
25.260000,nan,nan,nan,nan,nan,nan,nan,nan,nan,nan,nan,nan,nan,0.001000,nan,1.570796,0.350000,0.350000,0.350000,1.000000,nan,nan,nan,nan,nan,nan
25.270000,nan,nan,nan,nan,nan,nan,nan,nan,nan,nan,nan,nan,nan,0.001000,nan,1.570796,0.350000,0.350000,0.350000,1.000000,nan,nan,nan,nan,nan,nan
25.280000,nan,nan,nan,nan,nan,nan,nan,nan,nan,nan,nan,nan,nan,0.001000,nan,1.570796,0.350000,0.350000,0.350000,1.000000,nan,nan,nan,nan,nan,nan
25.290000,nan,nan,nan,nan,nan,nan,nan,nan,nan,nan,nan,nan,nan,0.001000,nan,1.570796,0.350000,0.350000,0.350000,1.000000,nan,nan,nan,nan,nan,nan
25.300000,nan,nan,nan,nan,nan,nan,nan,nan,nan,nan,nan,nan,nan,0.001000,nan,1.570796,0.350000,0.350000,0.350000,1.000000,nan,nan,nan,nan,nan,nan
25.310000,nan,nan,nan,nan,nan,nan,nan,nan,nan,nan,nan,nan,nan,0.001000,nan,1.570796,0.350000,0.350000,0.350000,1.000000,nan,nan,nan,nan,nan,nan
25.320000,nan,nan,nan,nan,nan,nan,nan,nan,nan,nan,nan,nan,nan,0.001000,nan,1.570796,0.350000,0.350000,0.350000,1.000000,nan,nan,nan,nan,nan,nan
25.330000,nan,nan,nan,nan,nan,nan,nan,nan,nan,nan,nan,nan,nan,0.001000,nan,1.570796,0.350000,0.350000,0.350000,1.000000,nan,nan,nan,nan,nan,nan
25.340000,nan,nan,nan,nan,nan,nan,nan,nan,nan,nan,nan,nan,nan,0.001000,nan,1.570796,0.350000,0.350000,0.350000,1.000000,nan,nan,nan,nan,nan,nan
25.350000,nan,nan,nan,nan,nan,nan,nan,nan,nan,nan,nan,nan,nan,0.001000,nan,1.570796,0.350000,0.350000,0.350000,1.000000,nan,nan,nan,nan,nan,nan
25.360000,nan,nan,nan,nan,nan,nan,nan,nan,nan,nan,nan,nan,nan,0.001000,nan,1.570796,0.350000,0.350000,0.350000,1.000000,nan,nan,nan,nan,nan,nan
25.370000,nan,nan,nan,nan,nan,nan,nan,nan,nan,nan,nan,nan,nan,0.001000,nan,1.570796,0.350000,0.350000,0.350000,1.000000,nan,nan,nan,nan,nan,nan
25.380000,nan,nan,nan,nan,nan,nan,nan,nan,nan,nan,nan,nan,nan,0.001000,nan,1.570796,0.350000,0.350000,0.350000,1.000000,nan,nan,nan,nan,nan,nan
25.390000,nan,nan,nan,nan,nan,nan,nan,nan,nan,nan,nan,nan,nan,0.001000,nan,1.570796,0.350000,0.350000,0.350000,1.000000,nan,nan,nan,nan,nan,nan
25.400000,nan,nan,nan,nan,nan,nan,nan,nan,nan,nan,nan,nan,nan,0.001000,nan,1.570796,0.350000,0.350000,0.350000,1.000000,nan,nan,nan,nan,nan,nan
25.410000,nan,nan,nan,nan,nan,nan,nan,nan,nan,nan,nan,nan,nan,0.001000,nan,1.570796,0.350000,0.350000,0.350000,1.000000,nan,nan,nan,nan,nan,nan
25.420000,nan,nan,nan,nan,nan,nan,nan,nan,nan,nan,nan,nan,nan,0.001000,nan,1.570796,0.350000,0.350000,0.350000,1.000000,nan,nan,nan,nan,nan,nan
25.430000,nan,nan,nan,nan,nan,nan,nan,nan,nan,nan,nan,nan,nan,0.001000,nan,1.570796,0.350000,0.350000,0.350000,1.000000,nan,nan,nan,nan,nan,nan
25.440000,nan,nan,nan,nan,nan,nan,nan,nan,nan,nan,nan,nan,nan,0.001000,nan,1.570796,0.350000,0.350000,0.350000,1.000000,nan,nan,nan,nan,nan,nan
25.450000,nan,nan,nan,nan,nan,nan,nan,nan,nan,nan,nan,nan,nan,0.001000,nan,1.570796,0.350000,0.350000,0.350000,1.000000,nan,nan,nan,nan,nan,nan
25.460000,nan,nan,nan,nan,nan,nan,nan,nan,nan,nan,nan,nan,nan,0.001000,nan,1.570796,0.350000,0.350000,0.350000,1.000000,nan,nan,nan,nan,nan,nan
25.470000,nan,nan,nan,nan,nan,nan,nan,nan,nan,nan,nan,nan,nan,0.001000,nan,1.570796,0.350000,0.350000,0.350000,1.000000,nan,nan,nan,nan,nan,nan
25.480000,nan,nan,nan,nan,nan,nan,nan,nan,nan,nan,nan,nan,nan,0.001000,nan,1.570796,0.350000,0.350000,0.350000,1.000000,nan,nan,nan,nan,nan,nan
25.490000,nan,nan,nan,nan,nan,nan,nan,nan,nan,nan,nan,nan,nan,0.001000,nan,1.570796,0.350000,0.350000,0.350000,1.000000,nan,nan,nan,nan,nan,nan
25.500000,nan,nan,nan,nan,nan,nan,nan,nan,nan,nan,nan,nan,nan,0.001000,nan,1.570796,0.350000,0.350000,0.350000,1.000000,nan,nan,nan,nan,nan,nan
25.510000,nan,nan,nan,nan,nan,nan,nan,nan,nan,nan,nan,nan,nan,0.001000,nan,1.570796,0.350000,0.350000,0.350000,1.000000,nan,nan,nan,nan,nan,nan
25.520000,nan,nan,nan,nan,nan,nan,nan,nan,nan,nan,nan,nan,nan,0.001000,nan,1.570796,0.350000,0.350000,0.350000,1.000000,nan,nan,nan,nan,nan,nan
25.530000,nan,nan,nan,nan,nan,nan,nan,nan,nan,nan,nan,nan,nan,0.001000,nan,1.570796,0.350000,0.350000,0.350000,1.000000,nan,nan,nan,nan,nan,nan
25.540000,nan,nan,nan,nan,nan,nan,nan,nan,nan,nan,nan,nan,nan,0.001000,nan,1.570796,0.350000,0.350000,0.350000,1.000000,nan,nan,nan,nan,nan,nan
25.550000,nan,nan,nan,nan,nan,nan,nan,nan,nan,nan,nan,nan,nan,0.001000,nan,1.570796,0.350000,0.350000,0.350000,1.000000,nan,nan,nan,nan,nan,nan
25.560000,nan,nan,nan,nan,nan,nan,nan,nan,nan,nan,nan,nan,nan,0.001000,nan,1.570796,0.350000,0.350000,0.350000,1.000000,nan,nan,nan,nan,nan,nan
25.570000,nan,nan,nan,nan,nan,nan,nan,nan,nan,nan,nan,nan,nan,0.001000,nan,1.570796,0.350000,0.350000,0.350000,1.000000,nan,nan,nan,nan,nan,nan
25.580000,nan,nan,nan,nan,nan,nan,nan,nan,nan,nan,nan,nan,nan,0.001000,nan,1.570796,0.350000,0.350000,0.350000,1.000000,nan,nan,nan,nan,nan,nan
25.590000,nan,nan,nan,nan,nan,nan,nan,nan,nan,nan,nan,nan,nan,0.001000,nan,1.570796,0.350000,0.350000,0.350000,1.000000,nan,nan,nan,nan,nan,nan
25.600000,nan,nan,nan,nan,nan,nan,nan,nan,nan,nan,nan,nan,nan,0.001000,nan,1.570796,0.350000,0.350000,0.350000,1.000000,nan,nan,nan,nan,nan,nan
25.610000,nan,nan,nan,nan,nan,nan,nan,nan,nan,nan,nan,nan,nan,0.001000,nan,1.570796,0.350000,0.350000,0.350000,1.000000,nan,nan,nan,nan,nan,nan
25.620000,nan,nan,nan,nan,nan,nan,nan,nan,nan,nan,nan,nan,nan,0.001000,nan,1.570796,0.350000,0.350000,0.350000,1.000000,nan,nan,nan,nan,nan,nan
25.630000,nan,nan,nan,nan,nan,nan,nan,nan,nan,nan,nan,nan,nan,0.001000,nan,1.570796,0.350000,0.350000,0.350000,1.000000,nan,nan,nan,nan,nan,nan
25.640000,nan,nan,nan,nan,nan,nan,nan,nan,nan,nan,nan,nan,nan,0.001000,nan,1.570796,0.350000,0.350000,0.350000,1.000000,nan,nan,nan,nan,nan,nan
25.650000,nan,nan,nan,nan,nan,nan,nan,nan,nan,nan,nan,nan,nan,0.001000,nan,1.570796,0.350000,0.350000,0.350000,1.000000,nan,nan,nan,nan,nan,nan
25.660000,nan,nan,nan,nan,nan,nan,nan,nan,nan,nan,nan,nan,nan,0.001000,nan,1.570796,0.350000,0.350000,0.350000,1.000000,nan,nan,nan,nan,nan,nan
25.670000,nan,nan,nan,nan,nan,nan,nan,nan,nan,nan,nan,nan,nan,0.001000,nan,1.570796,0.350000,0.350000,0.350000,1.000000,nan,nan,nan,nan,nan,nan
25.680000,nan,nan,nan,nan,nan,nan,nan,nan,nan,nan,nan,nan,nan,0.001000,nan,1.570796,0.350000,0.350000,0.350000,1.000000,nan,nan,nan,nan,nan,nan
25.690000,nan,nan,nan,nan,nan,nan,nan,nan,nan,nan,nan,nan,nan,0.001000,nan,1.570796,0.350000,0.350000,0.350000,1.000000,nan,nan,nan,nan,nan,nan
25.700000,nan,nan,nan,nan,nan,nan,nan,nan,nan,nan,nan,nan,nan,0.001000,nan,1.570796,0.350000,0.350000,0.350000,1.000000,nan,nan,nan,nan,nan,nan
25.710000,nan,nan,nan,nan,nan,nan,nan,nan,nan,nan,nan,nan,nan,0.001000,nan,1.570796,0.350000,0.350000,0.350000,1.000000,nan,nan,nan,nan,nan,nan
25.720000,nan,nan,nan,nan,nan,nan,nan,nan,nan,nan,nan,nan,nan,0.001000,nan,1.570796,0.350000,0.350000,0.350000,1.000000,nan,nan,nan,nan,nan,nan
25.730000,nan,nan,nan,nan,nan,nan,nan,nan,nan,nan,nan,nan,nan,0.001000,nan,1.570796,0.350000,0.350000,0.350000,1.000000,nan,nan,nan,nan,nan,nan
25.740000,nan,nan,nan,nan,nan,nan,nan,nan,nan,nan,nan,nan,nan,0.001000,nan,1.570796,0.350000,0.350000,0.350000,1.000000,nan,nan,nan,nan,nan,nan
25.750000,nan,nan,nan,nan,nan,nan,nan,nan,nan,nan,nan,nan,nan,0.001000,nan,1.570796,0.350000,0.350000,0.350000,1.000000,nan,nan,nan,nan,nan,nan
25.760000,nan,nan,nan,nan,nan,nan,nan,nan,nan,nan,nan,nan,nan,0.001000,nan,1.570796,0.350000,0.350000,0.350000,1.000000,nan,nan,nan,nan,nan,nan
25.770000,nan,nan,nan,nan,nan,nan,nan,nan,nan,nan,nan,nan,nan,0.001000,nan,1.570796,0.350000,0.350000,0.350000,1.000000,nan,nan,nan,nan,nan,nan
25.780000,nan,nan,nan,nan,nan,nan,nan,nan,nan,nan,nan,nan,nan,0.001000,nan,1.570796,0.350000,0.350000,0.350000,1.000000,nan,nan,nan,nan,nan,nan
25.790000,nan,nan,nan,nan,nan,nan,nan,nan,nan,nan,nan,nan,nan,0.001000,nan,1.570796,0.350000,0.350000,0.350000,1.000000,nan,nan,nan,nan,nan,nan
25.800000,nan,nan,nan,nan,nan,nan,nan,nan,nan,nan,nan,nan,nan,0.001000,nan,1.570796,0.350000,0.350000,0.350000,1.000000,nan,nan,nan,nan,nan,nan
25.810000,nan,nan,nan,nan,nan,nan,nan,nan,nan,nan,nan,nan,nan,0.001000,nan,1.570796,0.350000,0.350000,0.350000,1.000000,nan,nan,nan,nan,nan,nan
25.820000,nan,nan,nan,nan,nan,nan,nan,nan,nan,nan,nan,nan,nan,0.001000,nan,1.570796,0.350000,0.350000,0.350000,1.000000,nan,nan,nan,nan,nan,nan
25.830000,nan,nan,nan,nan,nan,nan,nan,nan,nan,nan,nan,nan,nan,0.001000,nan,1.570796,0.350000,0.350000,0.350000,1.000000,nan,nan,nan,nan,nan,nan
25.840000,nan,nan,nan,nan,nan,nan,nan,nan,nan,nan,nan,nan,nan,0.001000,nan,1.570796,0.350000,0.350000,0.350000,1.000000,nan,nan,nan,nan,nan,nan
25.850000,nan,nan,nan,nan,nan,nan,nan,nan,nan,nan,nan,nan,nan,0.001000,nan,1.570796,0.350000,0.350000,0.350000,1.000000,nan,nan,nan,nan,nan,nan
25.860000,nan,nan,nan,nan,nan,nan,nan,nan,nan,nan,nan,nan,nan,0.001000,nan,1.570796,0.350000,0.350000,0.350000,1.000000,nan,nan,nan,nan,nan,nan
25.870000,nan,nan,nan,nan,nan,nan,nan,nan,nan,nan,nan,nan,nan,0.001000,nan,1.570796,0.350000,0.350000,0.350000,1.000000,nan,nan,nan,nan,nan,nan
25.880000,nan,nan,nan,nan,nan,nan,nan,nan,nan,nan,nan,nan,nan,0.001000,nan,1.570796,0.350000,0.350000,0.350000,1.000000,nan,nan,nan,nan,nan,nan
25.890000,nan,nan,nan,nan,nan,nan,nan,nan,nan,nan,nan,nan,nan,0.001000,nan,1.570796,0.350000,0.350000,0.350000,1.000000,nan,nan,nan,nan,nan,nan
25.900000,nan,nan,nan,nan,nan,nan,nan,nan,nan,nan,nan,nan,nan,0.001000,nan,1.570796,0.350000,0.350000,0.350000,1.000000,nan,nan,nan,nan,nan,nan
25.910000,nan,nan,nan,nan,nan,nan,nan,nan,nan,nan,nan,nan,nan,0.001000,nan,1.570796,0.350000,0.350000,0.350000,1.000000,nan,nan,nan,nan,nan,nan
25.920000,nan,nan,nan,nan,nan,nan,nan,nan,nan,nan,nan,nan,nan,0.001000,nan,1.570796,0.350000,0.350000,0.350000,1.000000,nan,nan,nan,nan,nan,nan
25.930000,nan,nan,nan,nan,nan,nan,nan,nan,nan,nan,nan,nan,nan,0.001000,nan,1.570796,0.350000,0.350000,0.350000,1.000000,nan,nan,nan,nan,nan,nan
25.940000,nan,nan,nan,nan,nan,nan,nan,nan,nan,nan,nan,nan,nan,0.001000,nan,1.570796,0.350000,0.350000,0.350000,1.000000,nan,nan,nan,nan,nan,nan
25.950000,nan,nan,nan,nan,nan,nan,nan,nan,nan,nan,nan,nan,nan,0.001000,nan,1.570796,0.350000,0.350000,0.350000,1.000000,nan,nan,nan,nan,nan,nan
25.960000,nan,nan,nan,nan,nan,nan,nan,nan,nan,nan,nan,nan,nan,0.001000,nan,1.570796,0.350000,0.350000,0.350000,1.000000,nan,nan,nan,nan,nan,nan
25.970000,nan,nan,nan,nan,nan,nan,nan,nan,nan,nan,nan,nan,nan,0.001000,nan,1.570796,0.350000,0.350000,0.350000,1.000000,nan,nan,nan,nan,nan,nan
25.980000,nan,nan,nan,nan,nan,nan,nan,nan,nan,nan,nan,nan,nan,0.001000,nan,1.570796,0.350000,0.350000,0.350000,1.000000,nan,nan,nan,nan,nan,nan
25.990000,nan,nan,nan,nan,nan,nan,nan,nan,nan,nan,nan,nan,nan,0.001000,nan,1.570796,0.350000,0.350000,0.350000,1.000000,nan,nan,nan,nan,nan,nan
26.000000,nan,nan,nan,nan,nan,nan,nan,nan,nan,nan,nan,nan,nan,0.001000,nan,1.570796,0.350000,0.350000,0.350000,1.000000,nan,nan,nan,nan,nan,nan
26.010000,nan,nan,nan,nan,nan,nan,nan,nan,nan,nan,nan,nan,nan,0.001000,nan,1.570796,0.350000,0.350000,0.350000,1.000000,nan,nan,nan,nan,nan,nan
26.020000,nan,nan,nan,nan,nan,nan,nan,nan,nan,nan,nan,nan,nan,0.001000,nan,1.570796,0.350000,0.350000,0.350000,1.000000,nan,nan,nan,nan,nan,nan
26.030000,nan,nan,nan,nan,nan,nan,nan,nan,nan,nan,nan,nan,nan,0.001000,nan,1.570796,0.350000,0.350000,0.350000,1.000000,nan,nan,nan,nan,nan,nan
26.040000,nan,nan,nan,nan,nan,nan,nan,nan,nan,nan,nan,nan,nan,0.001000,nan,1.570796,0.350000,0.350000,0.350000,1.000000,nan,nan,nan,nan,nan,nan
26.050000,nan,nan,nan,nan,nan,nan,nan,nan,nan,nan,nan,nan,nan,0.001000,nan,1.570796,0.350000,0.350000,0.350000,1.000000,nan,nan,nan,nan,nan,nan
26.060000,nan,nan,nan,nan,nan,nan,nan,nan,nan,nan,nan,nan,nan,0.001000,nan,1.570796,0.350000,0.350000,0.350000,1.000000,nan,nan,nan,nan,nan,nan
26.070000,nan,nan,nan,nan,nan,nan,nan,nan,nan,nan,nan,nan,nan,0.001000,nan,1.570796,0.350000,0.350000,0.350000,1.000000,nan,nan,nan,nan,nan,nan
26.080000,nan,nan,nan,nan,nan,nan,nan,nan,nan,nan,nan,nan,nan,0.001000,nan,1.570796,0.350000,0.350000,0.350000,1.000000,nan,nan,nan,nan,nan,nan
26.090000,nan,nan,nan,nan,nan,nan,nan,nan,nan,nan,nan,nan,nan,0.001000,nan,1.570796,0.350000,0.350000,0.350000,1.000000,nan,nan,nan,nan,nan,nan
26.100000,nan,nan,nan,nan,nan,nan,nan,nan,nan,nan,nan,nan,nan,0.001000,nan,1.570796,0.350000,0.350000,0.350000,1.000000,nan,nan,nan,nan,nan,nan
26.110000,nan,nan,nan,nan,nan,nan,nan,nan,nan,nan,nan,nan,nan,0.001000,nan,1.570796,0.350000,0.350000,0.350000,1.000000,nan,nan,nan,nan,nan,nan
26.120000,nan,nan,nan,nan,nan,nan,nan,nan,nan,nan,nan,nan,nan,0.001000,nan,1.570796,0.350000,0.350000,0.350000,1.000000,nan,nan,nan,nan,nan,nan
26.130000,nan,nan,nan,nan,nan,nan,nan,nan,nan,nan,nan,nan,nan,0.001000,nan,1.570796,0.350000,0.350000,0.350000,1.000000,nan,nan,nan,nan,nan,nan
26.140000,nan,nan,nan,nan,nan,nan,nan,nan,nan,nan,nan,nan,nan,0.001000,nan,1.570796,0.350000,0.350000,0.350000,1.000000,nan,nan,nan,nan,nan,nan
26.150000,nan,nan,nan,nan,nan,nan,nan,nan,nan,nan,nan,nan,nan,0.001000,nan,1.570796,0.350000,0.350000,0.350000,1.000000,nan,nan,nan,nan,nan,nan
26.160000,nan,nan,nan,nan,nan,nan,nan,nan,nan,nan,nan,nan,nan,0.001000,nan,1.570796,0.350000,0.350000,0.350000,1.000000,nan,nan,nan,nan,nan,nan
26.170000,nan,nan,nan,nan,nan,nan,nan,nan,nan,nan,nan,nan,nan,0.001000,nan,1.570796,0.350000,0.350000,0.350000,1.000000,nan,nan,nan,nan,nan,nan
26.180000,nan,nan,nan,nan,nan,nan,nan,nan,nan,nan,nan,nan,nan,0.001000,nan,1.570796,0.350000,0.350000,0.350000,1.000000,nan,nan,nan,nan,nan,nan
26.190000,nan,nan,nan,nan,nan,nan,nan,nan,nan,nan,nan,nan,nan,0.001000,nan,1.570796,0.350000,0.350000,0.350000,1.000000,nan,nan,nan,nan,nan,nan
26.200000,nan,nan,nan,nan,nan,nan,nan,nan,nan,nan,nan,nan,nan,0.001000,nan,1.570796,0.350000,0.350000,0.350000,1.000000,nan,nan,nan,nan,nan,nan
26.210000,nan,nan,nan,nan,nan,nan,nan,nan,nan,nan,nan,nan,nan,0.001000,nan,1.570796,0.350000,0.350000,0.350000,1.000000,nan,nan,nan,nan,nan,nan
26.220000,nan,nan,nan,nan,nan,nan,nan,nan,nan,nan,nan,nan,nan,0.001000,nan,1.570796,0.350000,0.350000,0.350000,1.000000,nan,nan,nan,nan,nan,nan
26.230000,nan,nan,nan,nan,nan,nan,nan,nan,nan,nan,nan,nan,nan,0.001000,nan,1.570796,0.350000,0.350000,0.350000,1.000000,nan,nan,nan,nan,nan,nan
26.240000,nan,nan,nan,nan,nan,nan,nan,nan,nan,nan,nan,nan,nan,0.001000,nan,1.570796,0.350000,0.350000,0.350000,1.000000,nan,nan,nan,nan,nan,nan
26.250000,nan,nan,nan,nan,nan,nan,nan,nan,nan,nan,nan,nan,nan,0.001000,nan,1.570796,0.350000,0.350000,0.350000,1.000000,nan,nan,nan,nan,nan,nan
26.260000,nan,nan,nan,nan,nan,nan,nan,nan,nan,nan,nan,nan,nan,0.001000,nan,1.570796,0.350000,0.350000,0.350000,1.000000,nan,nan,nan,nan,nan,nan
26.270000,nan,nan,nan,nan,nan,nan,nan,nan,nan,nan,nan,nan,nan,0.001000,nan,1.570796,0.350000,0.350000,0.350000,1.000000,nan,nan,nan,nan,nan,nan
26.280000,nan,nan,nan,nan,nan,nan,nan,nan,nan,nan,nan,nan,nan,0.001000,nan,1.570796,0.350000,0.350000,0.350000,1.000000,nan,nan,nan,nan,nan,nan
26.290000,nan,nan,nan,nan,nan,nan,nan,nan,nan,nan,nan,nan,nan,0.001000,nan,1.570796,0.350000,0.350000,0.350000,1.000000,nan,nan,nan,nan,nan,nan
26.300000,nan,nan,nan,nan,nan,nan,nan,nan,nan,nan,nan,nan,nan,0.001000,nan,1.570796,0.350000,0.350000,0.350000,1.000000,nan,nan,nan,nan,nan,nan
26.310000,nan,nan,nan,nan,nan,nan,nan,nan,nan,nan,nan,nan,nan,0.001000,nan,1.570796,0.350000,0.350000,0.350000,1.000000,nan,nan,nan,nan,nan,nan
26.320000,nan,nan,nan,nan,nan,nan,nan,nan,nan,nan,nan,nan,nan,0.001000,nan,1.570796,0.350000,0.350000,0.350000,1.000000,nan,nan,nan,nan,nan,nan
26.330000,nan,nan,nan,nan,nan,nan,nan,nan,nan,nan,nan,nan,nan,0.001000,nan,1.570796,0.350000,0.350000,0.350000,1.000000,nan,nan,nan,nan,nan,nan
26.340000,nan,nan,nan,nan,nan,nan,nan,nan,nan,nan,nan,nan,nan,0.001000,nan,1.570796,0.350000,0.350000,0.350000,1.000000,nan,nan,nan,nan,nan,nan
26.350000,nan,nan,nan,nan,nan,nan,nan,nan,nan,nan,nan,nan,nan,0.001000,nan,1.570796,0.350000,0.350000,0.350000,1.000000,nan,nan,nan,nan,nan,nan
26.360000,nan,nan,nan,nan,nan,nan,nan,nan,nan,nan,nan,nan,nan,0.001000,nan,1.570796,0.350000,0.350000,0.350000,1.000000,nan,nan,nan,nan,nan,nan
26.370000,nan,nan,nan,nan,nan,nan,nan,nan,nan,nan,nan,nan,nan,0.001000,nan,1.570796,0.350000,0.350000,0.350000,1.000000,nan,nan,nan,nan,nan,nan
26.380000,nan,nan,nan,nan,nan,nan,nan,nan,nan,nan,nan,nan,nan,0.001000,nan,1.570796,0.350000,0.350000,0.350000,1.000000,nan,nan,nan,nan,nan,nan
26.390000,nan,nan,nan,nan,nan,nan,nan,nan,nan,nan,nan,nan,nan,0.001000,nan,1.570796,0.350000,0.350000,0.350000,1.000000,nan,nan,nan,nan,nan,nan
26.400000,nan,nan,nan,nan,nan,nan,nan,nan,nan,nan,nan,nan,nan,0.001000,nan,1.570796,0.350000,0.350000,0.350000,1.000000,nan,nan,nan,nan,nan,nan
26.410000,nan,nan,nan,nan,nan,nan,nan,nan,nan,nan,nan,nan,nan,0.001000,nan,1.570796,0.350000,0.350000,0.350000,1.000000,nan,nan,nan,nan,nan,nan
26.420000,nan,nan,nan,nan,nan,nan,nan,nan,nan,nan,nan,nan,nan,0.001000,nan,1.570796,0.350000,0.350000,0.350000,1.000000,nan,nan,nan,nan,nan,nan
26.430000,nan,nan,nan,nan,nan,nan,nan,nan,nan,nan,nan,nan,nan,0.001000,nan,1.570796,0.350000,0.350000,0.350000,1.000000,nan,nan,nan,nan,nan,nan
26.440000,nan,nan,nan,nan,nan,nan,nan,nan,nan,nan,nan,nan,nan,0.001000,nan,1.570796,0.350000,0.350000,0.350000,1.000000,nan,nan,nan,nan,nan,nan
26.450000,nan,nan,nan,nan,nan,nan,nan,nan,nan,nan,nan,nan,nan,0.001000,nan,1.570796,0.350000,0.350000,0.350000,1.000000,nan,nan,nan,nan,nan,nan
26.460000,nan,nan,nan,nan,nan,nan,nan,nan,nan,nan,nan,nan,nan,0.001000,nan,1.570796,0.350000,0.350000,0.350000,1.000000,nan,nan,nan,nan,nan,nan
26.470000,nan,nan,nan,nan,nan,nan,nan,nan,nan,nan,nan,nan,nan,0.001000,nan,1.570796,0.350000,0.350000,0.350000,1.000000,nan,nan,nan,nan,nan,nan
26.480000,nan,nan,nan,nan,nan,nan,nan,nan,nan,nan,nan,nan,nan,0.001000,nan,1.570796,0.350000,0.350000,0.350000,1.000000,nan,nan,nan,nan,nan,nan
26.490000,nan,nan,nan,nan,nan,nan,nan,nan,nan,nan,nan,nan,nan,0.001000,nan,1.570796,0.350000,0.350000,0.350000,1.000000,nan,nan,nan,nan,nan,nan
26.500000,nan,nan,nan,nan,nan,nan,nan,nan,nan,nan,nan,nan,nan,0.001000,nan,1.570796,0.350000,0.350000,0.350000,1.000000,nan,nan,nan,nan,nan,nan
26.510000,nan,nan,nan,nan,nan,nan,nan,nan,nan,nan,nan,nan,nan,0.001000,nan,1.570796,0.350000,0.350000,0.350000,1.000000,nan,nan,nan,nan,nan,nan
26.520000,nan,nan,nan,nan,nan,nan,nan,nan,nan,nan,nan,nan,nan,0.001000,nan,1.570796,0.350000,0.350000,0.350000,1.000000,nan,nan,nan,nan,nan,nan
26.530000,nan,nan,nan,nan,nan,nan,nan,nan,nan,nan,nan,nan,nan,0.001000,nan,1.570796,0.350000,0.350000,0.350000,1.000000,nan,nan,nan,nan,nan,nan
26.540000,nan,nan,nan,nan,nan,nan,nan,nan,nan,nan,nan,nan,nan,0.001000,nan,1.570796,0.350000,0.350000,0.350000,1.000000,nan,nan,nan,nan,nan,nan
26.550000,nan,nan,nan,nan,nan,nan,nan,nan,nan,nan,nan,nan,nan,0.001000,nan,1.570796,0.350000,0.350000,0.350000,1.000000,nan,nan,nan,nan,nan,nan
26.560000,nan,nan,nan,nan,nan,nan,nan,nan,nan,nan,nan,nan,nan,0.001000,nan,1.570796,0.350000,0.350000,0.350000,1.000000,nan,nan,nan,nan,nan,nan
26.570000,nan,nan,nan,nan,nan,nan,nan,nan,nan,nan,nan,nan,nan,0.001000,nan,1.570796,0.350000,0.350000,0.350000,1.000000,nan,nan,nan,nan,nan,nan
26.580000,nan,nan,nan,nan,nan,nan,nan,nan,nan,nan,nan,nan,nan,0.001000,nan,1.570796,0.350000,0.350000,0.350000,1.000000,nan,nan,nan,nan,nan,nan
26.590000,nan,nan,nan,nan,nan,nan,nan,nan,nan,nan,nan,nan,nan,0.001000,nan,1.570796,0.350000,0.350000,0.350000,1.000000,nan,nan,nan,nan,nan,nan
26.600000,nan,nan,nan,nan,nan,nan,nan,nan,nan,nan,nan,nan,nan,0.001000,nan,1.570796,0.350000,0.350000,0.350000,1.000000,nan,nan,nan,nan,nan,nan
26.610000,nan,nan,nan,nan,nan,nan,nan,nan,nan,nan,nan,nan,nan,0.001000,nan,1.570796,0.350000,0.350000,0.350000,1.000000,nan,nan,nan,nan,nan,nan
26.620000,nan,nan,nan,nan,nan,nan,nan,nan,nan,nan,nan,nan,nan,0.001000,nan,1.570796,0.350000,0.350000,0.350000,1.000000,nan,nan,nan,nan,nan,nan
26.630000,nan,nan,nan,nan,nan,nan,nan,nan,nan,nan,nan,nan,nan,0.001000,nan,1.570796,0.350000,0.350000,0.350000,1.000000,nan,nan,nan,nan,nan,nan
26.640000,nan,nan,nan,nan,nan,nan,nan,nan,nan,nan,nan,nan,nan,0.001000,nan,1.570796,0.350000,0.350000,0.350000,1.000000,nan,nan,nan,nan,nan,nan
26.650000,nan,nan,nan,nan,nan,nan,nan,nan,nan,nan,nan,nan,nan,0.001000,nan,1.570796,0.350000,0.350000,0.350000,1.000000,nan,nan,nan,nan,nan,nan
26.660000,nan,nan,nan,nan,nan,nan,nan,nan,nan,nan,nan,nan,nan,0.001000,nan,1.570796,0.350000,0.350000,0.350000,1.000000,nan,nan,nan,nan,nan,nan
26.670000,nan,nan,nan,nan,nan,nan,nan,nan,nan,nan,nan,nan,nan,0.001000,nan,1.570796,0.350000,0.350000,0.350000,1.000000,nan,nan,nan,nan,nan,nan
26.680000,nan,nan,nan,nan,nan,nan,nan,nan,nan,nan,nan,nan,nan,0.001000,nan,1.570796,0.350000,0.350000,0.350000,1.000000,nan,nan,nan,nan,nan,nan
26.690000,nan,nan,nan,nan,nan,nan,nan,nan,nan,nan,nan,nan,nan,0.001000,nan,1.570796,0.350000,0.350000,0.350000,1.000000,nan,nan,nan,nan,nan,nan
26.700000,nan,nan,nan,nan,nan,nan,nan,nan,nan,nan,nan,nan,nan,0.001000,nan,1.570796,0.350000,0.350000,0.350000,1.000000,nan,nan,nan,nan,nan,nan
26.710000,nan,nan,nan,nan,nan,nan,nan,nan,nan,nan,nan,nan,nan,0.001000,nan,1.570796,0.350000,0.350000,0.350000,1.000000,nan,nan,nan,nan,nan,nan
26.720000,nan,nan,nan,nan,nan,nan,nan,nan,nan,nan,nan,nan,nan,0.001000,nan,1.570796,0.350000,0.350000,0.350000,1.000000,nan,nan,nan,nan,nan,nan
26.730000,nan,nan,nan,nan,nan,nan,nan,nan,nan,nan,nan,nan,nan,0.001000,nan,1.570796,0.350000,0.350000,0.350000,1.000000,nan,nan,nan,nan,nan,nan
26.740000,nan,nan,nan,nan,nan,nan,nan,nan,nan,nan,nan,nan,nan,0.001000,nan,1.570796,0.350000,0.350000,0.350000,1.000000,nan,nan,nan,nan,nan,nan
26.750000,nan,nan,nan,nan,nan,nan,nan,nan,nan,nan,nan,nan,nan,0.001000,nan,1.570796,0.350000,0.350000,0.350000,1.000000,nan,nan,nan,nan,nan,nan
26.760000,nan,nan,nan,nan,nan,nan,nan,nan,nan,nan,nan,nan,nan,0.001000,nan,1.570796,0.350000,0.350000,0.350000,1.000000,nan,nan,nan,nan,nan,nan
26.770000,nan,nan,nan,nan,nan,nan,nan,nan,nan,nan,nan,nan,nan,0.001000,nan,1.570796,0.350000,0.350000,0.350000,1.000000,nan,nan,nan,nan,nan,nan
26.780000,nan,nan,nan,nan,nan,nan,nan,nan,nan,nan,nan,nan,nan,0.001000,nan,1.570796,0.350000,0.350000,0.350000,1.000000,nan,nan,nan,nan,nan,nan
26.790000,nan,nan,nan,nan,nan,nan,nan,nan,nan,nan,nan,nan,nan,0.001000,nan,1.570796,0.350000,0.350000,0.350000,1.000000,nan,nan,nan,nan,nan,nan
26.800000,nan,nan,nan,nan,nan,nan,nan,nan,nan,nan,nan,nan,nan,0.001000,nan,1.570796,0.350000,0.350000,0.350000,1.000000,nan,nan,nan,nan,nan,nan
26.810000,nan,nan,nan,nan,nan,nan,nan,nan,nan,nan,nan,nan,nan,0.001000,nan,1.570796,0.350000,0.350000,0.350000,1.000000,nan,nan,nan,nan,nan,nan
26.820000,nan,nan,nan,nan,nan,nan,nan,nan,nan,nan,nan,nan,nan,0.001000,nan,1.570796,0.350000,0.350000,0.350000,1.000000,nan,nan,nan,nan,nan,nan
26.830000,nan,nan,nan,nan,nan,nan,nan,nan,nan,nan,nan,nan,nan,0.001000,nan,1.570796,0.350000,0.350000,0.350000,1.000000,nan,nan,nan,nan,nan,nan
26.840000,nan,nan,nan,nan,nan,nan,nan,nan,nan,nan,nan,nan,nan,0.001000,nan,1.570796,0.350000,0.350000,0.350000,1.000000,nan,nan,nan,nan,nan,nan
26.850000,nan,nan,nan,nan,nan,nan,nan,nan,nan,nan,nan,nan,nan,0.001000,nan,1.570796,0.350000,0.350000,0.350000,1.000000,nan,nan,nan,nan,nan,nan
26.860000,nan,nan,nan,nan,nan,nan,nan,nan,nan,nan,nan,nan,nan,0.001000,nan,1.570796,0.350000,0.350000,0.350000,1.000000,nan,nan,nan,nan,nan,nan
26.870000,nan,nan,nan,nan,nan,nan,nan,nan,nan,nan,nan,nan,nan,0.001000,nan,1.570796,0.350000,0.350000,0.350000,1.000000,nan,nan,nan,nan,nan,nan
26.880000,nan,nan,nan,nan,nan,nan,nan,nan,nan,nan,nan,nan,nan,0.001000,nan,1.570796,0.350000,0.350000,0.350000,1.000000,nan,nan,nan,nan,nan,nan
26.890000,nan,nan,nan,nan,nan,nan,nan,nan,nan,nan,nan,nan,nan,0.001000,nan,1.570796,0.350000,0.350000,0.350000,1.000000,nan,nan,nan,nan,nan,nan
26.900000,nan,nan,nan,nan,nan,nan,nan,nan,nan,nan,nan,nan,nan,0.001000,nan,1.570796,0.350000,0.350000,0.350000,1.000000,nan,nan,nan,nan,nan,nan
26.910000,nan,nan,nan,nan,nan,nan,nan,nan,nan,nan,nan,nan,nan,0.001000,nan,1.570796,0.350000,0.350000,0.350000,1.000000,nan,nan,nan,nan,nan,nan
26.920000,nan,nan,nan,nan,nan,nan,nan,nan,nan,nan,nan,nan,nan,0.001000,nan,1.570796,0.350000,0.350000,0.350000,1.000000,nan,nan,nan,nan,nan,nan
26.930000,nan,nan,nan,nan,nan,nan,nan,nan,nan,nan,nan,nan,nan,0.001000,nan,1.570796,0.350000,0.350000,0.350000,1.000000,nan,nan,nan,nan,nan,nan
26.940000,nan,nan,nan,nan,nan,nan,nan,nan,nan,nan,nan,nan,nan,0.001000,nan,1.570796,0.350000,0.350000,0.350000,1.000000,nan,nan,nan,nan,nan,nan
26.950000,nan,nan,nan,nan,nan,nan,nan,nan,nan,nan,nan,nan,nan,0.001000,nan,1.570796,0.350000,0.350000,0.350000,1.000000,nan,nan,nan,nan,nan,nan
26.960000,nan,nan,nan,nan,nan,nan,nan,nan,nan,nan,nan,nan,nan,0.001000,nan,1.570796,0.350000,0.350000,0.350000,1.000000,nan,nan,nan,nan,nan,nan
26.970000,nan,nan,nan,nan,nan,nan,nan,nan,nan,nan,nan,nan,nan,0.001000,nan,1.570796,0.350000,0.350000,0.350000,1.000000,nan,nan,nan,nan,nan,nan
26.980000,nan,nan,nan,nan,nan,nan,nan,nan,nan,nan,nan,nan,nan,0.001000,nan,1.570796,0.350000,0.350000,0.350000,1.000000,nan,nan,nan,nan,nan,nan
26.990000,nan,nan,nan,nan,nan,nan,nan,nan,nan,nan,nan,nan,nan,0.001000,nan,1.570796,0.350000,0.350000,0.350000,1.000000,nan,nan,nan,nan,nan,nan
27.000000,nan,nan,nan,nan,nan,nan,nan,nan,nan,nan,nan,nan,nan,0.001000,nan,1.570796,0.350000,0.350000,0.350000,1.000000,nan,nan,nan,nan,nan,nan
27.010000,nan,nan,nan,nan,nan,nan,nan,nan,nan,nan,nan,nan,nan,0.001000,nan,1.570796,0.350000,0.350000,0.350000,1.000000,nan,nan,nan,nan,nan,nan
27.020000,nan,nan,nan,nan,nan,nan,nan,nan,nan,nan,nan,nan,nan,0.001000,nan,1.570796,0.350000,0.350000,0.350000,1.000000,nan,nan,nan,nan,nan,nan
27.030000,nan,nan,nan,nan,nan,nan,nan,nan,nan,nan,nan,nan,nan,0.001000,nan,1.570796,0.350000,0.350000,0.350000,1.000000,nan,nan,nan,nan,nan,nan
27.040000,nan,nan,nan,nan,nan,nan,nan,nan,nan,nan,nan,nan,nan,0.001000,nan,1.570796,0.350000,0.350000,0.350000,1.000000,nan,nan,nan,nan,nan,nan
27.050000,nan,nan,nan,nan,nan,nan,nan,nan,nan,nan,nan,nan,nan,0.001000,nan,1.570796,0.350000,0.350000,0.350000,1.000000,nan,nan,nan,nan,nan,nan
27.060000,nan,nan,nan,nan,nan,nan,nan,nan,nan,nan,nan,nan,nan,0.001000,nan,1.570796,0.350000,0.350000,0.350000,1.000000,nan,nan,nan,nan,nan,nan
27.070000,nan,nan,nan,nan,nan,nan,nan,nan,nan,nan,nan,nan,nan,0.001000,nan,1.570796,0.350000,0.350000,0.350000,1.000000,nan,nan,nan,nan,nan,nan
27.080000,nan,nan,nan,nan,nan,nan,nan,nan,nan,nan,nan,nan,nan,0.001000,nan,1.570796,0.350000,0.350000,0.350000,1.000000,nan,nan,nan,nan,nan,nan
27.090000,nan,nan,nan,nan,nan,nan,nan,nan,nan,nan,nan,nan,nan,0.001000,nan,1.570796,0.350000,0.350000,0.350000,1.000000,nan,nan,nan,nan,nan,nan
27.100000,nan,nan,nan,nan,nan,nan,nan,nan,nan,nan,nan,nan,nan,0.001000,nan,1.570796,0.350000,0.350000,0.350000,1.000000,nan,nan,nan,nan,nan,nan
27.110000,nan,nan,nan,nan,nan,nan,nan,nan,nan,nan,nan,nan,nan,0.001000,nan,1.570796,0.350000,0.350000,0.350000,1.000000,nan,nan,nan,nan,nan,nan
27.120000,nan,nan,nan,nan,nan,nan,nan,nan,nan,nan,nan,nan,nan,0.001000,nan,1.570796,0.350000,0.350000,0.350000,1.000000,nan,nan,nan,nan,nan,nan
27.130000,nan,nan,nan,nan,nan,nan,nan,nan,nan,nan,nan,nan,nan,0.001000,nan,1.570796,0.350000,0.350000,0.350000,1.000000,nan,nan,nan,nan,nan,nan
27.140000,nan,nan,nan,nan,nan,nan,nan,nan,nan,nan,nan,nan,nan,0.001000,nan,1.570796,0.350000,0.350000,0.350000,1.000000,nan,nan,nan,nan,nan,nan
27.150000,nan,nan,nan,nan,nan,nan,nan,nan,nan,nan,nan,nan,nan,0.001000,nan,1.570796,0.350000,0.350000,0.350000,1.000000,nan,nan,nan,nan,nan,nan
27.160000,nan,nan,nan,nan,nan,nan,nan,nan,nan,nan,nan,nan,nan,0.001000,nan,1.570796,0.350000,0.350000,0.350000,1.000000,nan,nan,nan,nan,nan,nan
27.170000,nan,nan,nan,nan,nan,nan,nan,nan,nan,nan,nan,nan,nan,0.001000,nan,1.570796,0.350000,0.350000,0.350000,1.000000,nan,nan,nan,nan,nan,nan
27.180000,nan,nan,nan,nan,nan,nan,nan,nan,nan,nan,nan,nan,nan,0.001000,nan,1.570796,0.350000,0.350000,0.350000,1.000000,nan,nan,nan,nan,nan,nan
27.190000,nan,nan,nan,nan,nan,nan,nan,nan,nan,nan,nan,nan,nan,0.001000,nan,1.570796,0.350000,0.350000,0.350000,1.000000,nan,nan,nan,nan,nan,nan
27.200000,nan,nan,nan,nan,nan,nan,nan,nan,nan,nan,nan,nan,nan,0.001000,nan,1.570796,0.350000,0.350000,0.350000,1.000000,nan,nan,nan,nan,nan,nan
27.210000,nan,nan,nan,nan,nan,nan,nan,nan,nan,nan,nan,nan,nan,0.001000,nan,1.570796,0.350000,0.350000,0.350000,1.000000,nan,nan,nan,nan,nan,nan
27.220000,nan,nan,nan,nan,nan,nan,nan,nan,nan,nan,nan,nan,nan,0.001000,nan,1.570796,0.350000,0.350000,0.350000,1.000000,nan,nan,nan,nan,nan,nan
27.230000,nan,nan,nan,nan,nan,nan,nan,nan,nan,nan,nan,nan,nan,0.001000,nan,1.570796,0.350000,0.350000,0.350000,1.000000,nan,nan,nan,nan,nan,nan
27.240000,nan,nan,nan,nan,nan,nan,nan,nan,nan,nan,nan,nan,nan,0.001000,nan,1.570796,0.350000,0.350000,0.350000,1.000000,nan,nan,nan,nan,nan,nan
27.250000,nan,nan,nan,nan,nan,nan,nan,nan,nan,nan,nan,nan,nan,0.001000,nan,1.570796,0.350000,0.350000,0.350000,1.000000,nan,nan,nan,nan,nan,nan
27.260000,nan,nan,nan,nan,nan,nan,nan,nan,nan,nan,nan,nan,nan,0.001000,nan,1.570796,0.350000,0.350000,0.350000,1.000000,nan,nan,nan,nan,nan,nan
27.270000,nan,nan,nan,nan,nan,nan,nan,nan,nan,nan,nan,nan,nan,0.001000,nan,1.570796,0.350000,0.350000,0.350000,1.000000,nan,nan,nan,nan,nan,nan
27.280000,nan,nan,nan,nan,nan,nan,nan,nan,nan,nan,nan,nan,nan,0.001000,nan,1.570796,0.350000,0.350000,0.350000,1.000000,nan,nan,nan,nan,nan,nan
27.290000,nan,nan,nan,nan,nan,nan,nan,nan,nan,nan,nan,nan,nan,0.001000,nan,1.570796,0.350000,0.350000,0.350000,1.000000,nan,nan,nan,nan,nan,nan
27.300000,nan,nan,nan,nan,nan,nan,nan,nan,nan,nan,nan,nan,nan,0.001000,nan,1.570796,0.350000,0.350000,0.350000,1.000000,nan,nan,nan,nan,nan,nan
27.310000,nan,nan,nan,nan,nan,nan,nan,nan,nan,nan,nan,nan,nan,0.001000,nan,1.570796,0.350000,0.350000,0.350000,1.000000,nan,nan,nan,nan,nan,nan
27.320000,nan,nan,nan,nan,nan,nan,nan,nan,nan,nan,nan,nan,nan,0.001000,nan,1.570796,0.350000,0.350000,0.350000,1.000000,nan,nan,nan,nan,nan,nan
27.330000,nan,nan,nan,nan,nan,nan,nan,nan,nan,nan,nan,nan,nan,0.001000,nan,1.570796,0.350000,0.350000,0.350000,1.000000,nan,nan,nan,nan,nan,nan
27.340000,nan,nan,nan,nan,nan,nan,nan,nan,nan,nan,nan,nan,nan,0.001000,nan,1.570796,0.350000,0.350000,0.350000,1.000000,nan,nan,nan,nan,nan,nan
27.350000,nan,nan,nan,nan,nan,nan,nan,nan,nan,nan,nan,nan,nan,0.001000,nan,1.570796,0.350000,0.350000,0.350000,1.000000,nan,nan,nan,nan,nan,nan
27.360000,nan,nan,nan,nan,nan,nan,nan,nan,nan,nan,nan,nan,nan,0.001000,nan,1.570796,0.350000,0.350000,0.350000,1.000000,nan,nan,nan,nan,nan,nan
27.370000,nan,nan,nan,nan,nan,nan,nan,nan,nan,nan,nan,nan,nan,0.001000,nan,1.570796,0.350000,0.350000,0.350000,1.000000,nan,nan,nan,nan,nan,nan
27.380000,nan,nan,nan,nan,nan,nan,nan,nan,nan,nan,nan,nan,nan,0.001000,nan,1.570796,0.350000,0.350000,0.350000,1.000000,nan,nan,nan,nan,nan,nan
27.390000,nan,nan,nan,nan,nan,nan,nan,nan,nan,nan,nan,nan,nan,0.001000,nan,1.570796,0.350000,0.350000,0.350000,1.000000,nan,nan,nan,nan,nan,nan
27.400000,nan,nan,nan,nan,nan,nan,nan,nan,nan,nan,nan,nan,nan,0.001000,nan,1.570796,0.350000,0.350000,0.350000,1.000000,nan,nan,nan,nan,nan,nan
27.410000,nan,nan,nan,nan,nan,nan,nan,nan,nan,nan,nan,nan,nan,0.001000,nan,1.570796,0.350000,0.350000,0.350000,1.000000,nan,nan,nan,nan,nan,nan
27.420000,nan,nan,nan,nan,nan,nan,nan,nan,nan,nan,nan,nan,nan,0.001000,nan,1.570796,0.350000,0.350000,0.350000,1.000000,nan,nan,nan,nan,nan,nan
27.430000,nan,nan,nan,nan,nan,nan,nan,nan,nan,nan,nan,nan,nan,0.001000,nan,1.570796,0.350000,0.350000,0.350000,1.000000,nan,nan,nan,nan,nan,nan
27.440000,nan,nan,nan,nan,nan,nan,nan,nan,nan,nan,nan,nan,nan,0.001000,nan,1.570796,0.350000,0.350000,0.350000,1.000000,nan,nan,nan,nan,nan,nan
27.450000,nan,nan,nan,nan,nan,nan,nan,nan,nan,nan,nan,nan,nan,0.001000,nan,1.570796,0.350000,0.350000,0.350000,1.000000,nan,nan,nan,nan,nan,nan
27.460000,nan,nan,nan,nan,nan,nan,nan,nan,nan,nan,nan,nan,nan,0.001000,nan,1.570796,0.350000,0.350000,0.350000,1.000000,nan,nan,nan,nan,nan,nan
27.470000,nan,nan,nan,nan,nan,nan,nan,nan,nan,nan,nan,nan,nan,0.001000,nan,1.570796,0.350000,0.350000,0.350000,1.000000,nan,nan,nan,nan,nan,nan
27.480000,nan,nan,nan,nan,nan,nan,nan,nan,nan,nan,nan,nan,nan,0.001000,nan,1.570796,0.350000,0.350000,0.350000,1.000000,nan,nan,nan,nan,nan,nan
27.490000,nan,nan,nan,nan,nan,nan,nan,nan,nan,nan,nan,nan,nan,0.001000,nan,1.570796,0.350000,0.350000,0.350000,1.000000,nan,nan,nan,nan,nan,nan
27.500000,nan,nan,nan,nan,nan,nan,nan,nan,nan,nan,nan,nan,nan,0.001000,nan,1.570796,0.350000,0.350000,0.350000,1.000000,nan,nan,nan,nan,nan,nan
27.510000,nan,nan,nan,nan,nan,nan,nan,nan,nan,nan,nan,nan,nan,0.001000,nan,1.570796,0.350000,0.350000,0.350000,1.000000,nan,nan,nan,nan,nan,nan
27.520000,nan,nan,nan,nan,nan,nan,nan,nan,nan,nan,nan,nan,nan,0.001000,nan,1.570796,0.350000,0.350000,0.350000,1.000000,nan,nan,nan,nan,nan,nan
27.530000,nan,nan,nan,nan,nan,nan,nan,nan,nan,nan,nan,nan,nan,0.001000,nan,1.570796,0.350000,0.350000,0.350000,1.000000,nan,nan,nan,nan,nan,nan
27.540000,nan,nan,nan,nan,nan,nan,nan,nan,nan,nan,nan,nan,nan,0.001000,nan,1.570796,0.350000,0.350000,0.350000,1.000000,nan,nan,nan,nan,nan,nan
27.550000,nan,nan,nan,nan,nan,nan,nan,nan,nan,nan,nan,nan,nan,0.001000,nan,1.570796,0.350000,0.350000,0.350000,1.000000,nan,nan,nan,nan,nan,nan
27.560000,nan,nan,nan,nan,nan,nan,nan,nan,nan,nan,nan,nan,nan,0.001000,nan,1.570796,0.350000,0.350000,0.350000,1.000000,nan,nan,nan,nan,nan,nan
27.570000,nan,nan,nan,nan,nan,nan,nan,nan,nan,nan,nan,nan,nan,0.001000,nan,1.570796,0.350000,0.350000,0.350000,1.000000,nan,nan,nan,nan,nan,nan
27.580000,nan,nan,nan,nan,nan,nan,nan,nan,nan,nan,nan,nan,nan,0.001000,nan,1.570796,0.350000,0.350000,0.350000,1.000000,nan,nan,nan,nan,nan,nan
27.590000,nan,nan,nan,nan,nan,nan,nan,nan,nan,nan,nan,nan,nan,0.001000,nan,1.570796,0.350000,0.350000,0.350000,1.000000,nan,nan,nan,nan,nan,nan
27.600000,nan,nan,nan,nan,nan,nan,nan,nan,nan,nan,nan,nan,nan,0.001000,nan,1.570796,0.350000,0.350000,0.350000,1.000000,nan,nan,nan,nan,nan,nan
27.610000,nan,nan,nan,nan,nan,nan,nan,nan,nan,nan,nan,nan,nan,0.001000,nan,1.570796,0.350000,0.350000,0.350000,1.000000,nan,nan,nan,nan,nan,nan
27.620000,nan,nan,nan,nan,nan,nan,nan,nan,nan,nan,nan,nan,nan,0.001000,nan,1.570796,0.350000,0.350000,0.350000,1.000000,nan,nan,nan,nan,nan,nan
27.630000,nan,nan,nan,nan,nan,nan,nan,nan,nan,nan,nan,nan,nan,0.001000,nan,1.570796,0.350000,0.350000,0.350000,1.000000,nan,nan,nan,nan,nan,nan
27.640000,nan,nan,nan,nan,nan,nan,nan,nan,nan,nan,nan,nan,nan,0.001000,nan,1.570796,0.350000,0.350000,0.350000,1.000000,nan,nan,nan,nan,nan,nan
27.650000,nan,nan,nan,nan,nan,nan,nan,nan,nan,nan,nan,nan,nan,0.001000,nan,1.570796,0.350000,0.350000,0.350000,1.000000,nan,nan,nan,nan,nan,nan
27.660000,nan,nan,nan,nan,nan,nan,nan,nan,nan,nan,nan,nan,nan,0.001000,nan,1.570796,0.350000,0.350000,0.350000,1.000000,nan,nan,nan,nan,nan,nan
27.670000,nan,nan,nan,nan,nan,nan,nan,nan,nan,nan,nan,nan,nan,0.001000,nan,1.570796,0.350000,0.350000,0.350000,1.000000,nan,nan,nan,nan,nan,nan
27.680000,nan,nan,nan,nan,nan,nan,nan,nan,nan,nan,nan,nan,nan,0.001000,nan,1.570796,0.350000,0.350000,0.350000,1.000000,nan,nan,nan,nan,nan,nan
27.690000,nan,nan,nan,nan,nan,nan,nan,nan,nan,nan,nan,nan,nan,0.001000,nan,1.570796,0.350000,0.350000,0.350000,1.000000,nan,nan,nan,nan,nan,nan
27.700000,nan,nan,nan,nan,nan,nan,nan,nan,nan,nan,nan,nan,nan,0.001000,nan,1.570796,0.350000,0.350000,0.350000,1.000000,nan,nan,nan,nan,nan,nan
27.710000,nan,nan,nan,nan,nan,nan,nan,nan,nan,nan,nan,nan,nan,0.001000,nan,1.570796,0.350000,0.350000,0.350000,1.000000,nan,nan,nan,nan,nan,nan
27.720000,nan,nan,nan,nan,nan,nan,nan,nan,nan,nan,nan,nan,nan,0.001000,nan,1.570796,0.350000,0.350000,0.350000,1.000000,nan,nan,nan,nan,nan,nan
27.730000,nan,nan,nan,nan,nan,nan,nan,nan,nan,nan,nan,nan,nan,0.001000,nan,1.570796,0.350000,0.350000,0.350000,1.000000,nan,nan,nan,nan,nan,nan
27.740000,nan,nan,nan,nan,nan,nan,nan,nan,nan,nan,nan,nan,nan,0.001000,nan,1.570796,0.350000,0.350000,0.350000,1.000000,nan,nan,nan,nan,nan,nan
27.750000,nan,nan,nan,nan,nan,nan,nan,nan,nan,nan,nan,nan,nan,0.001000,nan,1.570796,0.350000,0.350000,0.350000,1.000000,nan,nan,nan,nan,nan,nan
27.760000,nan,nan,nan,nan,nan,nan,nan,nan,nan,nan,nan,nan,nan,0.001000,nan,1.570796,0.350000,0.350000,0.350000,1.000000,nan,nan,nan,nan,nan,nan
27.770000,nan,nan,nan,nan,nan,nan,nan,nan,nan,nan,nan,nan,nan,0.001000,nan,1.570796,0.350000,0.350000,0.350000,1.000000,nan,nan,nan,nan,nan,nan
27.780000,nan,nan,nan,nan,nan,nan,nan,nan,nan,nan,nan,nan,nan,0.001000,nan,1.570796,0.350000,0.350000,0.350000,1.000000,nan,nan,nan,nan,nan,nan
27.790000,nan,nan,nan,nan,nan,nan,nan,nan,nan,nan,nan,nan,nan,0.001000,nan,1.570796,0.350000,0.350000,0.350000,1.000000,nan,nan,nan,nan,nan,nan
27.800000,nan,nan,nan,nan,nan,nan,nan,nan,nan,nan,nan,nan,nan,0.001000,nan,1.570796,0.350000,0.350000,0.350000,1.000000,nan,nan,nan,nan,nan,nan
27.810000,nan,nan,nan,nan,nan,nan,nan,nan,nan,nan,nan,nan,nan,0.001000,nan,1.570796,0.350000,0.350000,0.350000,1.000000,nan,nan,nan,nan,nan,nan
27.820000,nan,nan,nan,nan,nan,nan,nan,nan,nan,nan,nan,nan,nan,0.001000,nan,1.570796,0.350000,0.350000,0.350000,1.000000,nan,nan,nan,nan,nan,nan
27.830000,nan,nan,nan,nan,nan,nan,nan,nan,nan,nan,nan,nan,nan,0.001000,nan,1.570796,0.350000,0.350000,0.350000,1.000000,nan,nan,nan,nan,nan,nan
27.840000,nan,nan,nan,nan,nan,nan,nan,nan,nan,nan,nan,nan,nan,0.001000,nan,1.570796,0.350000,0.350000,0.350000,1.000000,nan,nan,nan,nan,nan,nan
27.850000,nan,nan,nan,nan,nan,nan,nan,nan,nan,nan,nan,nan,nan,0.001000,nan,1.570796,0.350000,0.350000,0.350000,1.000000,nan,nan,nan,nan,nan,nan
27.860000,nan,nan,nan,nan,nan,nan,nan,nan,nan,nan,nan,nan,nan,0.001000,nan,1.570796,0.350000,0.350000,0.350000,1.000000,nan,nan,nan,nan,nan,nan
27.870000,nan,nan,nan,nan,nan,nan,nan,nan,nan,nan,nan,nan,nan,0.001000,nan,1.570796,0.350000,0.350000,0.350000,1.000000,nan,nan,nan,nan,nan,nan
27.880000,nan,nan,nan,nan,nan,nan,nan,nan,nan,nan,nan,nan,nan,0.001000,nan,1.570796,0.350000,0.350000,0.350000,1.000000,nan,nan,nan,nan,nan,nan
27.890000,nan,nan,nan,nan,nan,nan,nan,nan,nan,nan,nan,nan,nan,0.001000,nan,1.570796,0.350000,0.350000,0.350000,1.000000,nan,nan,nan,nan,nan,nan
27.900000,nan,nan,nan,nan,nan,nan,nan,nan,nan,nan,nan,nan,nan,0.001000,nan,1.570796,0.350000,0.350000,0.350000,1.000000,nan,nan,nan,nan,nan,nan
27.910000,nan,nan,nan,nan,nan,nan,nan,nan,nan,nan,nan,nan,nan,0.001000,nan,1.570796,0.350000,0.350000,0.350000,1.000000,nan,nan,nan,nan,nan,nan
27.920000,nan,nan,nan,nan,nan,nan,nan,nan,nan,nan,nan,nan,nan,0.001000,nan,1.570796,0.350000,0.350000,0.350000,1.000000,nan,nan,nan,nan,nan,nan
27.930000,nan,nan,nan,nan,nan,nan,nan,nan,nan,nan,nan,nan,nan,0.001000,nan,1.570796,0.350000,0.350000,0.350000,1.000000,nan,nan,nan,nan,nan,nan
27.940000,nan,nan,nan,nan,nan,nan,nan,nan,nan,nan,nan,nan,nan,0.001000,nan,1.570796,0.350000,0.350000,0.350000,1.000000,nan,nan,nan,nan,nan,nan
27.950000,nan,nan,nan,nan,nan,nan,nan,nan,nan,nan,nan,nan,nan,0.001000,nan,1.570796,0.350000,0.350000,0.350000,1.000000,nan,nan,nan,nan,nan,nan
27.960000,nan,nan,nan,nan,nan,nan,nan,nan,nan,nan,nan,nan,nan,0.001000,nan,1.570796,0.350000,0.350000,0.350000,1.000000,nan,nan,nan,nan,nan,nan
27.970000,nan,nan,nan,nan,nan,nan,nan,nan,nan,nan,nan,nan,nan,0.001000,nan,1.570796,0.350000,0.350000,0.350000,1.000000,nan,nan,nan,nan,nan,nan
27.980000,nan,nan,nan,nan,nan,nan,nan,nan,nan,nan,nan,nan,nan,0.001000,nan,1.570796,0.350000,0.350000,0.350000,1.000000,nan,nan,nan,nan,nan,nan
27.990000,nan,nan,nan,nan,nan,nan,nan,nan,nan,nan,nan,nan,nan,0.001000,nan,1.570796,0.350000,0.350000,0.350000,1.000000,nan,nan,nan,nan,nan,nan
28.000000,nan,nan,nan,nan,nan,nan,nan,nan,nan,nan,nan,nan,nan,0.001000,nan,1.570796,0.350000,0.350000,0.350000,1.000000,nan,nan,nan,nan,nan,nan
28.010000,nan,nan,nan,nan,nan,nan,nan,nan,nan,nan,nan,nan,nan,0.001000,nan,1.570796,0.350000,0.350000,0.350000,1.000000,nan,nan,nan,nan,nan,nan
28.020000,nan,nan,nan,nan,nan,nan,nan,nan,nan,nan,nan,nan,nan,0.001000,nan,1.570796,0.350000,0.350000,0.350000,1.000000,nan,nan,nan,nan,nan,nan
28.030000,nan,nan,nan,nan,nan,nan,nan,nan,nan,nan,nan,nan,nan,0.001000,nan,1.570796,0.350000,0.350000,0.350000,1.000000,nan,nan,nan,nan,nan,nan
28.040000,nan,nan,nan,nan,nan,nan,nan,nan,nan,nan,nan,nan,nan,0.001000,nan,1.570796,0.350000,0.350000,0.350000,1.000000,nan,nan,nan,nan,nan,nan
28.050000,nan,nan,nan,nan,nan,nan,nan,nan,nan,nan,nan,nan,nan,0.001000,nan,1.570796,0.350000,0.350000,0.350000,1.000000,nan,nan,nan,nan,nan,nan
28.060000,nan,nan,nan,nan,nan,nan,nan,nan,nan,nan,nan,nan,nan,0.001000,nan,1.570796,0.350000,0.350000,0.350000,1.000000,nan,nan,nan,nan,nan,nan
28.070000,nan,nan,nan,nan,nan,nan,nan,nan,nan,nan,nan,nan,nan,0.001000,nan,1.570796,0.350000,0.350000,0.350000,1.000000,nan,nan,nan,nan,nan,nan
28.080000,nan,nan,nan,nan,nan,nan,nan,nan,nan,nan,nan,nan,nan,0.001000,nan,1.570796,0.350000,0.350000,0.350000,1.000000,nan,nan,nan,nan,nan,nan
28.090000,nan,nan,nan,nan,nan,nan,nan,nan,nan,nan,nan,nan,nan,0.001000,nan,1.570796,0.350000,0.350000,0.350000,1.000000,nan,nan,nan,nan,nan,nan
28.100000,nan,nan,nan,nan,nan,nan,nan,nan,nan,nan,nan,nan,nan,0.001000,nan,1.570796,0.350000,0.350000,0.350000,1.000000,nan,nan,nan,nan,nan,nan
28.110000,nan,nan,nan,nan,nan,nan,nan,nan,nan,nan,nan,nan,nan,0.001000,nan,1.570796,0.350000,0.350000,0.350000,1.000000,nan,nan,nan,nan,nan,nan
28.120000,nan,nan,nan,nan,nan,nan,nan,nan,nan,nan,nan,nan,nan,0.001000,nan,1.570796,0.350000,0.350000,0.350000,1.000000,nan,nan,nan,nan,nan,nan
28.130000,nan,nan,nan,nan,nan,nan,nan,nan,nan,nan,nan,nan,nan,0.001000,nan,1.570796,0.350000,0.350000,0.350000,1.000000,nan,nan,nan,nan,nan,nan
28.140000,nan,nan,nan,nan,nan,nan,nan,nan,nan,nan,nan,nan,nan,0.001000,nan,1.570796,0.350000,0.350000,0.350000,1.000000,nan,nan,nan,nan,nan,nan
28.150000,nan,nan,nan,nan,nan,nan,nan,nan,nan,nan,nan,nan,nan,0.001000,nan,1.570796,0.350000,0.350000,0.350000,1.000000,nan,nan,nan,nan,nan,nan
28.160000,nan,nan,nan,nan,nan,nan,nan,nan,nan,nan,nan,nan,nan,0.001000,nan,1.570796,0.350000,0.350000,0.350000,1.000000,nan,nan,nan,nan,nan,nan
28.170000,nan,nan,nan,nan,nan,nan,nan,nan,nan,nan,nan,nan,nan,0.001000,nan,1.570796,0.350000,0.350000,0.350000,1.000000,nan,nan,nan,nan,nan,nan
28.180000,nan,nan,nan,nan,nan,nan,nan,nan,nan,nan,nan,nan,nan,0.001000,nan,1.570796,0.350000,0.350000,0.350000,1.000000,nan,nan,nan,nan,nan,nan
28.190000,nan,nan,nan,nan,nan,nan,nan,nan,nan,nan,nan,nan,nan,0.001000,nan,1.570796,0.350000,0.350000,0.350000,1.000000,nan,nan,nan,nan,nan,nan
28.200000,nan,nan,nan,nan,nan,nan,nan,nan,nan,nan,nan,nan,nan,0.001000,nan,1.570796,0.350000,0.350000,0.350000,1.000000,nan,nan,nan,nan,nan,nan
28.210000,nan,nan,nan,nan,nan,nan,nan,nan,nan,nan,nan,nan,nan,0.001000,nan,1.570796,0.350000,0.350000,0.350000,1.000000,nan,nan,nan,nan,nan,nan
28.220000,nan,nan,nan,nan,nan,nan,nan,nan,nan,nan,nan,nan,nan,0.001000,nan,1.570796,0.350000,0.350000,0.350000,1.000000,nan,nan,nan,nan,nan,nan
28.230000,nan,nan,nan,nan,nan,nan,nan,nan,nan,nan,nan,nan,nan,0.001000,nan,1.570796,0.350000,0.350000,0.350000,1.000000,nan,nan,nan,nan,nan,nan
28.240000,nan,nan,nan,nan,nan,nan,nan,nan,nan,nan,nan,nan,nan,0.001000,nan,1.570796,0.350000,0.350000,0.350000,1.000000,nan,nan,nan,nan,nan,nan
28.250000,nan,nan,nan,nan,nan,nan,nan,nan,nan,nan,nan,nan,nan,0.001000,nan,1.570796,0.350000,0.350000,0.350000,1.000000,nan,nan,nan,nan,nan,nan
28.260000,nan,nan,nan,nan,nan,nan,nan,nan,nan,nan,nan,nan,nan,0.001000,nan,1.570796,0.350000,0.350000,0.350000,1.000000,nan,nan,nan,nan,nan,nan
28.270000,nan,nan,nan,nan,nan,nan,nan,nan,nan,nan,nan,nan,nan,0.001000,nan,1.570796,0.350000,0.350000,0.350000,1.000000,nan,nan,nan,nan,nan,nan
28.280000,nan,nan,nan,nan,nan,nan,nan,nan,nan,nan,nan,nan,nan,0.001000,nan,1.570796,0.350000,0.350000,0.350000,1.000000,nan,nan,nan,nan,nan,nan
28.290000,nan,nan,nan,nan,nan,nan,nan,nan,nan,nan,nan,nan,nan,0.001000,nan,1.570796,0.350000,0.350000,0.350000,1.000000,nan,nan,nan,nan,nan,nan
28.300000,nan,nan,nan,nan,nan,nan,nan,nan,nan,nan,nan,nan,nan,0.001000,nan,1.570796,0.350000,0.350000,0.350000,1.000000,nan,nan,nan,nan,nan,nan
28.310000,nan,nan,nan,nan,nan,nan,nan,nan,nan,nan,nan,nan,nan,0.001000,nan,1.570796,0.350000,0.350000,0.350000,1.000000,nan,nan,nan,nan,nan,nan
28.320000,nan,nan,nan,nan,nan,nan,nan,nan,nan,nan,nan,nan,nan,0.001000,nan,1.570796,0.350000,0.350000,0.350000,1.000000,nan,nan,nan,nan,nan,nan
28.330000,nan,nan,nan,nan,nan,nan,nan,nan,nan,nan,nan,nan,nan,0.001000,nan,1.570796,0.350000,0.350000,0.350000,1.000000,nan,nan,nan,nan,nan,nan
28.340000,nan,nan,nan,nan,nan,nan,nan,nan,nan,nan,nan,nan,nan,0.001000,nan,1.570796,0.350000,0.350000,0.350000,1.000000,nan,nan,nan,nan,nan,nan
28.350000,nan,nan,nan,nan,nan,nan,nan,nan,nan,nan,nan,nan,nan,0.001000,nan,1.570796,0.350000,0.350000,0.350000,1.000000,nan,nan,nan,nan,nan,nan
28.360000,nan,nan,nan,nan,nan,nan,nan,nan,nan,nan,nan,nan,nan,0.001000,nan,1.570796,0.350000,0.350000,0.350000,1.000000,nan,nan,nan,nan,nan,nan
28.370000,nan,nan,nan,nan,nan,nan,nan,nan,nan,nan,nan,nan,nan,0.001000,nan,1.570796,0.350000,0.350000,0.350000,1.000000,nan,nan,nan,nan,nan,nan
28.380000,nan,nan,nan,nan,nan,nan,nan,nan,nan,nan,nan,nan,nan,0.001000,nan,1.570796,0.350000,0.350000,0.350000,1.000000,nan,nan,nan,nan,nan,nan
28.390000,nan,nan,nan,nan,nan,nan,nan,nan,nan,nan,nan,nan,nan,0.001000,nan,1.570796,0.350000,0.350000,0.350000,1.000000,nan,nan,nan,nan,nan,nan
28.400000,nan,nan,nan,nan,nan,nan,nan,nan,nan,nan,nan,nan,nan,0.001000,nan,1.570796,0.350000,0.350000,0.350000,1.000000,nan,nan,nan,nan,nan,nan
28.410000,nan,nan,nan,nan,nan,nan,nan,nan,nan,nan,nan,nan,nan,0.001000,nan,1.570796,0.350000,0.350000,0.350000,1.000000,nan,nan,nan,nan,nan,nan
28.420000,nan,nan,nan,nan,nan,nan,nan,nan,nan,nan,nan,nan,nan,0.001000,nan,1.570796,0.350000,0.350000,0.350000,1.000000,nan,nan,nan,nan,nan,nan
28.430000,nan,nan,nan,nan,nan,nan,nan,nan,nan,nan,nan,nan,nan,0.001000,nan,1.570796,0.350000,0.350000,0.350000,1.000000,nan,nan,nan,nan,nan,nan
28.440000,nan,nan,nan,nan,nan,nan,nan,nan,nan,nan,nan,nan,nan,0.001000,nan,1.570796,0.350000,0.350000,0.350000,1.000000,nan,nan,nan,nan,nan,nan
28.450000,nan,nan,nan,nan,nan,nan,nan,nan,nan,nan,nan,nan,nan,0.001000,nan,1.570796,0.350000,0.350000,0.350000,1.000000,nan,nan,nan,nan,nan,nan
28.460000,nan,nan,nan,nan,nan,nan,nan,nan,nan,nan,nan,nan,nan,0.001000,nan,1.570796,0.350000,0.350000,0.350000,1.000000,nan,nan,nan,nan,nan,nan
28.470000,nan,nan,nan,nan,nan,nan,nan,nan,nan,nan,nan,nan,nan,0.001000,nan,1.570796,0.350000,0.350000,0.350000,1.000000,nan,nan,nan,nan,nan,nan
28.480000,nan,nan,nan,nan,nan,nan,nan,nan,nan,nan,nan,nan,nan,0.001000,nan,1.570796,0.350000,0.350000,0.350000,1.000000,nan,nan,nan,nan,nan,nan
28.490000,nan,nan,nan,nan,nan,nan,nan,nan,nan,nan,nan,nan,nan,0.001000,nan,1.570796,0.350000,0.350000,0.350000,1.000000,nan,nan,nan,nan,nan,nan
28.500000,nan,nan,nan,nan,nan,nan,nan,nan,nan,nan,nan,nan,nan,0.001000,nan,1.570796,0.350000,0.350000,0.350000,1.000000,nan,nan,nan,nan,nan,nan
28.510000,nan,nan,nan,nan,nan,nan,nan,nan,nan,nan,nan,nan,nan,0.001000,nan,1.570796,0.350000,0.350000,0.350000,1.000000,nan,nan,nan,nan,nan,nan
28.520000,nan,nan,nan,nan,nan,nan,nan,nan,nan,nan,nan,nan,nan,0.001000,nan,1.570796,0.350000,0.350000,0.350000,1.000000,nan,nan,nan,nan,nan,nan
28.530000,nan,nan,nan,nan,nan,nan,nan,nan,nan,nan,nan,nan,nan,0.001000,nan,1.570796,0.350000,0.350000,0.350000,1.000000,nan,nan,nan,nan,nan,nan
28.540000,nan,nan,nan,nan,nan,nan,nan,nan,nan,nan,nan,nan,nan,0.001000,nan,1.570796,0.350000,0.350000,0.350000,1.000000,nan,nan,nan,nan,nan,nan
28.550000,nan,nan,nan,nan,nan,nan,nan,nan,nan,nan,nan,nan,nan,0.001000,nan,1.570796,0.350000,0.350000,0.350000,1.000000,nan,nan,nan,nan,nan,nan
28.560000,nan,nan,nan,nan,nan,nan,nan,nan,nan,nan,nan,nan,nan,0.001000,nan,1.570796,0.350000,0.350000,0.350000,1.000000,nan,nan,nan,nan,nan,nan
28.570000,nan,nan,nan,nan,nan,nan,nan,nan,nan,nan,nan,nan,nan,0.001000,nan,1.570796,0.350000,0.350000,0.350000,1.000000,nan,nan,nan,nan,nan,nan
28.580000,nan,nan,nan,nan,nan,nan,nan,nan,nan,nan,nan,nan,nan,0.001000,nan,1.570796,0.350000,0.350000,0.350000,1.000000,nan,nan,nan,nan,nan,nan
28.590000,nan,nan,nan,nan,nan,nan,nan,nan,nan,nan,nan,nan,nan,0.001000,nan,1.570796,0.350000,0.350000,0.350000,1.000000,nan,nan,nan,nan,nan,nan
28.600000,nan,nan,nan,nan,nan,nan,nan,nan,nan,nan,nan,nan,nan,0.001000,nan,1.570796,0.350000,0.350000,0.350000,1.000000,nan,nan,nan,nan,nan,nan
28.610000,nan,nan,nan,nan,nan,nan,nan,nan,nan,nan,nan,nan,nan,0.001000,nan,1.570796,0.350000,0.350000,0.350000,1.000000,nan,nan,nan,nan,nan,nan
28.620000,nan,nan,nan,nan,nan,nan,nan,nan,nan,nan,nan,nan,nan,0.001000,nan,1.570796,0.350000,0.350000,0.350000,1.000000,nan,nan,nan,nan,nan,nan
28.630000,nan,nan,nan,nan,nan,nan,nan,nan,nan,nan,nan,nan,nan,0.001000,nan,1.570796,0.350000,0.350000,0.350000,1.000000,nan,nan,nan,nan,nan,nan
28.640000,nan,nan,nan,nan,nan,nan,nan,nan,nan,nan,nan,nan,nan,0.001000,nan,1.570796,0.350000,0.350000,0.350000,1.000000,nan,nan,nan,nan,nan,nan
28.650000,nan,nan,nan,nan,nan,nan,nan,nan,nan,nan,nan,nan,nan,0.001000,nan,1.570796,0.350000,0.350000,0.350000,1.000000,nan,nan,nan,nan,nan,nan
28.660000,nan,nan,nan,nan,nan,nan,nan,nan,nan,nan,nan,nan,nan,0.001000,nan,1.570796,0.350000,0.350000,0.350000,1.000000,nan,nan,nan,nan,nan,nan
28.670000,nan,nan,nan,nan,nan,nan,nan,nan,nan,nan,nan,nan,nan,0.001000,nan,1.570796,0.350000,0.350000,0.350000,1.000000,nan,nan,nan,nan,nan,nan
28.680000,nan,nan,nan,nan,nan,nan,nan,nan,nan,nan,nan,nan,nan,0.001000,nan,1.570796,0.350000,0.350000,0.350000,1.000000,nan,nan,nan,nan,nan,nan
28.690000,nan,nan,nan,nan,nan,nan,nan,nan,nan,nan,nan,nan,nan,0.001000,nan,1.570796,0.350000,0.350000,0.350000,1.000000,nan,nan,nan,nan,nan,nan
28.700000,nan,nan,nan,nan,nan,nan,nan,nan,nan,nan,nan,nan,nan,0.001000,nan,1.570796,0.350000,0.350000,0.350000,1.000000,nan,nan,nan,nan,nan,nan
28.710000,nan,nan,nan,nan,nan,nan,nan,nan,nan,nan,nan,nan,nan,0.001000,nan,1.570796,0.350000,0.350000,0.350000,1.000000,nan,nan,nan,nan,nan,nan
28.720000,nan,nan,nan,nan,nan,nan,nan,nan,nan,nan,nan,nan,nan,0.001000,nan,1.570796,0.350000,0.350000,0.350000,1.000000,nan,nan,nan,nan,nan,nan
28.730000,nan,nan,nan,nan,nan,nan,nan,nan,nan,nan,nan,nan,nan,0.001000,nan,1.570796,0.350000,0.350000,0.350000,1.000000,nan,nan,nan,nan,nan,nan
28.740000,nan,nan,nan,nan,nan,nan,nan,nan,nan,nan,nan,nan,nan,0.001000,nan,1.570796,0.350000,0.350000,0.350000,1.000000,nan,nan,nan,nan,nan,nan
28.750000,nan,nan,nan,nan,nan,nan,nan,nan,nan,nan,nan,nan,nan,0.001000,nan,1.570796,0.350000,0.350000,0.350000,1.000000,nan,nan,nan,nan,nan,nan
28.760000,nan,nan,nan,nan,nan,nan,nan,nan,nan,nan,nan,nan,nan,0.001000,nan,1.570796,0.350000,0.350000,0.350000,1.000000,nan,nan,nan,nan,nan,nan
28.770000,nan,nan,nan,nan,nan,nan,nan,nan,nan,nan,nan,nan,nan,0.001000,nan,1.570796,0.350000,0.350000,0.350000,1.000000,nan,nan,nan,nan,nan,nan
28.780000,nan,nan,nan,nan,nan,nan,nan,nan,nan,nan,nan,nan,nan,0.001000,nan,1.570796,0.350000,0.350000,0.350000,1.000000,nan,nan,nan,nan,nan,nan
28.790000,nan,nan,nan,nan,nan,nan,nan,nan,nan,nan,nan,nan,nan,0.001000,nan,1.570796,0.350000,0.350000,0.350000,1.000000,nan,nan,nan,nan,nan,nan
28.800000,nan,nan,nan,nan,nan,nan,nan,nan,nan,nan,nan,nan,nan,0.001000,nan,1.570796,0.350000,0.350000,0.350000,1.000000,nan,nan,nan,nan,nan,nan
28.810000,nan,nan,nan,nan,nan,nan,nan,nan,nan,nan,nan,nan,nan,0.001000,nan,1.570796,0.350000,0.350000,0.350000,1.000000,nan,nan,nan,nan,nan,nan
28.820000,nan,nan,nan,nan,nan,nan,nan,nan,nan,nan,nan,nan,nan,0.001000,nan,1.570796,0.350000,0.350000,0.350000,1.000000,nan,nan,nan,nan,nan,nan
28.830000,nan,nan,nan,nan,nan,nan,nan,nan,nan,nan,nan,nan,nan,0.001000,nan,1.570796,0.350000,0.350000,0.350000,1.000000,nan,nan,nan,nan,nan,nan
28.840000,nan,nan,nan,nan,nan,nan,nan,nan,nan,nan,nan,nan,nan,0.001000,nan,1.570796,0.350000,0.350000,0.350000,1.000000,nan,nan,nan,nan,nan,nan
28.850000,nan,nan,nan,nan,nan,nan,nan,nan,nan,nan,nan,nan,nan,0.001000,nan,1.570796,0.350000,0.350000,0.350000,1.000000,nan,nan,nan,nan,nan,nan
28.860000,nan,nan,nan,nan,nan,nan,nan,nan,nan,nan,nan,nan,nan,0.001000,nan,1.570796,0.350000,0.350000,0.350000,1.000000,nan,nan,nan,nan,nan,nan
28.870000,nan,nan,nan,nan,nan,nan,nan,nan,nan,nan,nan,nan,nan,0.001000,nan,1.570796,0.350000,0.350000,0.350000,1.000000,nan,nan,nan,nan,nan,nan
28.880000,nan,nan,nan,nan,nan,nan,nan,nan,nan,nan,nan,nan,nan,0.001000,nan,1.570796,0.350000,0.350000,0.350000,1.000000,nan,nan,nan,nan,nan,nan
28.890000,nan,nan,nan,nan,nan,nan,nan,nan,nan,nan,nan,nan,nan,0.001000,nan,1.570796,0.350000,0.350000,0.350000,1.000000,nan,nan,nan,nan,nan,nan
28.900000,nan,nan,nan,nan,nan,nan,nan,nan,nan,nan,nan,nan,nan,0.001000,nan,1.570796,0.350000,0.350000,0.350000,1.000000,nan,nan,nan,nan,nan,nan
28.910000,nan,nan,nan,nan,nan,nan,nan,nan,nan,nan,nan,nan,nan,0.001000,nan,1.570796,0.350000,0.350000,0.350000,1.000000,nan,nan,nan,nan,nan,nan
28.920000,nan,nan,nan,nan,nan,nan,nan,nan,nan,nan,nan,nan,nan,0.001000,nan,1.570796,0.350000,0.350000,0.350000,1.000000,nan,nan,nan,nan,nan,nan
28.930000,nan,nan,nan,nan,nan,nan,nan,nan,nan,nan,nan,nan,nan,0.001000,nan,1.570796,0.350000,0.350000,0.350000,1.000000,nan,nan,nan,nan,nan,nan
28.940000,nan,nan,nan,nan,nan,nan,nan,nan,nan,nan,nan,nan,nan,0.001000,nan,1.570796,0.350000,0.350000,0.350000,1.000000,nan,nan,nan,nan,nan,nan
28.950000,nan,nan,nan,nan,nan,nan,nan,nan,nan,nan,nan,nan,nan,0.001000,nan,1.570796,0.350000,0.350000,0.350000,1.000000,nan,nan,nan,nan,nan,nan
28.960000,nan,nan,nan,nan,nan,nan,nan,nan,nan,nan,nan,nan,nan,0.001000,nan,1.570796,0.350000,0.350000,0.350000,1.000000,nan,nan,nan,nan,nan,nan
28.970000,nan,nan,nan,nan,nan,nan,nan,nan,nan,nan,nan,nan,nan,0.001000,nan,1.570796,0.350000,0.350000,0.350000,1.000000,nan,nan,nan,nan,nan,nan
28.980000,nan,nan,nan,nan,nan,nan,nan,nan,nan,nan,nan,nan,nan,0.001000,nan,1.570796,0.350000,0.350000,0.350000,1.000000,nan,nan,nan,nan,nan,nan
28.990000,nan,nan,nan,nan,nan,nan,nan,nan,nan,nan,nan,nan,nan,0.001000,nan,1.570796,0.350000,0.350000,0.350000,1.000000,nan,nan,nan,nan,nan,nan
29.000000,nan,nan,nan,nan,nan,nan,nan,nan,nan,nan,nan,nan,nan,0.001000,nan,1.570796,0.350000,0.350000,0.350000,1.000000,nan,nan,nan,nan,nan,nan
29.010000,nan,nan,nan,nan,nan,nan,nan,nan,nan,nan,nan,nan,nan,0.001000,nan,1.570796,0.350000,0.350000,0.350000,1.000000,nan,nan,nan,nan,nan,nan
29.020000,nan,nan,nan,nan,nan,nan,nan,nan,nan,nan,nan,nan,nan,0.001000,nan,1.570796,0.350000,0.350000,0.350000,1.000000,nan,nan,nan,nan,nan,nan
29.030000,nan,nan,nan,nan,nan,nan,nan,nan,nan,nan,nan,nan,nan,0.001000,nan,1.570796,0.350000,0.350000,0.350000,1.000000,nan,nan,nan,nan,nan,nan
29.040000,nan,nan,nan,nan,nan,nan,nan,nan,nan,nan,nan,nan,nan,0.001000,nan,1.570796,0.350000,0.350000,0.350000,1.000000,nan,nan,nan,nan,nan,nan
29.050000,nan,nan,nan,nan,nan,nan,nan,nan,nan,nan,nan,nan,nan,0.001000,nan,1.570796,0.350000,0.350000,0.350000,1.000000,nan,nan,nan,nan,nan,nan
29.060000,nan,nan,nan,nan,nan,nan,nan,nan,nan,nan,nan,nan,nan,0.001000,nan,1.570796,0.350000,0.350000,0.350000,1.000000,nan,nan,nan,nan,nan,nan
29.070000,nan,nan,nan,nan,nan,nan,nan,nan,nan,nan,nan,nan,nan,0.001000,nan,1.570796,0.350000,0.350000,0.350000,1.000000,nan,nan,nan,nan,nan,nan
29.080000,nan,nan,nan,nan,nan,nan,nan,nan,nan,nan,nan,nan,nan,0.001000,nan,1.570796,0.350000,0.350000,0.350000,1.000000,nan,nan,nan,nan,nan,nan
29.090000,nan,nan,nan,nan,nan,nan,nan,nan,nan,nan,nan,nan,nan,0.001000,nan,1.570796,0.350000,0.350000,0.350000,1.000000,nan,nan,nan,nan,nan,nan
29.100000,nan,nan,nan,nan,nan,nan,nan,nan,nan,nan,nan,nan,nan,0.001000,nan,1.570796,0.350000,0.350000,0.350000,1.000000,nan,nan,nan,nan,nan,nan
29.110000,nan,nan,nan,nan,nan,nan,nan,nan,nan,nan,nan,nan,nan,0.001000,nan,1.570796,0.350000,0.350000,0.350000,1.000000,nan,nan,nan,nan,nan,nan
29.120000,nan,nan,nan,nan,nan,nan,nan,nan,nan,nan,nan,nan,nan,0.001000,nan,1.570796,0.350000,0.350000,0.350000,1.000000,nan,nan,nan,nan,nan,nan
29.130000,nan,nan,nan,nan,nan,nan,nan,nan,nan,nan,nan,nan,nan,0.001000,nan,1.570796,0.350000,0.350000,0.350000,1.000000,nan,nan,nan,nan,nan,nan
29.140000,nan,nan,nan,nan,nan,nan,nan,nan,nan,nan,nan,nan,nan,0.001000,nan,1.570796,0.350000,0.350000,0.350000,1.000000,nan,nan,nan,nan,nan,nan
29.150000,nan,nan,nan,nan,nan,nan,nan,nan,nan,nan,nan,nan,nan,0.001000,nan,1.570796,0.350000,0.350000,0.350000,1.000000,nan,nan,nan,nan,nan,nan
29.160000,nan,nan,nan,nan,nan,nan,nan,nan,nan,nan,nan,nan,nan,0.001000,nan,1.570796,0.350000,0.350000,0.350000,1.000000,nan,nan,nan,nan,nan,nan
29.170000,nan,nan,nan,nan,nan,nan,nan,nan,nan,nan,nan,nan,nan,0.001000,nan,1.570796,0.350000,0.350000,0.350000,1.000000,nan,nan,nan,nan,nan,nan
29.180000,nan,nan,nan,nan,nan,nan,nan,nan,nan,nan,nan,nan,nan,0.001000,nan,1.570796,0.350000,0.350000,0.350000,1.000000,nan,nan,nan,nan,nan,nan
29.190000,nan,nan,nan,nan,nan,nan,nan,nan,nan,nan,nan,nan,nan,0.001000,nan,1.570796,0.350000,0.350000,0.350000,1.000000,nan,nan,nan,nan,nan,nan
29.200000,nan,nan,nan,nan,nan,nan,nan,nan,nan,nan,nan,nan,nan,0.001000,nan,1.570796,0.350000,0.350000,0.350000,1.000000,nan,nan,nan,nan,nan,nan
29.210000,nan,nan,nan,nan,nan,nan,nan,nan,nan,nan,nan,nan,nan,0.001000,nan,1.570796,0.350000,0.350000,0.350000,1.000000,nan,nan,nan,nan,nan,nan
29.220000,nan,nan,nan,nan,nan,nan,nan,nan,nan,nan,nan,nan,nan,0.001000,nan,1.570796,0.350000,0.350000,0.350000,1.000000,nan,nan,nan,nan,nan,nan
29.230000,nan,nan,nan,nan,nan,nan,nan,nan,nan,nan,nan,nan,nan,0.001000,nan,1.570796,0.350000,0.350000,0.350000,1.000000,nan,nan,nan,nan,nan,nan
29.240000,nan,nan,nan,nan,nan,nan,nan,nan,nan,nan,nan,nan,nan,0.001000,nan,1.570796,0.350000,0.350000,0.350000,1.000000,nan,nan,nan,nan,nan,nan
29.250000,nan,nan,nan,nan,nan,nan,nan,nan,nan,nan,nan,nan,nan,0.001000,nan,1.570796,0.350000,0.350000,0.350000,1.000000,nan,nan,nan,nan,nan,nan
29.260000,nan,nan,nan,nan,nan,nan,nan,nan,nan,nan,nan,nan,nan,0.001000,nan,1.570796,0.350000,0.350000,0.350000,1.000000,nan,nan,nan,nan,nan,nan
29.270000,nan,nan,nan,nan,nan,nan,nan,nan,nan,nan,nan,nan,nan,0.001000,nan,1.570796,0.350000,0.350000,0.350000,1.000000,nan,nan,nan,nan,nan,nan
29.280000,nan,nan,nan,nan,nan,nan,nan,nan,nan,nan,nan,nan,nan,0.001000,nan,1.570796,0.350000,0.350000,0.350000,1.000000,nan,nan,nan,nan,nan,nan
29.290000,nan,nan,nan,nan,nan,nan,nan,nan,nan,nan,nan,nan,nan,0.001000,nan,1.570796,0.350000,0.350000,0.350000,1.000000,nan,nan,nan,nan,nan,nan
29.300000,nan,nan,nan,nan,nan,nan,nan,nan,nan,nan,nan,nan,nan,0.001000,nan,1.570796,0.350000,0.350000,0.350000,1.000000,nan,nan,nan,nan,nan,nan
29.310000,nan,nan,nan,nan,nan,nan,nan,nan,nan,nan,nan,nan,nan,0.001000,nan,1.570796,0.350000,0.350000,0.350000,1.000000,nan,nan,nan,nan,nan,nan
29.320000,nan,nan,nan,nan,nan,nan,nan,nan,nan,nan,nan,nan,nan,0.001000,nan,1.570796,0.350000,0.350000,0.350000,1.000000,nan,nan,nan,nan,nan,nan
29.330000,nan,nan,nan,nan,nan,nan,nan,nan,nan,nan,nan,nan,nan,0.001000,nan,1.570796,0.350000,0.350000,0.350000,1.000000,nan,nan,nan,nan,nan,nan
29.340000,nan,nan,nan,nan,nan,nan,nan,nan,nan,nan,nan,nan,nan,0.001000,nan,1.570796,0.350000,0.350000,0.350000,1.000000,nan,nan,nan,nan,nan,nan
29.350000,nan,nan,nan,nan,nan,nan,nan,nan,nan,nan,nan,nan,nan,0.001000,nan,1.570796,0.350000,0.350000,0.350000,1.000000,nan,nan,nan,nan,nan,nan
29.360000,nan,nan,nan,nan,nan,nan,nan,nan,nan,nan,nan,nan,nan,0.001000,nan,1.570796,0.350000,0.350000,0.350000,1.000000,nan,nan,nan,nan,nan,nan
29.370000,nan,nan,nan,nan,nan,nan,nan,nan,nan,nan,nan,nan,nan,0.001000,nan,1.570796,0.350000,0.350000,0.350000,1.000000,nan,nan,nan,nan,nan,nan
29.380000,nan,nan,nan,nan,nan,nan,nan,nan,nan,nan,nan,nan,nan,0.001000,nan,1.570796,0.350000,0.350000,0.350000,1.000000,nan,nan,nan,nan,nan,nan
29.390000,nan,nan,nan,nan,nan,nan,nan,nan,nan,nan,nan,nan,nan,0.001000,nan,1.570796,0.350000,0.350000,0.350000,1.000000,nan,nan,nan,nan,nan,nan
29.400000,nan,nan,nan,nan,nan,nan,nan,nan,nan,nan,nan,nan,nan,0.001000,nan,1.570796,0.350000,0.350000,0.350000,1.000000,nan,nan,nan,nan,nan,nan
29.410000,nan,nan,nan,nan,nan,nan,nan,nan,nan,nan,nan,nan,nan,0.001000,nan,1.570796,0.350000,0.350000,0.350000,1.000000,nan,nan,nan,nan,nan,nan
29.420000,nan,nan,nan,nan,nan,nan,nan,nan,nan,nan,nan,nan,nan,0.001000,nan,1.570796,0.350000,0.350000,0.350000,1.000000,nan,nan,nan,nan,nan,nan
29.430000,nan,nan,nan,nan,nan,nan,nan,nan,nan,nan,nan,nan,nan,0.001000,nan,1.570796,0.350000,0.350000,0.350000,1.000000,nan,nan,nan,nan,nan,nan
29.440000,nan,nan,nan,nan,nan,nan,nan,nan,nan,nan,nan,nan,nan,0.001000,nan,1.570796,0.350000,0.350000,0.350000,1.000000,nan,nan,nan,nan,nan,nan
29.450000,nan,nan,nan,nan,nan,nan,nan,nan,nan,nan,nan,nan,nan,0.001000,nan,1.570796,0.350000,0.350000,0.350000,1.000000,nan,nan,nan,nan,nan,nan
29.460000,nan,nan,nan,nan,nan,nan,nan,nan,nan,nan,nan,nan,nan,0.001000,nan,1.570796,0.350000,0.350000,0.350000,1.000000,nan,nan,nan,nan,nan,nan
29.470000,nan,nan,nan,nan,nan,nan,nan,nan,nan,nan,nan,nan,nan,0.001000,nan,1.570796,0.350000,0.350000,0.350000,1.000000,nan,nan,nan,nan,nan,nan
29.480000,nan,nan,nan,nan,nan,nan,nan,nan,nan,nan,nan,nan,nan,0.001000,nan,1.570796,0.350000,0.350000,0.350000,1.000000,nan,nan,nan,nan,nan,nan
29.490000,nan,nan,nan,nan,nan,nan,nan,nan,nan,nan,nan,nan,nan,0.001000,nan,1.570796,0.350000,0.350000,0.350000,1.000000,nan,nan,nan,nan,nan,nan
29.500000,nan,nan,nan,nan,nan,nan,nan,nan,nan,nan,nan,nan,nan,0.001000,nan,1.570796,0.350000,0.350000,0.350000,1.000000,nan,nan,nan,nan,nan,nan
29.510000,nan,nan,nan,nan,nan,nan,nan,nan,nan,nan,nan,nan,nan,0.001000,nan,1.570796,0.350000,0.350000,0.350000,1.000000,nan,nan,nan,nan,nan,nan
29.520000,nan,nan,nan,nan,nan,nan,nan,nan,nan,nan,nan,nan,nan,0.001000,nan,1.570796,0.350000,0.350000,0.350000,1.000000,nan,nan,nan,nan,nan,nan
29.530000,nan,nan,nan,nan,nan,nan,nan,nan,nan,nan,nan,nan,nan,0.001000,nan,1.570796,0.350000,0.350000,0.350000,1.000000,nan,nan,nan,nan,nan,nan
29.540000,nan,nan,nan,nan,nan,nan,nan,nan,nan,nan,nan,nan,nan,0.001000,nan,1.570796,0.350000,0.350000,0.350000,1.000000,nan,nan,nan,nan,nan,nan
29.550000,nan,nan,nan,nan,nan,nan,nan,nan,nan,nan,nan,nan,nan,0.001000,nan,1.570796,0.350000,0.350000,0.350000,1.000000,nan,nan,nan,nan,nan,nan
29.560000,nan,nan,nan,nan,nan,nan,nan,nan,nan,nan,nan,nan,nan,0.001000,nan,1.570796,0.350000,0.350000,0.350000,1.000000,nan,nan,nan,nan,nan,nan
29.570000,nan,nan,nan,nan,nan,nan,nan,nan,nan,nan,nan,nan,nan,0.001000,nan,1.570796,0.350000,0.350000,0.350000,1.000000,nan,nan,nan,nan,nan,nan
29.580000,nan,nan,nan,nan,nan,nan,nan,nan,nan,nan,nan,nan,nan,0.001000,nan,1.570796,0.350000,0.350000,0.350000,1.000000,nan,nan,nan,nan,nan,nan
29.590000,nan,nan,nan,nan,nan,nan,nan,nan,nan,nan,nan,nan,nan,0.001000,nan,1.570796,0.350000,0.350000,0.350000,1.000000,nan,nan,nan,nan,nan,nan
29.600000,nan,nan,nan,nan,nan,nan,nan,nan,nan,nan,nan,nan,nan,0.001000,nan,1.570796,0.350000,0.350000,0.350000,1.000000,nan,nan,nan,nan,nan,nan
29.610000,nan,nan,nan,nan,nan,nan,nan,nan,nan,nan,nan,nan,nan,0.001000,nan,1.570796,0.350000,0.350000,0.350000,1.000000,nan,nan,nan,nan,nan,nan
29.620000,nan,nan,nan,nan,nan,nan,nan,nan,nan,nan,nan,nan,nan,0.001000,nan,1.570796,0.350000,0.350000,0.350000,1.000000,nan,nan,nan,nan,nan,nan
29.630000,nan,nan,nan,nan,nan,nan,nan,nan,nan,nan,nan,nan,nan,0.001000,nan,1.570796,0.350000,0.350000,0.350000,1.000000,nan,nan,nan,nan,nan,nan
29.640000,nan,nan,nan,nan,nan,nan,nan,nan,nan,nan,nan,nan,nan,0.001000,nan,1.570796,0.350000,0.350000,0.350000,1.000000,nan,nan,nan,nan,nan,nan
29.650000,nan,nan,nan,nan,nan,nan,nan,nan,nan,nan,nan,nan,nan,0.001000,nan,1.570796,0.350000,0.350000,0.350000,1.000000,nan,nan,nan,nan,nan,nan
29.660000,nan,nan,nan,nan,nan,nan,nan,nan,nan,nan,nan,nan,nan,0.001000,nan,1.570796,0.350000,0.350000,0.350000,1.000000,nan,nan,nan,nan,nan,nan
29.670000,nan,nan,nan,nan,nan,nan,nan,nan,nan,nan,nan,nan,nan,0.001000,nan,1.570796,0.350000,0.350000,0.350000,1.000000,nan,nan,nan,nan,nan,nan
29.680000,nan,nan,nan,nan,nan,nan,nan,nan,nan,nan,nan,nan,nan,0.001000,nan,1.570796,0.350000,0.350000,0.350000,1.000000,nan,nan,nan,nan,nan,nan
29.690000,nan,nan,nan,nan,nan,nan,nan,nan,nan,nan,nan,nan,nan,0.001000,nan,1.570796,0.350000,0.350000,0.350000,1.000000,nan,nan,nan,nan,nan,nan
29.700000,nan,nan,nan,nan,nan,nan,nan,nan,nan,nan,nan,nan,nan,0.001000,nan,1.570796,0.350000,0.350000,0.350000,1.000000,nan,nan,nan,nan,nan,nan
29.710000,nan,nan,nan,nan,nan,nan,nan,nan,nan,nan,nan,nan,nan,0.001000,nan,1.570796,0.350000,0.350000,0.350000,1.000000,nan,nan,nan,nan,nan,nan
29.720000,nan,nan,nan,nan,nan,nan,nan,nan,nan,nan,nan,nan,nan,0.001000,nan,1.570796,0.350000,0.350000,0.350000,1.000000,nan,nan,nan,nan,nan,nan
29.730000,nan,nan,nan,nan,nan,nan,nan,nan,nan,nan,nan,nan,nan,0.001000,nan,1.570796,0.350000,0.350000,0.350000,1.000000,nan,nan,nan,nan,nan,nan
29.740000,nan,nan,nan,nan,nan,nan,nan,nan,nan,nan,nan,nan,nan,0.001000,nan,1.570796,0.350000,0.350000,0.350000,1.000000,nan,nan,nan,nan,nan,nan
29.750000,nan,nan,nan,nan,nan,nan,nan,nan,nan,nan,nan,nan,nan,0.001000,nan,1.570796,0.350000,0.350000,0.350000,1.000000,nan,nan,nan,nan,nan,nan
29.760000,nan,nan,nan,nan,nan,nan,nan,nan,nan,nan,nan,nan,nan,0.001000,nan,1.570796,0.350000,0.350000,0.350000,1.000000,nan,nan,nan,nan,nan,nan
29.770000,nan,nan,nan,nan,nan,nan,nan,nan,nan,nan,nan,nan,nan,0.001000,nan,1.570796,0.350000,0.350000,0.350000,1.000000,nan,nan,nan,nan,nan,nan
29.780000,nan,nan,nan,nan,nan,nan,nan,nan,nan,nan,nan,nan,nan,0.001000,nan,1.570796,0.350000,0.350000,0.350000,1.000000,nan,nan,nan,nan,nan,nan
29.790000,nan,nan,nan,nan,nan,nan,nan,nan,nan,nan,nan,nan,nan,0.001000,nan,1.570796,0.350000,0.350000,0.350000,1.000000,nan,nan,nan,nan,nan,nan
29.800000,nan,nan,nan,nan,nan,nan,nan,nan,nan,nan,nan,nan,nan,0.001000,nan,1.570796,0.350000,0.350000,0.350000,1.000000,nan,nan,nan,nan,nan,nan
29.810000,nan,nan,nan,nan,nan,nan,nan,nan,nan,nan,nan,nan,nan,0.001000,nan,1.570796,0.350000,0.350000,0.350000,1.000000,nan,nan,nan,nan,nan,nan
29.820000,nan,nan,nan,nan,nan,nan,nan,nan,nan,nan,nan,nan,nan,0.001000,nan,1.570796,0.350000,0.350000,0.350000,1.000000,nan,nan,nan,nan,nan,nan
29.830000,nan,nan,nan,nan,nan,nan,nan,nan,nan,nan,nan,nan,nan,0.001000,nan,1.570796,0.350000,0.350000,0.350000,1.000000,nan,nan,nan,nan,nan,nan
29.840000,nan,nan,nan,nan,nan,nan,nan,nan,nan,nan,nan,nan,nan,0.001000,nan,1.570796,0.350000,0.350000,0.350000,1.000000,nan,nan,nan,nan,nan,nan
29.850000,nan,nan,nan,nan,nan,nan,nan,nan,nan,nan,nan,nan,nan,0.001000,nan,1.570796,0.350000,0.350000,0.350000,1.000000,nan,nan,nan,nan,nan,nan
29.860000,nan,nan,nan,nan,nan,nan,nan,nan,nan,nan,nan,nan,nan,0.001000,nan,1.570796,0.350000,0.350000,0.350000,1.000000,nan,nan,nan,nan,nan,nan
29.870000,nan,nan,nan,nan,nan,nan,nan,nan,nan,nan,nan,nan,nan,0.001000,nan,1.570796,0.350000,0.350000,0.350000,1.000000,nan,nan,nan,nan,nan,nan
29.880000,nan,nan,nan,nan,nan,nan,nan,nan,nan,nan,nan,nan,nan,0.001000,nan,1.570796,0.350000,0.350000,0.350000,1.000000,nan,nan,nan,nan,nan,nan
29.890000,nan,nan,nan,nan,nan,nan,nan,nan,nan,nan,nan,nan,nan,0.001000,nan,1.570796,0.350000,0.350000,0.350000,1.000000,nan,nan,nan,nan,nan,nan
29.900000,nan,nan,nan,nan,nan,nan,nan,nan,nan,nan,nan,nan,nan,0.001000,nan,1.570796,0.350000,0.350000,0.350000,1.000000,nan,nan,nan,nan,nan,nan
29.910000,nan,nan,nan,nan,nan,nan,nan,nan,nan,nan,nan,nan,nan,0.001000,nan,1.570796,0.350000,0.350000,0.350000,1.000000,nan,nan,nan,nan,nan,nan
29.920000,nan,nan,nan,nan,nan,nan,nan,nan,nan,nan,nan,nan,nan,0.001000,nan,1.570796,0.350000,0.350000,0.350000,1.000000,nan,nan,nan,nan,nan,nan
29.930000,nan,nan,nan,nan,nan,nan,nan,nan,nan,nan,nan,nan,nan,0.001000,nan,1.570796,0.350000,0.350000,0.350000,1.000000,nan,nan,nan,nan,nan,nan
29.940000,nan,nan,nan,nan,nan,nan,nan,nan,nan,nan,nan,nan,nan,0.001000,nan,1.570796,0.350000,0.350000,0.350000,1.000000,nan,nan,nan,nan,nan,nan
29.950000,nan,nan,nan,nan,nan,nan,nan,nan,nan,nan,nan,nan,nan,0.001000,nan,1.570796,0.350000,0.350000,0.350000,1.000000,nan,nan,nan,nan,nan,nan
29.960000,nan,nan,nan,nan,nan,nan,nan,nan,nan,nan,nan,nan,nan,0.001000,nan,1.570796,0.350000,0.350000,0.350000,1.000000,nan,nan,nan,nan,nan,nan
29.970000,nan,nan,nan,nan,nan,nan,nan,nan,nan,nan,nan,nan,nan,0.001000,nan,1.570796,0.350000,0.350000,0.350000,1.000000,nan,nan,nan,nan,nan,nan
29.980000,nan,nan,nan,nan,nan,nan,nan,nan,nan,nan,nan,nan,nan,0.001000,nan,1.570796,0.350000,0.350000,0.350000,1.000000,nan,nan,nan,nan,nan,nan
29.990000,nan,nan,nan,nan,nan,nan,nan,nan,nan,nan,nan,nan,nan,0.001000,nan,1.570796,0.350000,0.350000,0.350000,1.000000,nan,nan,nan,nan,nan,nan
30.000000,nan,nan,nan,nan,nan,nan,nan,nan,nan,nan,nan,nan,nan,0.001000,nan,1.570796,0.350000,0.350000,0.350000,1.000000,nan,nan,nan,nan,nan,nan
30.010000,nan,nan,nan,nan,nan,nan,nan,nan,nan,nan,nan,nan,nan,0.001000,nan,1.570796,0.350000,0.350000,0.350000,1.000000,nan,nan,nan,nan,nan,nan
30.020000,nan,nan,nan,nan,nan,nan,nan,nan,nan,nan,nan,nan,nan,0.001000,nan,1.570796,0.350000,0.350000,0.350000,1.000000,nan,nan,nan,nan,nan,nan
30.030000,nan,nan,nan,nan,nan,nan,nan,nan,nan,nan,nan,nan,nan,0.001000,nan,1.570796,0.350000,0.350000,0.350000,1.000000,nan,nan,nan,nan,nan,nan
30.040000,nan,nan,nan,nan,nan,nan,nan,nan,nan,nan,nan,nan,nan,0.001000,nan,1.570796,0.350000,0.350000,0.350000,1.000000,nan,nan,nan,nan,nan,nan
30.050000,nan,nan,nan,nan,nan,nan,nan,nan,nan,nan,nan,nan,nan,0.001000,nan,1.570796,0.350000,0.350000,0.350000,1.000000,nan,nan,nan,nan,nan,nan
30.060000,nan,nan,nan,nan,nan,nan,nan,nan,nan,nan,nan,nan,nan,0.001000,nan,1.570796,0.350000,0.350000,0.350000,1.000000,nan,nan,nan,nan,nan,nan
30.070000,nan,nan,nan,nan,nan,nan,nan,nan,nan,nan,nan,nan,nan,0.001000,nan,1.570796,0.350000,0.350000,0.350000,1.000000,nan,nan,nan,nan,nan,nan
30.080000,nan,nan,nan,nan,nan,nan,nan,nan,nan,nan,nan,nan,nan,0.001000,nan,1.570796,0.350000,0.350000,0.350000,1.000000,nan,nan,nan,nan,nan,nan
30.090000,nan,nan,nan,nan,nan,nan,nan,nan,nan,nan,nan,nan,nan,0.001000,nan,1.570796,0.350000,0.350000,0.350000,1.000000,nan,nan,nan,nan,nan,nan
30.100000,nan,nan,nan,nan,nan,nan,nan,nan,nan,nan,nan,nan,nan,0.001000,nan,1.570796,0.350000,0.350000,0.350000,1.000000,nan,nan,nan,nan,nan,nan
30.110000,nan,nan,nan,nan,nan,nan,nan,nan,nan,nan,nan,nan,nan,0.001000,nan,1.570796,0.350000,0.350000,0.350000,1.000000,nan,nan,nan,nan,nan,nan
30.120000,nan,nan,nan,nan,nan,nan,nan,nan,nan,nan,nan,nan,nan,0.001000,nan,1.570796,0.350000,0.350000,0.350000,1.000000,nan,nan,nan,nan,nan,nan
30.130000,nan,nan,nan,nan,nan,nan,nan,nan,nan,nan,nan,nan,nan,0.001000,nan,1.570796,0.350000,0.350000,0.350000,1.000000,nan,nan,nan,nan,nan,nan
30.140000,nan,nan,nan,nan,nan,nan,nan,nan,nan,nan,nan,nan,nan,0.001000,nan,1.570796,0.350000,0.350000,0.350000,1.000000,nan,nan,nan,nan,nan,nan
30.150000,nan,nan,nan,nan,nan,nan,nan,nan,nan,nan,nan,nan,nan,0.001000,nan,1.570796,0.350000,0.350000,0.350000,1.000000,nan,nan,nan,nan,nan,nan
30.160000,nan,nan,nan,nan,nan,nan,nan,nan,nan,nan,nan,nan,nan,0.001000,nan,1.570796,0.350000,0.350000,0.350000,1.000000,nan,nan,nan,nan,nan,nan
30.170000,nan,nan,nan,nan,nan,nan,nan,nan,nan,nan,nan,nan,nan,0.001000,nan,1.570796,0.350000,0.350000,0.350000,1.000000,nan,nan,nan,nan,nan,nan
30.180000,nan,nan,nan,nan,nan,nan,nan,nan,nan,nan,nan,nan,nan,0.001000,nan,1.570796,0.350000,0.350000,0.350000,1.000000,nan,nan,nan,nan,nan,nan
30.190000,nan,nan,nan,nan,nan,nan,nan,nan,nan,nan,nan,nan,nan,0.001000,nan,1.570796,0.350000,0.350000,0.350000,1.000000,nan,nan,nan,nan,nan,nan
30.200000,nan,nan,nan,nan,nan,nan,nan,nan,nan,nan,nan,nan,nan,0.001000,nan,1.570796,0.350000,0.350000,0.350000,1.000000,nan,nan,nan,nan,nan,nan
30.210000,nan,nan,nan,nan,nan,nan,nan,nan,nan,nan,nan,nan,nan,0.001000,nan,1.570796,0.350000,0.350000,0.350000,1.000000,nan,nan,nan,nan,nan,nan
30.220000,nan,nan,nan,nan,nan,nan,nan,nan,nan,nan,nan,nan,nan,0.001000,nan,1.570796,0.350000,0.350000,0.350000,1.000000,nan,nan,nan,nan,nan,nan
30.230000,nan,nan,nan,nan,nan,nan,nan,nan,nan,nan,nan,nan,nan,0.001000,nan,1.570796,0.350000,0.350000,0.350000,1.000000,nan,nan,nan,nan,nan,nan
30.240000,nan,nan,nan,nan,nan,nan,nan,nan,nan,nan,nan,nan,nan,0.001000,nan,1.570796,0.350000,0.350000,0.350000,1.000000,nan,nan,nan,nan,nan,nan
30.250000,nan,nan,nan,nan,nan,nan,nan,nan,nan,nan,nan,nan,nan,0.001000,nan,1.570796,0.350000,0.350000,0.350000,1.000000,nan,nan,nan,nan,nan,nan
30.260000,nan,nan,nan,nan,nan,nan,nan,nan,nan,nan,nan,nan,nan,0.001000,nan,1.570796,0.350000,0.350000,0.350000,1.000000,nan,nan,nan,nan,nan,nan
30.270000,nan,nan,nan,nan,nan,nan,nan,nan,nan,nan,nan,nan,nan,0.001000,nan,1.570796,0.350000,0.350000,0.350000,1.000000,nan,nan,nan,nan,nan,nan
30.280000,nan,nan,nan,nan,nan,nan,nan,nan,nan,nan,nan,nan,nan,0.001000,nan,1.570796,0.350000,0.350000,0.350000,1.000000,nan,nan,nan,nan,nan,nan
30.290000,nan,nan,nan,nan,nan,nan,nan,nan,nan,nan,nan,nan,nan,0.001000,nan,1.570796,0.350000,0.350000,0.350000,1.000000,nan,nan,nan,nan,nan,nan
30.300000,nan,nan,nan,nan,nan,nan,nan,nan,nan,nan,nan,nan,nan,0.001000,nan,1.570796,0.350000,0.350000,0.350000,1.000000,nan,nan,nan,nan,nan,nan
30.310000,nan,nan,nan,nan,nan,nan,nan,nan,nan,nan,nan,nan,nan,0.001000,nan,1.570796,0.350000,0.350000,0.350000,1.000000,nan,nan,nan,nan,nan,nan
30.320000,nan,nan,nan,nan,nan,nan,nan,nan,nan,nan,nan,nan,nan,0.001000,nan,1.570796,0.350000,0.350000,0.350000,1.000000,nan,nan,nan,nan,nan,nan
30.330000,nan,nan,nan,nan,nan,nan,nan,nan,nan,nan,nan,nan,nan,0.001000,nan,1.570796,0.350000,0.350000,0.350000,1.000000,nan,nan,nan,nan,nan,nan
30.340000,nan,nan,nan,nan,nan,nan,nan,nan,nan,nan,nan,nan,nan,0.001000,nan,1.570796,0.350000,0.350000,0.350000,1.000000,nan,nan,nan,nan,nan,nan
30.350000,nan,nan,nan,nan,nan,nan,nan,nan,nan,nan,nan,nan,nan,0.001000,nan,1.570796,0.350000,0.350000,0.350000,1.000000,nan,nan,nan,nan,nan,nan
30.360000,nan,nan,nan,nan,nan,nan,nan,nan,nan,nan,nan,nan,nan,0.001000,nan,1.570796,0.350000,0.350000,0.350000,1.000000,nan,nan,nan,nan,nan,nan
30.370000,nan,nan,nan,nan,nan,nan,nan,nan,nan,nan,nan,nan,nan,0.001000,nan,1.570796,0.350000,0.350000,0.350000,1.000000,nan,nan,nan,nan,nan,nan
30.380000,nan,nan,nan,nan,nan,nan,nan,nan,nan,nan,nan,nan,nan,0.001000,nan,1.570796,0.350000,0.350000,0.350000,1.000000,nan,nan,nan,nan,nan,nan
30.390000,nan,nan,nan,nan,nan,nan,nan,nan,nan,nan,nan,nan,nan,0.001000,nan,1.570796,0.350000,0.350000,0.350000,1.000000,nan,nan,nan,nan,nan,nan
30.400000,nan,nan,nan,nan,nan,nan,nan,nan,nan,nan,nan,nan,nan,0.001000,nan,1.570796,0.350000,0.350000,0.350000,1.000000,nan,nan,nan,nan,nan,nan
30.410000,nan,nan,nan,nan,nan,nan,nan,nan,nan,nan,nan,nan,nan,0.001000,nan,1.570796,0.350000,0.350000,0.350000,1.000000,nan,nan,nan,nan,nan,nan
30.420000,nan,nan,nan,nan,nan,nan,nan,nan,nan,nan,nan,nan,nan,0.001000,nan,1.570796,0.350000,0.350000,0.350000,1.000000,nan,nan,nan,nan,nan,nan
30.430000,nan,nan,nan,nan,nan,nan,nan,nan,nan,nan,nan,nan,nan,0.001000,nan,1.570796,0.350000,0.350000,0.350000,1.000000,nan,nan,nan,nan,nan,nan
30.440000,nan,nan,nan,nan,nan,nan,nan,nan,nan,nan,nan,nan,nan,0.001000,nan,1.570796,0.350000,0.350000,0.350000,1.000000,nan,nan,nan,nan,nan,nan
30.450000,nan,nan,nan,nan,nan,nan,nan,nan,nan,nan,nan,nan,nan,0.001000,nan,1.570796,0.350000,0.350000,0.350000,1.000000,nan,nan,nan,nan,nan,nan
30.460000,nan,nan,nan,nan,nan,nan,nan,nan,nan,nan,nan,nan,nan,0.001000,nan,1.570796,0.350000,0.350000,0.350000,1.000000,nan,nan,nan,nan,nan,nan
30.470000,nan,nan,nan,nan,nan,nan,nan,nan,nan,nan,nan,nan,nan,0.001000,nan,1.570796,0.350000,0.350000,0.350000,1.000000,nan,nan,nan,nan,nan,nan
30.480000,nan,nan,nan,nan,nan,nan,nan,nan,nan,nan,nan,nan,nan,0.001000,nan,1.570796,0.350000,0.350000,0.350000,1.000000,nan,nan,nan,nan,nan,nan
30.490000,nan,nan,nan,nan,nan,nan,nan,nan,nan,nan,nan,nan,nan,0.001000,nan,1.570796,0.350000,0.350000,0.350000,1.000000,nan,nan,nan,nan,nan,nan
30.500000,nan,nan,nan,nan,nan,nan,nan,nan,nan,nan,nan,nan,nan,0.001000,nan,1.570796,0.350000,0.350000,0.350000,1.000000,nan,nan,nan,nan,nan,nan
30.510000,nan,nan,nan,nan,nan,nan,nan,nan,nan,nan,nan,nan,nan,0.001000,nan,1.570796,0.350000,0.350000,0.350000,1.000000,nan,nan,nan,nan,nan,nan
30.520000,nan,nan,nan,nan,nan,nan,nan,nan,nan,nan,nan,nan,nan,0.001000,nan,1.570796,0.350000,0.350000,0.350000,1.000000,nan,nan,nan,nan,nan,nan
30.530000,nan,nan,nan,nan,nan,nan,nan,nan,nan,nan,nan,nan,nan,0.001000,nan,1.570796,0.350000,0.350000,0.350000,1.000000,nan,nan,nan,nan,nan,nan
30.540000,nan,nan,nan,nan,nan,nan,nan,nan,nan,nan,nan,nan,nan,0.001000,nan,1.570796,0.350000,0.350000,0.350000,1.000000,nan,nan,nan,nan,nan,nan
30.550000,nan,nan,nan,nan,nan,nan,nan,nan,nan,nan,nan,nan,nan,0.001000,nan,1.570796,0.350000,0.350000,0.350000,1.000000,nan,nan,nan,nan,nan,nan
30.560000,nan,nan,nan,nan,nan,nan,nan,nan,nan,nan,nan,nan,nan,0.001000,nan,1.570796,0.350000,0.350000,0.350000,1.000000,nan,nan,nan,nan,nan,nan
30.570000,nan,nan,nan,nan,nan,nan,nan,nan,nan,nan,nan,nan,nan,0.001000,nan,1.570796,0.350000,0.350000,0.350000,1.000000,nan,nan,nan,nan,nan,nan
30.580000,nan,nan,nan,nan,nan,nan,nan,nan,nan,nan,nan,nan,nan,0.001000,nan,1.570796,0.350000,0.350000,0.350000,1.000000,nan,nan,nan,nan,nan,nan
30.590000,nan,nan,nan,nan,nan,nan,nan,nan,nan,nan,nan,nan,nan,0.001000,nan,1.570796,0.350000,0.350000,0.350000,1.000000,nan,nan,nan,nan,nan,nan
30.600000,nan,nan,nan,nan,nan,nan,nan,nan,nan,nan,nan,nan,nan,0.001000,nan,1.570796,0.350000,0.350000,0.350000,1.000000,nan,nan,nan,nan,nan,nan
30.610000,nan,nan,nan,nan,nan,nan,nan,nan,nan,nan,nan,nan,nan,0.001000,nan,1.570796,0.350000,0.350000,0.350000,1.000000,nan,nan,nan,nan,nan,nan
30.620000,nan,nan,nan,nan,nan,nan,nan,nan,nan,nan,nan,nan,nan,0.001000,nan,1.570796,0.350000,0.350000,0.350000,1.000000,nan,nan,nan,nan,nan,nan
30.630000,nan,nan,nan,nan,nan,nan,nan,nan,nan,nan,nan,nan,nan,0.001000,nan,1.570796,0.350000,0.350000,0.350000,1.000000,nan,nan,nan,nan,nan,nan
30.640000,nan,nan,nan,nan,nan,nan,nan,nan,nan,nan,nan,nan,nan,0.001000,nan,1.570796,0.350000,0.350000,0.350000,1.000000,nan,nan,nan,nan,nan,nan
30.650000,nan,nan,nan,nan,nan,nan,nan,nan,nan,nan,nan,nan,nan,0.001000,nan,1.570796,0.350000,0.350000,0.350000,1.000000,nan,nan,nan,nan,nan,nan
30.660000,nan,nan,nan,nan,nan,nan,nan,nan,nan,nan,nan,nan,nan,0.001000,nan,1.570796,0.350000,0.350000,0.350000,1.000000,nan,nan,nan,nan,nan,nan
30.670000,nan,nan,nan,nan,nan,nan,nan,nan,nan,nan,nan,nan,nan,0.001000,nan,1.570796,0.350000,0.350000,0.350000,1.000000,nan,nan,nan,nan,nan,nan
30.680000,nan,nan,nan,nan,nan,nan,nan,nan,nan,nan,nan,nan,nan,0.001000,nan,1.570796,0.350000,0.350000,0.350000,1.000000,nan,nan,nan,nan,nan,nan
30.690000,nan,nan,nan,nan,nan,nan,nan,nan,nan,nan,nan,nan,nan,0.001000,nan,1.570796,0.350000,0.350000,0.350000,1.000000,nan,nan,nan,nan,nan,nan
30.700000,nan,nan,nan,nan,nan,nan,nan,nan,nan,nan,nan,nan,nan,0.001000,nan,1.570796,0.350000,0.350000,0.350000,1.000000,nan,nan,nan,nan,nan,nan
30.710000,nan,nan,nan,nan,nan,nan,nan,nan,nan,nan,nan,nan,nan,0.001000,nan,1.570796,0.350000,0.350000,0.350000,1.000000,nan,nan,nan,nan,nan,nan
30.720000,nan,nan,nan,nan,nan,nan,nan,nan,nan,nan,nan,nan,nan,0.001000,nan,1.570796,0.350000,0.350000,0.350000,1.000000,nan,nan,nan,nan,nan,nan
30.730000,nan,nan,nan,nan,nan,nan,nan,nan,nan,nan,nan,nan,nan,0.001000,nan,1.570796,0.350000,0.350000,0.350000,1.000000,nan,nan,nan,nan,nan,nan
30.740000,nan,nan,nan,nan,nan,nan,nan,nan,nan,nan,nan,nan,nan,0.001000,nan,1.570796,0.350000,0.350000,0.350000,1.000000,nan,nan,nan,nan,nan,nan
30.750000,nan,nan,nan,nan,nan,nan,nan,nan,nan,nan,nan,nan,nan,0.001000,nan,1.570796,0.350000,0.350000,0.350000,1.000000,nan,nan,nan,nan,nan,nan
30.760000,nan,nan,nan,nan,nan,nan,nan,nan,nan,nan,nan,nan,nan,0.001000,nan,1.570796,0.350000,0.350000,0.350000,1.000000,nan,nan,nan,nan,nan,nan
30.770000,nan,nan,nan,nan,nan,nan,nan,nan,nan,nan,nan,nan,nan,0.001000,nan,1.570796,0.350000,0.350000,0.350000,1.000000,nan,nan,nan,nan,nan,nan
30.780000,nan,nan,nan,nan,nan,nan,nan,nan,nan,nan,nan,nan,nan,0.001000,nan,1.570796,0.350000,0.350000,0.350000,1.000000,nan,nan,nan,nan,nan,nan
30.790000,nan,nan,nan,nan,nan,nan,nan,nan,nan,nan,nan,nan,nan,0.001000,nan,1.570796,0.350000,0.350000,0.350000,1.000000,nan,nan,nan,nan,nan,nan
30.800000,nan,nan,nan,nan,nan,nan,nan,nan,nan,nan,nan,nan,nan,0.001000,nan,1.570796,0.350000,0.350000,0.350000,1.000000,nan,nan,nan,nan,nan,nan
30.810000,nan,nan,nan,nan,nan,nan,nan,nan,nan,nan,nan,nan,nan,0.001000,nan,1.570796,0.350000,0.350000,0.350000,1.000000,nan,nan,nan,nan,nan,nan
30.820000,nan,nan,nan,nan,nan,nan,nan,nan,nan,nan,nan,nan,nan,0.001000,nan,1.570796,0.350000,0.350000,0.350000,1.000000,nan,nan,nan,nan,nan,nan
30.830000,nan,nan,nan,nan,nan,nan,nan,nan,nan,nan,nan,nan,nan,0.001000,nan,1.570796,0.350000,0.350000,0.350000,1.000000,nan,nan,nan,nan,nan,nan
30.840000,nan,nan,nan,nan,nan,nan,nan,nan,nan,nan,nan,nan,nan,0.001000,nan,1.570796,0.350000,0.350000,0.350000,1.000000,nan,nan,nan,nan,nan,nan
30.850000,nan,nan,nan,nan,nan,nan,nan,nan,nan,nan,nan,nan,nan,0.001000,nan,1.570796,0.350000,0.350000,0.350000,1.000000,nan,nan,nan,nan,nan,nan
30.860000,nan,nan,nan,nan,nan,nan,nan,nan,nan,nan,nan,nan,nan,0.001000,nan,1.570796,0.350000,0.350000,0.350000,1.000000,nan,nan,nan,nan,nan,nan
30.870000,nan,nan,nan,nan,nan,nan,nan,nan,nan,nan,nan,nan,nan,0.001000,nan,1.570796,0.350000,0.350000,0.350000,1.000000,nan,nan,nan,nan,nan,nan
30.880000,nan,nan,nan,nan,nan,nan,nan,nan,nan,nan,nan,nan,nan,0.001000,nan,1.570796,0.350000,0.350000,0.350000,1.000000,nan,nan,nan,nan,nan,nan
30.890000,nan,nan,nan,nan,nan,nan,nan,nan,nan,nan,nan,nan,nan,0.001000,nan,1.570796,0.350000,0.350000,0.350000,1.000000,nan,nan,nan,nan,nan,nan
30.900000,nan,nan,nan,nan,nan,nan,nan,nan,nan,nan,nan,nan,nan,0.001000,nan,1.570796,0.350000,0.350000,0.350000,1.000000,nan,nan,nan,nan,nan,nan
30.910000,nan,nan,nan,nan,nan,nan,nan,nan,nan,nan,nan,nan,nan,0.001000,nan,1.570796,0.350000,0.350000,0.350000,1.000000,nan,nan,nan,nan,nan,nan
30.920000,nan,nan,nan,nan,nan,nan,nan,nan,nan,nan,nan,nan,nan,0.001000,nan,1.570796,0.350000,0.350000,0.350000,1.000000,nan,nan,nan,nan,nan,nan
30.930000,nan,nan,nan,nan,nan,nan,nan,nan,nan,nan,nan,nan,nan,0.001000,nan,1.570796,0.350000,0.350000,0.350000,1.000000,nan,nan,nan,nan,nan,nan
30.940000,nan,nan,nan,nan,nan,nan,nan,nan,nan,nan,nan,nan,nan,0.001000,nan,1.570796,0.350000,0.350000,0.350000,1.000000,nan,nan,nan,nan,nan,nan
30.950000,nan,nan,nan,nan,nan,nan,nan,nan,nan,nan,nan,nan,nan,0.001000,nan,1.570796,0.350000,0.350000,0.350000,1.000000,nan,nan,nan,nan,nan,nan
30.960000,nan,nan,nan,nan,nan,nan,nan,nan,nan,nan,nan,nan,nan,0.001000,nan,1.570796,0.350000,0.350000,0.350000,1.000000,nan,nan,nan,nan,nan,nan
30.970000,nan,nan,nan,nan,nan,nan,nan,nan,nan,nan,nan,nan,nan,0.001000,nan,1.570796,0.350000,0.350000,0.350000,1.000000,nan,nan,nan,nan,nan,nan
30.980000,nan,nan,nan,nan,nan,nan,nan,nan,nan,nan,nan,nan,nan,0.001000,nan,1.570796,0.350000,0.350000,0.350000,1.000000,nan,nan,nan,nan,nan,nan
30.990000,nan,nan,nan,nan,nan,nan,nan,nan,nan,nan,nan,nan,nan,0.001000,nan,1.570796,0.350000,0.350000,0.350000,1.000000,nan,nan,nan,nan,nan,nan
31.000000,nan,nan,nan,nan,nan,nan,nan,nan,nan,nan,nan,nan,nan,0.001000,nan,1.570796,0.350000,0.350000,0.350000,1.000000,nan,nan,nan,nan,nan,nan
31.010000,nan,nan,nan,nan,nan,nan,nan,nan,nan,nan,nan,nan,nan,0.001000,nan,1.570796,0.350000,0.350000,0.350000,1.000000,nan,nan,nan,nan,nan,nan
31.020000,nan,nan,nan,nan,nan,nan,nan,nan,nan,nan,nan,nan,nan,0.001000,nan,1.570796,0.350000,0.350000,0.350000,1.000000,nan,nan,nan,nan,nan,nan
31.030000,nan,nan,nan,nan,nan,nan,nan,nan,nan,nan,nan,nan,nan,0.001000,nan,1.570796,0.350000,0.350000,0.350000,1.000000,nan,nan,nan,nan,nan,nan
31.040000,nan,nan,nan,nan,nan,nan,nan,nan,nan,nan,nan,nan,nan,0.001000,nan,1.570796,0.350000,0.350000,0.350000,1.000000,nan,nan,nan,nan,nan,nan
31.050000,nan,nan,nan,nan,nan,nan,nan,nan,nan,nan,nan,nan,nan,0.001000,nan,1.570796,0.350000,0.350000,0.350000,1.000000,nan,nan,nan,nan,nan,nan
31.060000,nan,nan,nan,nan,nan,nan,nan,nan,nan,nan,nan,nan,nan,0.001000,nan,1.570796,0.350000,0.350000,0.350000,1.000000,nan,nan,nan,nan,nan,nan
31.070000,nan,nan,nan,nan,nan,nan,nan,nan,nan,nan,nan,nan,nan,0.001000,nan,1.570796,0.350000,0.350000,0.350000,1.000000,nan,nan,nan,nan,nan,nan
31.080000,nan,nan,nan,nan,nan,nan,nan,nan,nan,nan,nan,nan,nan,0.001000,nan,1.570796,0.350000,0.350000,0.350000,1.000000,nan,nan,nan,nan,nan,nan
31.090000,nan,nan,nan,nan,nan,nan,nan,nan,nan,nan,nan,nan,nan,0.001000,nan,1.570796,0.350000,0.350000,0.350000,1.000000,nan,nan,nan,nan,nan,nan
31.100000,nan,nan,nan,nan,nan,nan,nan,nan,nan,nan,nan,nan,nan,0.001000,nan,1.570796,0.350000,0.350000,0.350000,1.000000,nan,nan,nan,nan,nan,nan
31.110000,nan,nan,nan,nan,nan,nan,nan,nan,nan,nan,nan,nan,nan,0.001000,nan,1.570796,0.350000,0.350000,0.350000,1.000000,nan,nan,nan,nan,nan,nan
31.120000,nan,nan,nan,nan,nan,nan,nan,nan,nan,nan,nan,nan,nan,0.001000,nan,1.570796,0.350000,0.350000,0.350000,1.000000,nan,nan,nan,nan,nan,nan
31.130000,nan,nan,nan,nan,nan,nan,nan,nan,nan,nan,nan,nan,nan,0.001000,nan,1.570796,0.350000,0.350000,0.350000,1.000000,nan,nan,nan,nan,nan,nan
31.140000,nan,nan,nan,nan,nan,nan,nan,nan,nan,nan,nan,nan,nan,0.001000,nan,1.570796,0.350000,0.350000,0.350000,1.000000,nan,nan,nan,nan,nan,nan
31.150000,nan,nan,nan,nan,nan,nan,nan,nan,nan,nan,nan,nan,nan,0.001000,nan,1.570796,0.350000,0.350000,0.350000,1.000000,nan,nan,nan,nan,nan,nan
31.160000,nan,nan,nan,nan,nan,nan,nan,nan,nan,nan,nan,nan,nan,0.001000,nan,1.570796,0.350000,0.350000,0.350000,1.000000,nan,nan,nan,nan,nan,nan
31.170000,nan,nan,nan,nan,nan,nan,nan,nan,nan,nan,nan,nan,nan,0.001000,nan,1.570796,0.350000,0.350000,0.350000,1.000000,nan,nan,nan,nan,nan,nan
31.180000,nan,nan,nan,nan,nan,nan,nan,nan,nan,nan,nan,nan,nan,0.001000,nan,1.570796,0.350000,0.350000,0.350000,1.000000,nan,nan,nan,nan,nan,nan
31.190000,nan,nan,nan,nan,nan,nan,nan,nan,nan,nan,nan,nan,nan,0.001000,nan,1.570796,0.350000,0.350000,0.350000,1.000000,nan,nan,nan,nan,nan,nan
31.200000,nan,nan,nan,nan,nan,nan,nan,nan,nan,nan,nan,nan,nan,0.001000,nan,1.570796,0.350000,0.350000,0.350000,1.000000,nan,nan,nan,nan,nan,nan
31.210000,nan,nan,nan,nan,nan,nan,nan,nan,nan,nan,nan,nan,nan,0.001000,nan,1.570796,0.350000,0.350000,0.350000,1.000000,nan,nan,nan,nan,nan,nan
31.220000,nan,nan,nan,nan,nan,nan,nan,nan,nan,nan,nan,nan,nan,0.001000,nan,1.570796,0.350000,0.350000,0.350000,1.000000,nan,nan,nan,nan,nan,nan
31.230000,nan,nan,nan,nan,nan,nan,nan,nan,nan,nan,nan,nan,nan,0.001000,nan,1.570796,0.350000,0.350000,0.350000,1.000000,nan,nan,nan,nan,nan,nan
31.240000,nan,nan,nan,nan,nan,nan,nan,nan,nan,nan,nan,nan,nan,0.001000,nan,1.570796,0.350000,0.350000,0.350000,1.000000,nan,nan,nan,nan,nan,nan
31.250000,nan,nan,nan,nan,nan,nan,nan,nan,nan,nan,nan,nan,nan,0.001000,nan,1.570796,0.350000,0.350000,0.350000,1.000000,nan,nan,nan,nan,nan,nan
31.260000,nan,nan,nan,nan,nan,nan,nan,nan,nan,nan,nan,nan,nan,0.001000,nan,1.570796,0.350000,0.350000,0.350000,1.000000,nan,nan,nan,nan,nan,nan
31.270000,nan,nan,nan,nan,nan,nan,nan,nan,nan,nan,nan,nan,nan,0.001000,nan,1.570796,0.350000,0.350000,0.350000,1.000000,nan,nan,nan,nan,nan,nan
31.280000,nan,nan,nan,nan,nan,nan,nan,nan,nan,nan,nan,nan,nan,0.001000,nan,1.570796,0.350000,0.350000,0.350000,1.000000,nan,nan,nan,nan,nan,nan
31.290000,nan,nan,nan,nan,nan,nan,nan,nan,nan,nan,nan,nan,nan,0.001000,nan,1.570796,0.350000,0.350000,0.350000,1.000000,nan,nan,nan,nan,nan,nan
31.300000,nan,nan,nan,nan,nan,nan,nan,nan,nan,nan,nan,nan,nan,0.001000,nan,1.570796,0.350000,0.350000,0.350000,1.000000,nan,nan,nan,nan,nan,nan
31.310000,nan,nan,nan,nan,nan,nan,nan,nan,nan,nan,nan,nan,nan,0.001000,nan,1.570796,0.350000,0.350000,0.350000,1.000000,nan,nan,nan,nan,nan,nan
31.320000,nan,nan,nan,nan,nan,nan,nan,nan,nan,nan,nan,nan,nan,0.001000,nan,1.570796,0.350000,0.350000,0.350000,1.000000,nan,nan,nan,nan,nan,nan
31.330000,nan,nan,nan,nan,nan,nan,nan,nan,nan,nan,nan,nan,nan,0.001000,nan,1.570796,0.350000,0.350000,0.350000,1.000000,nan,nan,nan,nan,nan,nan
31.340000,nan,nan,nan,nan,nan,nan,nan,nan,nan,nan,nan,nan,nan,0.001000,nan,1.570796,0.350000,0.350000,0.350000,1.000000,nan,nan,nan,nan,nan,nan
31.350000,nan,nan,nan,nan,nan,nan,nan,nan,nan,nan,nan,nan,nan,0.001000,nan,1.570796,0.350000,0.350000,0.350000,1.000000,nan,nan,nan,nan,nan,nan
31.360000,nan,nan,nan,nan,nan,nan,nan,nan,nan,nan,nan,nan,nan,0.001000,nan,1.570796,0.350000,0.350000,0.350000,1.000000,nan,nan,nan,nan,nan,nan
31.370000,nan,nan,nan,nan,nan,nan,nan,nan,nan,nan,nan,nan,nan,0.001000,nan,1.570796,0.350000,0.350000,0.350000,1.000000,nan,nan,nan,nan,nan,nan
31.380000,nan,nan,nan,nan,nan,nan,nan,nan,nan,nan,nan,nan,nan,0.001000,nan,1.570796,0.350000,0.350000,0.350000,1.000000,nan,nan,nan,nan,nan,nan
31.390000,nan,nan,nan,nan,nan,nan,nan,nan,nan,nan,nan,nan,nan,0.001000,nan,1.570796,0.350000,0.350000,0.350000,1.000000,nan,nan,nan,nan,nan,nan
31.400000,nan,nan,nan,nan,nan,nan,nan,nan,nan,nan,nan,nan,nan,0.001000,nan,1.570796,0.350000,0.350000,0.350000,1.000000,nan,nan,nan,nan,nan,nan
31.410000,nan,nan,nan,nan,nan,nan,nan,nan,nan,nan,nan,nan,nan,0.001000,nan,1.570796,0.350000,0.350000,0.350000,1.000000,nan,nan,nan,nan,nan,nan
31.420000,nan,nan,nan,nan,nan,nan,nan,nan,nan,nan,nan,nan,nan,0.001000,nan,1.570796,0.350000,0.350000,0.350000,1.000000,nan,nan,nan,nan,nan,nan
31.430000,nan,nan,nan,nan,nan,nan,nan,nan,nan,nan,nan,nan,nan,0.001000,nan,1.570796,0.350000,0.350000,0.350000,1.000000,nan,nan,nan,nan,nan,nan
31.440000,nan,nan,nan,nan,nan,nan,nan,nan,nan,nan,nan,nan,nan,0.001000,nan,1.570796,0.350000,0.350000,0.350000,1.000000,nan,nan,nan,nan,nan,nan
31.450000,nan,nan,nan,nan,nan,nan,nan,nan,nan,nan,nan,nan,nan,0.001000,nan,1.570796,0.350000,0.350000,0.350000,1.000000,nan,nan,nan,nan,nan,nan
31.460000,nan,nan,nan,nan,nan,nan,nan,nan,nan,nan,nan,nan,nan,0.001000,nan,1.570796,0.350000,0.350000,0.350000,1.000000,nan,nan,nan,nan,nan,nan
31.470000,nan,nan,nan,nan,nan,nan,nan,nan,nan,nan,nan,nan,nan,0.001000,nan,1.570796,0.350000,0.350000,0.350000,1.000000,nan,nan,nan,nan,nan,nan
31.480000,nan,nan,nan,nan,nan,nan,nan,nan,nan,nan,nan,nan,nan,0.001000,nan,1.570796,0.350000,0.350000,0.350000,1.000000,nan,nan,nan,nan,nan,nan
31.490000,nan,nan,nan,nan,nan,nan,nan,nan,nan,nan,nan,nan,nan,0.001000,nan,1.570796,0.350000,0.350000,0.350000,1.000000,nan,nan,nan,nan,nan,nan
31.500000,nan,nan,nan,nan,nan,nan,nan,nan,nan,nan,nan,nan,nan,0.001000,nan,1.570796,0.350000,0.350000,0.350000,1.000000,nan,nan,nan,nan,nan,nan
31.510000,nan,nan,nan,nan,nan,nan,nan,nan,nan,nan,nan,nan,nan,0.001000,nan,1.570796,0.350000,0.350000,0.350000,1.000000,nan,nan,nan,nan,nan,nan
31.520000,nan,nan,nan,nan,nan,nan,nan,nan,nan,nan,nan,nan,nan,0.001000,nan,1.570796,0.350000,0.350000,0.350000,1.000000,nan,nan,nan,nan,nan,nan
31.530000,nan,nan,nan,nan,nan,nan,nan,nan,nan,nan,nan,nan,nan,0.001000,nan,1.570796,0.350000,0.350000,0.350000,1.000000,nan,nan,nan,nan,nan,nan
31.540000,nan,nan,nan,nan,nan,nan,nan,nan,nan,nan,nan,nan,nan,0.001000,nan,1.570796,0.350000,0.350000,0.350000,1.000000,nan,nan,nan,nan,nan,nan
31.550000,nan,nan,nan,nan,nan,nan,nan,nan,nan,nan,nan,nan,nan,0.001000,nan,1.570796,0.350000,0.350000,0.350000,1.000000,nan,nan,nan,nan,nan,nan
31.560000,nan,nan,nan,nan,nan,nan,nan,nan,nan,nan,nan,nan,nan,0.001000,nan,1.570796,0.350000,0.350000,0.350000,1.000000,nan,nan,nan,nan,nan,nan
31.570000,nan,nan,nan,nan,nan,nan,nan,nan,nan,nan,nan,nan,nan,0.001000,nan,1.570796,0.350000,0.350000,0.350000,1.000000,nan,nan,nan,nan,nan,nan
31.580000,nan,nan,nan,nan,nan,nan,nan,nan,nan,nan,nan,nan,nan,0.001000,nan,1.570796,0.350000,0.350000,0.350000,1.000000,nan,nan,nan,nan,nan,nan
31.590000,nan,nan,nan,nan,nan,nan,nan,nan,nan,nan,nan,nan,nan,0.001000,nan,1.570796,0.350000,0.350000,0.350000,1.000000,nan,nan,nan,nan,nan,nan
31.600000,nan,nan,nan,nan,nan,nan,nan,nan,nan,nan,nan,nan,nan,0.001000,nan,1.570796,0.350000,0.350000,0.350000,1.000000,nan,nan,nan,nan,nan,nan
31.610000,nan,nan,nan,nan,nan,nan,nan,nan,nan,nan,nan,nan,nan,0.001000,nan,1.570796,0.350000,0.350000,0.350000,1.000000,nan,nan,nan,nan,nan,nan
31.620000,nan,nan,nan,nan,nan,nan,nan,nan,nan,nan,nan,nan,nan,0.001000,nan,1.570796,0.350000,0.350000,0.350000,1.000000,nan,nan,nan,nan,nan,nan
31.630000,nan,nan,nan,nan,nan,nan,nan,nan,nan,nan,nan,nan,nan,0.001000,nan,1.570796,0.350000,0.350000,0.350000,1.000000,nan,nan,nan,nan,nan,nan
31.640000,nan,nan,nan,nan,nan,nan,nan,nan,nan,nan,nan,nan,nan,0.001000,nan,1.570796,0.350000,0.350000,0.350000,1.000000,nan,nan,nan,nan,nan,nan
31.650000,nan,nan,nan,nan,nan,nan,nan,nan,nan,nan,nan,nan,nan,0.001000,nan,1.570796,0.350000,0.350000,0.350000,1.000000,nan,nan,nan,nan,nan,nan
31.660000,nan,nan,nan,nan,nan,nan,nan,nan,nan,nan,nan,nan,nan,0.001000,nan,1.570796,0.350000,0.350000,0.350000,1.000000,nan,nan,nan,nan,nan,nan
31.670000,nan,nan,nan,nan,nan,nan,nan,nan,nan,nan,nan,nan,nan,0.001000,nan,1.570796,0.350000,0.350000,0.350000,1.000000,nan,nan,nan,nan,nan,nan
31.680000,nan,nan,nan,nan,nan,nan,nan,nan,nan,nan,nan,nan,nan,0.001000,nan,1.570796,0.350000,0.350000,0.350000,1.000000,nan,nan,nan,nan,nan,nan
31.690000,nan,nan,nan,nan,nan,nan,nan,nan,nan,nan,nan,nan,nan,0.001000,nan,1.570796,0.350000,0.350000,0.350000,1.000000,nan,nan,nan,nan,nan,nan
31.700000,nan,nan,nan,nan,nan,nan,nan,nan,nan,nan,nan,nan,nan,0.001000,nan,1.570796,0.350000,0.350000,0.350000,1.000000,nan,nan,nan,nan,nan,nan
31.710000,nan,nan,nan,nan,nan,nan,nan,nan,nan,nan,nan,nan,nan,0.001000,nan,1.570796,0.350000,0.350000,0.350000,1.000000,nan,nan,nan,nan,nan,nan
31.720000,nan,nan,nan,nan,nan,nan,nan,nan,nan,nan,nan,nan,nan,0.001000,nan,1.570796,0.350000,0.350000,0.350000,1.000000,nan,nan,nan,nan,nan,nan
31.730000,nan,nan,nan,nan,nan,nan,nan,nan,nan,nan,nan,nan,nan,0.001000,nan,1.570796,0.350000,0.350000,0.350000,1.000000,nan,nan,nan,nan,nan,nan
31.740000,nan,nan,nan,nan,nan,nan,nan,nan,nan,nan,nan,nan,nan,0.001000,nan,1.570796,0.350000,0.350000,0.350000,1.000000,nan,nan,nan,nan,nan,nan
31.750000,nan,nan,nan,nan,nan,nan,nan,nan,nan,nan,nan,nan,nan,0.001000,nan,1.570796,0.350000,0.350000,0.350000,1.000000,nan,nan,nan,nan,nan,nan
31.760000,nan,nan,nan,nan,nan,nan,nan,nan,nan,nan,nan,nan,nan,0.001000,nan,1.570796,0.350000,0.350000,0.350000,1.000000,nan,nan,nan,nan,nan,nan
31.770000,nan,nan,nan,nan,nan,nan,nan,nan,nan,nan,nan,nan,nan,0.001000,nan,1.570796,0.350000,0.350000,0.350000,1.000000,nan,nan,nan,nan,nan,nan
31.780000,nan,nan,nan,nan,nan,nan,nan,nan,nan,nan,nan,nan,nan,0.001000,nan,1.570796,0.350000,0.350000,0.350000,1.000000,nan,nan,nan,nan,nan,nan
31.790000,nan,nan,nan,nan,nan,nan,nan,nan,nan,nan,nan,nan,nan,0.001000,nan,1.570796,0.350000,0.350000,0.350000,1.000000,nan,nan,nan,nan,nan,nan
31.800000,nan,nan,nan,nan,nan,nan,nan,nan,nan,nan,nan,nan,nan,0.001000,nan,1.570796,0.350000,0.350000,0.350000,1.000000,nan,nan,nan,nan,nan,nan
31.810000,nan,nan,nan,nan,nan,nan,nan,nan,nan,nan,nan,nan,nan,0.001000,nan,1.570796,0.350000,0.350000,0.350000,1.000000,nan,nan,nan,nan,nan,nan
31.820000,nan,nan,nan,nan,nan,nan,nan,nan,nan,nan,nan,nan,nan,0.001000,nan,1.570796,0.350000,0.350000,0.350000,1.000000,nan,nan,nan,nan,nan,nan
31.830000,nan,nan,nan,nan,nan,nan,nan,nan,nan,nan,nan,nan,nan,0.001000,nan,1.570796,0.350000,0.350000,0.350000,1.000000,nan,nan,nan,nan,nan,nan
31.840000,nan,nan,nan,nan,nan,nan,nan,nan,nan,nan,nan,nan,nan,0.001000,nan,1.570796,0.350000,0.350000,0.350000,1.000000,nan,nan,nan,nan,nan,nan
31.850000,nan,nan,nan,nan,nan,nan,nan,nan,nan,nan,nan,nan,nan,0.001000,nan,1.570796,0.350000,0.350000,0.350000,1.000000,nan,nan,nan,nan,nan,nan
31.860000,nan,nan,nan,nan,nan,nan,nan,nan,nan,nan,nan,nan,nan,0.001000,nan,1.570796,0.350000,0.350000,0.350000,1.000000,nan,nan,nan,nan,nan,nan
31.870000,nan,nan,nan,nan,nan,nan,nan,nan,nan,nan,nan,nan,nan,0.001000,nan,1.570796,0.350000,0.350000,0.350000,1.000000,nan,nan,nan,nan,nan,nan
31.880000,nan,nan,nan,nan,nan,nan,nan,nan,nan,nan,nan,nan,nan,0.001000,nan,1.570796,0.350000,0.350000,0.350000,1.000000,nan,nan,nan,nan,nan,nan
31.890000,nan,nan,nan,nan,nan,nan,nan,nan,nan,nan,nan,nan,nan,0.001000,nan,1.570796,0.350000,0.350000,0.350000,1.000000,nan,nan,nan,nan,nan,nan
31.900000,nan,nan,nan,nan,nan,nan,nan,nan,nan,nan,nan,nan,nan,0.001000,nan,1.570796,0.350000,0.350000,0.350000,1.000000,nan,nan,nan,nan,nan,nan
31.910000,nan,nan,nan,nan,nan,nan,nan,nan,nan,nan,nan,nan,nan,0.001000,nan,1.570796,0.350000,0.350000,0.350000,1.000000,nan,nan,nan,nan,nan,nan
31.920000,nan,nan,nan,nan,nan,nan,nan,nan,nan,nan,nan,nan,nan,0.001000,nan,1.570796,0.350000,0.350000,0.350000,1.000000,nan,nan,nan,nan,nan,nan
31.930000,nan,nan,nan,nan,nan,nan,nan,nan,nan,nan,nan,nan,nan,0.001000,nan,1.570796,0.350000,0.350000,0.350000,1.000000,nan,nan,nan,nan,nan,nan
31.940000,nan,nan,nan,nan,nan,nan,nan,nan,nan,nan,nan,nan,nan,0.001000,nan,1.570796,0.350000,0.350000,0.350000,1.000000,nan,nan,nan,nan,nan,nan
31.950000,nan,nan,nan,nan,nan,nan,nan,nan,nan,nan,nan,nan,nan,0.001000,nan,1.570796,0.350000,0.350000,0.350000,1.000000,nan,nan,nan,nan,nan,nan
31.960000,nan,nan,nan,nan,nan,nan,nan,nan,nan,nan,nan,nan,nan,0.001000,nan,1.570796,0.350000,0.350000,0.350000,1.000000,nan,nan,nan,nan,nan,nan
31.970000,nan,nan,nan,nan,nan,nan,nan,nan,nan,nan,nan,nan,nan,0.001000,nan,1.570796,0.350000,0.350000,0.350000,1.000000,nan,nan,nan,nan,nan,nan
31.980000,nan,nan,nan,nan,nan,nan,nan,nan,nan,nan,nan,nan,nan,0.001000,nan,1.570796,0.350000,0.350000,0.350000,1.000000,nan,nan,nan,nan,nan,nan
31.990000,nan,nan,nan,nan,nan,nan,nan,nan,nan,nan,nan,nan,nan,0.001000,nan,1.570796,0.350000,0.350000,0.350000,1.000000,nan,nan,nan,nan,nan,nan
32.000000,nan,nan,nan,nan,nan,nan,nan,nan,nan,nan,nan,nan,nan,0.001000,nan,1.570796,0.350000,0.350000,0.350000,1.000000,nan,nan,nan,nan,nan,nan
32.010000,nan,nan,nan,nan,nan,nan,nan,nan,nan,nan,nan,nan,nan,0.001000,nan,1.570796,0.350000,0.350000,0.350000,1.000000,nan,nan,nan,nan,nan,nan
32.020000,nan,nan,nan,nan,nan,nan,nan,nan,nan,nan,nan,nan,nan,0.001000,nan,1.570796,0.350000,0.350000,0.350000,1.000000,nan,nan,nan,nan,nan,nan
32.030000,nan,nan,nan,nan,nan,nan,nan,nan,nan,nan,nan,nan,nan,0.001000,nan,1.570796,0.350000,0.350000,0.350000,1.000000,nan,nan,nan,nan,nan,nan
32.040000,nan,nan,nan,nan,nan,nan,nan,nan,nan,nan,nan,nan,nan,0.001000,nan,1.570796,0.350000,0.350000,0.350000,1.000000,nan,nan,nan,nan,nan,nan
32.050000,nan,nan,nan,nan,nan,nan,nan,nan,nan,nan,nan,nan,nan,0.001000,nan,1.570796,0.350000,0.350000,0.350000,1.000000,nan,nan,nan,nan,nan,nan
32.060000,nan,nan,nan,nan,nan,nan,nan,nan,nan,nan,nan,nan,nan,0.001000,nan,1.570796,0.350000,0.350000,0.350000,1.000000,nan,nan,nan,nan,nan,nan
32.070000,nan,nan,nan,nan,nan,nan,nan,nan,nan,nan,nan,nan,nan,0.001000,nan,1.570796,0.350000,0.350000,0.350000,1.000000,nan,nan,nan,nan,nan,nan
32.080000,nan,nan,nan,nan,nan,nan,nan,nan,nan,nan,nan,nan,nan,0.001000,nan,1.570796,0.350000,0.350000,0.350000,1.000000,nan,nan,nan,nan,nan,nan
32.090000,nan,nan,nan,nan,nan,nan,nan,nan,nan,nan,nan,nan,nan,0.001000,nan,1.570796,0.350000,0.350000,0.350000,1.000000,nan,nan,nan,nan,nan,nan
32.100000,nan,nan,nan,nan,nan,nan,nan,nan,nan,nan,nan,nan,nan,0.001000,nan,1.570796,0.350000,0.350000,0.350000,1.000000,nan,nan,nan,nan,nan,nan
32.110000,nan,nan,nan,nan,nan,nan,nan,nan,nan,nan,nan,nan,nan,0.001000,nan,1.570796,0.350000,0.350000,0.350000,1.000000,nan,nan,nan,nan,nan,nan
32.120000,nan,nan,nan,nan,nan,nan,nan,nan,nan,nan,nan,nan,nan,0.001000,nan,1.570796,0.350000,0.350000,0.350000,1.000000,nan,nan,nan,nan,nan,nan
32.130000,nan,nan,nan,nan,nan,nan,nan,nan,nan,nan,nan,nan,nan,0.001000,nan,1.570796,0.350000,0.350000,0.350000,1.000000,nan,nan,nan,nan,nan,nan
32.140000,nan,nan,nan,nan,nan,nan,nan,nan,nan,nan,nan,nan,nan,0.001000,nan,1.570796,0.350000,0.350000,0.350000,1.000000,nan,nan,nan,nan,nan,nan
32.150000,nan,nan,nan,nan,nan,nan,nan,nan,nan,nan,nan,nan,nan,0.001000,nan,1.570796,0.350000,0.350000,0.350000,1.000000,nan,nan,nan,nan,nan,nan
32.160000,nan,nan,nan,nan,nan,nan,nan,nan,nan,nan,nan,nan,nan,0.001000,nan,1.570796,0.350000,0.350000,0.350000,1.000000,nan,nan,nan,nan,nan,nan
32.170000,nan,nan,nan,nan,nan,nan,nan,nan,nan,nan,nan,nan,nan,0.001000,nan,1.570796,0.350000,0.350000,0.350000,1.000000,nan,nan,nan,nan,nan,nan
32.180000,nan,nan,nan,nan,nan,nan,nan,nan,nan,nan,nan,nan,nan,0.001000,nan,1.570796,0.350000,0.350000,0.350000,1.000000,nan,nan,nan,nan,nan,nan
32.190000,nan,nan,nan,nan,nan,nan,nan,nan,nan,nan,nan,nan,nan,0.001000,nan,1.570796,0.350000,0.350000,0.350000,1.000000,nan,nan,nan,nan,nan,nan
32.200000,nan,nan,nan,nan,nan,nan,nan,nan,nan,nan,nan,nan,nan,0.001000,nan,1.570796,0.350000,0.350000,0.350000,1.000000,nan,nan,nan,nan,nan,nan
32.210000,nan,nan,nan,nan,nan,nan,nan,nan,nan,nan,nan,nan,nan,0.001000,nan,1.570796,0.350000,0.350000,0.350000,1.000000,nan,nan,nan,nan,nan,nan
32.220000,nan,nan,nan,nan,nan,nan,nan,nan,nan,nan,nan,nan,nan,0.001000,nan,1.570796,0.350000,0.350000,0.350000,1.000000,nan,nan,nan,nan,nan,nan
32.230000,nan,nan,nan,nan,nan,nan,nan,nan,nan,nan,nan,nan,nan,0.001000,nan,1.570796,0.350000,0.350000,0.350000,1.000000,nan,nan,nan,nan,nan,nan
32.240000,nan,nan,nan,nan,nan,nan,nan,nan,nan,nan,nan,nan,nan,0.001000,nan,1.570796,0.350000,0.350000,0.350000,1.000000,nan,nan,nan,nan,nan,nan
32.250000,nan,nan,nan,nan,nan,nan,nan,nan,nan,nan,nan,nan,nan,0.001000,nan,1.570796,0.350000,0.350000,0.350000,1.000000,nan,nan,nan,nan,nan,nan
32.260000,nan,nan,nan,nan,nan,nan,nan,nan,nan,nan,nan,nan,nan,0.001000,nan,1.570796,0.350000,0.350000,0.350000,1.000000,nan,nan,nan,nan,nan,nan
32.270000,nan,nan,nan,nan,nan,nan,nan,nan,nan,nan,nan,nan,nan,0.001000,nan,1.570796,0.350000,0.350000,0.350000,1.000000,nan,nan,nan,nan,nan,nan
32.280000,nan,nan,nan,nan,nan,nan,nan,nan,nan,nan,nan,nan,nan,0.001000,nan,1.570796,0.350000,0.350000,0.350000,1.000000,nan,nan,nan,nan,nan,nan
32.290000,nan,nan,nan,nan,nan,nan,nan,nan,nan,nan,nan,nan,nan,0.001000,nan,1.570796,0.350000,0.350000,0.350000,1.000000,nan,nan,nan,nan,nan,nan
32.300000,nan,nan,nan,nan,nan,nan,nan,nan,nan,nan,nan,nan,nan,0.001000,nan,1.570796,0.350000,0.350000,0.350000,1.000000,nan,nan,nan,nan,nan,nan
32.310000,nan,nan,nan,nan,nan,nan,nan,nan,nan,nan,nan,nan,nan,0.001000,nan,1.570796,0.350000,0.350000,0.350000,1.000000,nan,nan,nan,nan,nan,nan
32.320000,nan,nan,nan,nan,nan,nan,nan,nan,nan,nan,nan,nan,nan,0.001000,nan,1.570796,0.350000,0.350000,0.350000,1.000000,nan,nan,nan,nan,nan,nan
32.330000,nan,nan,nan,nan,nan,nan,nan,nan,nan,nan,nan,nan,nan,0.001000,nan,1.570796,0.350000,0.350000,0.350000,1.000000,nan,nan,nan,nan,nan,nan
32.340000,nan,nan,nan,nan,nan,nan,nan,nan,nan,nan,nan,nan,nan,0.001000,nan,1.570796,0.350000,0.350000,0.350000,1.000000,nan,nan,nan,nan,nan,nan
32.350000,nan,nan,nan,nan,nan,nan,nan,nan,nan,nan,nan,nan,nan,0.001000,nan,1.570796,0.350000,0.350000,0.350000,1.000000,nan,nan,nan,nan,nan,nan
32.360000,nan,nan,nan,nan,nan,nan,nan,nan,nan,nan,nan,nan,nan,0.001000,nan,1.570796,0.350000,0.350000,0.350000,1.000000,nan,nan,nan,nan,nan,nan
32.370000,nan,nan,nan,nan,nan,nan,nan,nan,nan,nan,nan,nan,nan,0.001000,nan,1.570796,0.350000,0.350000,0.350000,1.000000,nan,nan,nan,nan,nan,nan
32.380000,nan,nan,nan,nan,nan,nan,nan,nan,nan,nan,nan,nan,nan,0.001000,nan,1.570796,0.350000,0.350000,0.350000,1.000000,nan,nan,nan,nan,nan,nan
32.390000,nan,nan,nan,nan,nan,nan,nan,nan,nan,nan,nan,nan,nan,0.001000,nan,1.570796,0.350000,0.350000,0.350000,1.000000,nan,nan,nan,nan,nan,nan
32.400000,nan,nan,nan,nan,nan,nan,nan,nan,nan,nan,nan,nan,nan,0.001000,nan,1.570796,0.350000,0.350000,0.350000,1.000000,nan,nan,nan,nan,nan,nan
32.410000,nan,nan,nan,nan,nan,nan,nan,nan,nan,nan,nan,nan,nan,0.001000,nan,1.570796,0.350000,0.350000,0.350000,1.000000,nan,nan,nan,nan,nan,nan
32.420000,nan,nan,nan,nan,nan,nan,nan,nan,nan,nan,nan,nan,nan,0.001000,nan,1.570796,0.350000,0.350000,0.350000,1.000000,nan,nan,nan,nan,nan,nan
32.430000,nan,nan,nan,nan,nan,nan,nan,nan,nan,nan,nan,nan,nan,0.001000,nan,1.570796,0.350000,0.350000,0.350000,1.000000,nan,nan,nan,nan,nan,nan
32.440000,nan,nan,nan,nan,nan,nan,nan,nan,nan,nan,nan,nan,nan,0.001000,nan,1.570796,0.350000,0.350000,0.350000,1.000000,nan,nan,nan,nan,nan,nan
32.450000,nan,nan,nan,nan,nan,nan,nan,nan,nan,nan,nan,nan,nan,0.001000,nan,1.570796,0.350000,0.350000,0.350000,1.000000,nan,nan,nan,nan,nan,nan
32.460000,nan,nan,nan,nan,nan,nan,nan,nan,nan,nan,nan,nan,nan,0.001000,nan,1.570796,0.350000,0.350000,0.350000,1.000000,nan,nan,nan,nan,nan,nan
32.470000,nan,nan,nan,nan,nan,nan,nan,nan,nan,nan,nan,nan,nan,0.001000,nan,1.570796,0.350000,0.350000,0.350000,1.000000,nan,nan,nan,nan,nan,nan
32.480000,nan,nan,nan,nan,nan,nan,nan,nan,nan,nan,nan,nan,nan,0.001000,nan,1.570796,0.350000,0.350000,0.350000,1.000000,nan,nan,nan,nan,nan,nan
32.490000,nan,nan,nan,nan,nan,nan,nan,nan,nan,nan,nan,nan,nan,0.001000,nan,1.570796,0.350000,0.350000,0.350000,1.000000,nan,nan,nan,nan,nan,nan
32.500000,nan,nan,nan,nan,nan,nan,nan,nan,nan,nan,nan,nan,nan,0.001000,nan,1.570796,0.350000,0.350000,0.350000,1.000000,nan,nan,nan,nan,nan,nan
32.510000,nan,nan,nan,nan,nan,nan,nan,nan,nan,nan,nan,nan,nan,0.001000,nan,1.570796,0.350000,0.350000,0.350000,1.000000,nan,nan,nan,nan,nan,nan
32.520000,nan,nan,nan,nan,nan,nan,nan,nan,nan,nan,nan,nan,nan,0.001000,nan,1.570796,0.350000,0.350000,0.350000,1.000000,nan,nan,nan,nan,nan,nan
32.530000,nan,nan,nan,nan,nan,nan,nan,nan,nan,nan,nan,nan,nan,0.001000,nan,1.570796,0.350000,0.350000,0.350000,1.000000,nan,nan,nan,nan,nan,nan
32.540000,nan,nan,nan,nan,nan,nan,nan,nan,nan,nan,nan,nan,nan,0.001000,nan,1.570796,0.350000,0.350000,0.350000,1.000000,nan,nan,nan,nan,nan,nan
32.550000,nan,nan,nan,nan,nan,nan,nan,nan,nan,nan,nan,nan,nan,0.001000,nan,1.570796,0.350000,0.350000,0.350000,1.000000,nan,nan,nan,nan,nan,nan
32.560000,nan,nan,nan,nan,nan,nan,nan,nan,nan,nan,nan,nan,nan,0.001000,nan,1.570796,0.350000,0.350000,0.350000,1.000000,nan,nan,nan,nan,nan,nan
32.570000,nan,nan,nan,nan,nan,nan,nan,nan,nan,nan,nan,nan,nan,0.001000,nan,1.570796,0.350000,0.350000,0.350000,1.000000,nan,nan,nan,nan,nan,nan
32.580000,nan,nan,nan,nan,nan,nan,nan,nan,nan,nan,nan,nan,nan,0.001000,nan,1.570796,0.350000,0.350000,0.350000,1.000000,nan,nan,nan,nan,nan,nan
32.590000,nan,nan,nan,nan,nan,nan,nan,nan,nan,nan,nan,nan,nan,0.001000,nan,1.570796,0.350000,0.350000,0.350000,1.000000,nan,nan,nan,nan,nan,nan
32.600000,nan,nan,nan,nan,nan,nan,nan,nan,nan,nan,nan,nan,nan,0.001000,nan,1.570796,0.350000,0.350000,0.350000,1.000000,nan,nan,nan,nan,nan,nan
32.610000,nan,nan,nan,nan,nan,nan,nan,nan,nan,nan,nan,nan,nan,0.001000,nan,1.570796,0.350000,0.350000,0.350000,1.000000,nan,nan,nan,nan,nan,nan
32.620000,nan,nan,nan,nan,nan,nan,nan,nan,nan,nan,nan,nan,nan,0.001000,nan,1.570796,0.350000,0.350000,0.350000,1.000000,nan,nan,nan,nan,nan,nan
32.630000,nan,nan,nan,nan,nan,nan,nan,nan,nan,nan,nan,nan,nan,0.001000,nan,1.570796,0.350000,0.350000,0.350000,1.000000,nan,nan,nan,nan,nan,nan
32.640000,nan,nan,nan,nan,nan,nan,nan,nan,nan,nan,nan,nan,nan,0.001000,nan,1.570796,0.350000,0.350000,0.350000,1.000000,nan,nan,nan,nan,nan,nan
32.650000,nan,nan,nan,nan,nan,nan,nan,nan,nan,nan,nan,nan,nan,0.001000,nan,1.570796,0.350000,0.350000,0.350000,1.000000,nan,nan,nan,nan,nan,nan
32.660000,nan,nan,nan,nan,nan,nan,nan,nan,nan,nan,nan,nan,nan,0.001000,nan,1.570796,0.350000,0.350000,0.350000,1.000000,nan,nan,nan,nan,nan,nan
32.670000,nan,nan,nan,nan,nan,nan,nan,nan,nan,nan,nan,nan,nan,0.001000,nan,1.570796,0.350000,0.350000,0.350000,1.000000,nan,nan,nan,nan,nan,nan
32.680000,nan,nan,nan,nan,nan,nan,nan,nan,nan,nan,nan,nan,nan,0.001000,nan,1.570796,0.350000,0.350000,0.350000,1.000000,nan,nan,nan,nan,nan,nan
32.690000,nan,nan,nan,nan,nan,nan,nan,nan,nan,nan,nan,nan,nan,0.001000,nan,1.570796,0.350000,0.350000,0.350000,1.000000,nan,nan,nan,nan,nan,nan
32.700000,nan,nan,nan,nan,nan,nan,nan,nan,nan,nan,nan,nan,nan,0.001000,nan,1.570796,0.350000,0.350000,0.350000,1.000000,nan,nan,nan,nan,nan,nan
32.710000,nan,nan,nan,nan,nan,nan,nan,nan,nan,nan,nan,nan,nan,0.001000,nan,1.570796,0.350000,0.350000,0.350000,1.000000,nan,nan,nan,nan,nan,nan
32.720000,nan,nan,nan,nan,nan,nan,nan,nan,nan,nan,nan,nan,nan,0.001000,nan,1.570796,0.350000,0.350000,0.350000,1.000000,nan,nan,nan,nan,nan,nan
32.730000,nan,nan,nan,nan,nan,nan,nan,nan,nan,nan,nan,nan,nan,0.001000,nan,1.570796,0.350000,0.350000,0.350000,1.000000,nan,nan,nan,nan,nan,nan
32.740000,nan,nan,nan,nan,nan,nan,nan,nan,nan,nan,nan,nan,nan,0.001000,nan,1.570796,0.350000,0.350000,0.350000,1.000000,nan,nan,nan,nan,nan,nan
32.750000,nan,nan,nan,nan,nan,nan,nan,nan,nan,nan,nan,nan,nan,0.001000,nan,1.570796,0.350000,0.350000,0.350000,1.000000,nan,nan,nan,nan,nan,nan
32.760000,nan,nan,nan,nan,nan,nan,nan,nan,nan,nan,nan,nan,nan,0.001000,nan,1.570796,0.350000,0.350000,0.350000,1.000000,nan,nan,nan,nan,nan,nan
32.770000,nan,nan,nan,nan,nan,nan,nan,nan,nan,nan,nan,nan,nan,0.001000,nan,1.570796,0.350000,0.350000,0.350000,1.000000,nan,nan,nan,nan,nan,nan
32.780000,nan,nan,nan,nan,nan,nan,nan,nan,nan,nan,nan,nan,nan,0.001000,nan,1.570796,0.350000,0.350000,0.350000,1.000000,nan,nan,nan,nan,nan,nan
32.790000,nan,nan,nan,nan,nan,nan,nan,nan,nan,nan,nan,nan,nan,0.001000,nan,1.570796,0.350000,0.350000,0.350000,1.000000,nan,nan,nan,nan,nan,nan
32.800000,nan,nan,nan,nan,nan,nan,nan,nan,nan,nan,nan,nan,nan,0.001000,nan,1.570796,0.350000,0.350000,0.350000,1.000000,nan,nan,nan,nan,nan,nan
32.810000,nan,nan,nan,nan,nan,nan,nan,nan,nan,nan,nan,nan,nan,0.001000,nan,1.570796,0.350000,0.350000,0.350000,1.000000,nan,nan,nan,nan,nan,nan
32.820000,nan,nan,nan,nan,nan,nan,nan,nan,nan,nan,nan,nan,nan,0.001000,nan,1.570796,0.350000,0.350000,0.350000,1.000000,nan,nan,nan,nan,nan,nan
32.830000,nan,nan,nan,nan,nan,nan,nan,nan,nan,nan,nan,nan,nan,0.001000,nan,1.570796,0.350000,0.350000,0.350000,1.000000,nan,nan,nan,nan,nan,nan
32.840000,nan,nan,nan,nan,nan,nan,nan,nan,nan,nan,nan,nan,nan,0.001000,nan,1.570796,0.350000,0.350000,0.350000,1.000000,nan,nan,nan,nan,nan,nan
32.850000,nan,nan,nan,nan,nan,nan,nan,nan,nan,nan,nan,nan,nan,0.001000,nan,1.570796,0.350000,0.350000,0.350000,1.000000,nan,nan,nan,nan,nan,nan
32.860000,nan,nan,nan,nan,nan,nan,nan,nan,nan,nan,nan,nan,nan,0.001000,nan,1.570796,0.350000,0.350000,0.350000,1.000000,nan,nan,nan,nan,nan,nan
32.870000,nan,nan,nan,nan,nan,nan,nan,nan,nan,nan,nan,nan,nan,0.001000,nan,1.570796,0.350000,0.350000,0.350000,1.000000,nan,nan,nan,nan,nan,nan
32.880000,nan,nan,nan,nan,nan,nan,nan,nan,nan,nan,nan,nan,nan,0.001000,nan,1.570796,0.350000,0.350000,0.350000,1.000000,nan,nan,nan,nan,nan,nan
32.890000,nan,nan,nan,nan,nan,nan,nan,nan,nan,nan,nan,nan,nan,0.001000,nan,1.570796,0.350000,0.350000,0.350000,1.000000,nan,nan,nan,nan,nan,nan
32.900000,nan,nan,nan,nan,nan,nan,nan,nan,nan,nan,nan,nan,nan,0.001000,nan,1.570796,0.350000,0.350000,0.350000,1.000000,nan,nan,nan,nan,nan,nan
32.910000,nan,nan,nan,nan,nan,nan,nan,nan,nan,nan,nan,nan,nan,0.001000,nan,1.570796,0.350000,0.350000,0.350000,1.000000,nan,nan,nan,nan,nan,nan
32.920000,nan,nan,nan,nan,nan,nan,nan,nan,nan,nan,nan,nan,nan,0.001000,nan,1.570796,0.350000,0.350000,0.350000,1.000000,nan,nan,nan,nan,nan,nan
32.930000,nan,nan,nan,nan,nan,nan,nan,nan,nan,nan,nan,nan,nan,0.001000,nan,1.570796,0.350000,0.350000,0.350000,1.000000,nan,nan,nan,nan,nan,nan
32.940000,nan,nan,nan,nan,nan,nan,nan,nan,nan,nan,nan,nan,nan,0.001000,nan,1.570796,0.350000,0.350000,0.350000,1.000000,nan,nan,nan,nan,nan,nan
32.950000,nan,nan,nan,nan,nan,nan,nan,nan,nan,nan,nan,nan,nan,0.001000,nan,1.570796,0.350000,0.350000,0.350000,1.000000,nan,nan,nan,nan,nan,nan
32.960000,nan,nan,nan,nan,nan,nan,nan,nan,nan,nan,nan,nan,nan,0.001000,nan,1.570796,0.350000,0.350000,0.350000,1.000000,nan,nan,nan,nan,nan,nan
32.970000,nan,nan,nan,nan,nan,nan,nan,nan,nan,nan,nan,nan,nan,0.001000,nan,1.570796,0.350000,0.350000,0.350000,1.000000,nan,nan,nan,nan,nan,nan
32.980000,nan,nan,nan,nan,nan,nan,nan,nan,nan,nan,nan,nan,nan,0.001000,nan,1.570796,0.350000,0.350000,0.350000,1.000000,nan,nan,nan,nan,nan,nan
32.990000,nan,nan,nan,nan,nan,nan,nan,nan,nan,nan,nan,nan,nan,0.001000,nan,1.570796,0.350000,0.350000,0.350000,1.000000,nan,nan,nan,nan,nan,nan
33.000000,nan,nan,nan,nan,nan,nan,nan,nan,nan,nan,nan,nan,nan,0.001000,nan,1.570796,0.350000,0.350000,0.350000,1.000000,nan,nan,nan,nan,nan,nan
33.010000,nan,nan,nan,nan,nan,nan,nan,nan,nan,nan,nan,nan,nan,0.001000,nan,1.570796,0.350000,0.350000,0.350000,1.000000,nan,nan,nan,nan,nan,nan
33.020000,nan,nan,nan,nan,nan,nan,nan,nan,nan,nan,nan,nan,nan,0.001000,nan,1.570796,0.350000,0.350000,0.350000,1.000000,nan,nan,nan,nan,nan,nan
33.030000,nan,nan,nan,nan,nan,nan,nan,nan,nan,nan,nan,nan,nan,0.001000,nan,1.570796,0.350000,0.350000,0.350000,1.000000,nan,nan,nan,nan,nan,nan
33.040000,nan,nan,nan,nan,nan,nan,nan,nan,nan,nan,nan,nan,nan,0.001000,nan,1.570796,0.350000,0.350000,0.350000,1.000000,nan,nan,nan,nan,nan,nan
33.050000,nan,nan,nan,nan,nan,nan,nan,nan,nan,nan,nan,nan,nan,0.001000,nan,1.570796,0.350000,0.350000,0.350000,1.000000,nan,nan,nan,nan,nan,nan
33.060000,nan,nan,nan,nan,nan,nan,nan,nan,nan,nan,nan,nan,nan,0.001000,nan,1.570796,0.350000,0.350000,0.350000,1.000000,nan,nan,nan,nan,nan,nan
33.070000,nan,nan,nan,nan,nan,nan,nan,nan,nan,nan,nan,nan,nan,0.001000,nan,1.570796,0.350000,0.350000,0.350000,1.000000,nan,nan,nan,nan,nan,nan
33.080000,nan,nan,nan,nan,nan,nan,nan,nan,nan,nan,nan,nan,nan,0.001000,nan,1.570796,0.350000,0.350000,0.350000,1.000000,nan,nan,nan,nan,nan,nan
33.090000,nan,nan,nan,nan,nan,nan,nan,nan,nan,nan,nan,nan,nan,0.001000,nan,1.570796,0.350000,0.350000,0.350000,1.000000,nan,nan,nan,nan,nan,nan
33.100000,nan,nan,nan,nan,nan,nan,nan,nan,nan,nan,nan,nan,nan,0.001000,nan,1.570796,0.350000,0.350000,0.350000,1.000000,nan,nan,nan,nan,nan,nan
33.110000,nan,nan,nan,nan,nan,nan,nan,nan,nan,nan,nan,nan,nan,0.001000,nan,1.570796,0.350000,0.350000,0.350000,1.000000,nan,nan,nan,nan,nan,nan
33.120000,nan,nan,nan,nan,nan,nan,nan,nan,nan,nan,nan,nan,nan,0.001000,nan,1.570796,0.350000,0.350000,0.350000,1.000000,nan,nan,nan,nan,nan,nan
33.130000,nan,nan,nan,nan,nan,nan,nan,nan,nan,nan,nan,nan,nan,0.001000,nan,1.570796,0.350000,0.350000,0.350000,1.000000,nan,nan,nan,nan,nan,nan
33.140000,nan,nan,nan,nan,nan,nan,nan,nan,nan,nan,nan,nan,nan,0.001000,nan,1.570796,0.350000,0.350000,0.350000,1.000000,nan,nan,nan,nan,nan,nan
33.150000,nan,nan,nan,nan,nan,nan,nan,nan,nan,nan,nan,nan,nan,0.001000,nan,1.570796,0.350000,0.350000,0.350000,1.000000,nan,nan,nan,nan,nan,nan
33.160000,nan,nan,nan,nan,nan,nan,nan,nan,nan,nan,nan,nan,nan,0.001000,nan,1.570796,0.350000,0.350000,0.350000,1.000000,nan,nan,nan,nan,nan,nan
33.170000,nan,nan,nan,nan,nan,nan,nan,nan,nan,nan,nan,nan,nan,0.001000,nan,1.570796,0.350000,0.350000,0.350000,1.000000,nan,nan,nan,nan,nan,nan
33.180000,nan,nan,nan,nan,nan,nan,nan,nan,nan,nan,nan,nan,nan,0.001000,nan,1.570796,0.350000,0.350000,0.350000,1.000000,nan,nan,nan,nan,nan,nan
33.190000,nan,nan,nan,nan,nan,nan,nan,nan,nan,nan,nan,nan,nan,0.001000,nan,1.570796,0.350000,0.350000,0.350000,1.000000,nan,nan,nan,nan,nan,nan
33.200000,nan,nan,nan,nan,nan,nan,nan,nan,nan,nan,nan,nan,nan,0.001000,nan,1.570796,0.350000,0.350000,0.350000,1.000000,nan,nan,nan,nan,nan,nan
33.210000,nan,nan,nan,nan,nan,nan,nan,nan,nan,nan,nan,nan,nan,0.001000,nan,1.570796,0.350000,0.350000,0.350000,1.000000,nan,nan,nan,nan,nan,nan
33.220000,nan,nan,nan,nan,nan,nan,nan,nan,nan,nan,nan,nan,nan,0.001000,nan,1.570796,0.350000,0.350000,0.350000,1.000000,nan,nan,nan,nan,nan,nan
33.230000,nan,nan,nan,nan,nan,nan,nan,nan,nan,nan,nan,nan,nan,0.001000,nan,1.570796,0.350000,0.350000,0.350000,1.000000,nan,nan,nan,nan,nan,nan
33.240000,nan,nan,nan,nan,nan,nan,nan,nan,nan,nan,nan,nan,nan,0.001000,nan,1.570796,0.350000,0.350000,0.350000,1.000000,nan,nan,nan,nan,nan,nan
33.250000,nan,nan,nan,nan,nan,nan,nan,nan,nan,nan,nan,nan,nan,0.001000,nan,1.570796,0.350000,0.350000,0.350000,1.000000,nan,nan,nan,nan,nan,nan
33.260000,nan,nan,nan,nan,nan,nan,nan,nan,nan,nan,nan,nan,nan,0.001000,nan,1.570796,0.350000,0.350000,0.350000,1.000000,nan,nan,nan,nan,nan,nan
33.270000,nan,nan,nan,nan,nan,nan,nan,nan,nan,nan,nan,nan,nan,0.001000,nan,1.570796,0.350000,0.350000,0.350000,1.000000,nan,nan,nan,nan,nan,nan
33.280000,nan,nan,nan,nan,nan,nan,nan,nan,nan,nan,nan,nan,nan,0.001000,nan,1.570796,0.350000,0.350000,0.350000,1.000000,nan,nan,nan,nan,nan,nan
33.290000,nan,nan,nan,nan,nan,nan,nan,nan,nan,nan,nan,nan,nan,0.001000,nan,1.570796,0.350000,0.350000,0.350000,1.000000,nan,nan,nan,nan,nan,nan
33.300000,nan,nan,nan,nan,nan,nan,nan,nan,nan,nan,nan,nan,nan,0.001000,nan,1.570796,0.350000,0.350000,0.350000,1.000000,nan,nan,nan,nan,nan,nan
33.310000,nan,nan,nan,nan,nan,nan,nan,nan,nan,nan,nan,nan,nan,0.001000,nan,1.570796,0.350000,0.350000,0.350000,1.000000,nan,nan,nan,nan,nan,nan
33.320000,nan,nan,nan,nan,nan,nan,nan,nan,nan,nan,nan,nan,nan,0.001000,nan,1.570796,0.350000,0.350000,0.350000,1.000000,nan,nan,nan,nan,nan,nan
33.330000,nan,nan,nan,nan,nan,nan,nan,nan,nan,nan,nan,nan,nan,0.001000,nan,1.570796,0.350000,0.350000,0.350000,1.000000,nan,nan,nan,nan,nan,nan
33.340000,nan,nan,nan,nan,nan,nan,nan,nan,nan,nan,nan,nan,nan,0.001000,nan,1.570796,0.350000,0.350000,0.350000,1.000000,nan,nan,nan,nan,nan,nan
33.350000,nan,nan,nan,nan,nan,nan,nan,nan,nan,nan,nan,nan,nan,0.001000,nan,1.570796,0.350000,0.350000,0.350000,1.000000,nan,nan,nan,nan,nan,nan
33.360000,nan,nan,nan,nan,nan,nan,nan,nan,nan,nan,nan,nan,nan,0.001000,nan,1.570796,0.350000,0.350000,0.350000,1.000000,nan,nan,nan,nan,nan,nan
33.370000,nan,nan,nan,nan,nan,nan,nan,nan,nan,nan,nan,nan,nan,0.001000,nan,1.570796,0.350000,0.350000,0.350000,1.000000,nan,nan,nan,nan,nan,nan
33.380000,nan,nan,nan,nan,nan,nan,nan,nan,nan,nan,nan,nan,nan,0.001000,nan,1.570796,0.350000,0.350000,0.350000,1.000000,nan,nan,nan,nan,nan,nan
33.390000,nan,nan,nan,nan,nan,nan,nan,nan,nan,nan,nan,nan,nan,0.001000,nan,1.570796,0.350000,0.350000,0.350000,1.000000,nan,nan,nan,nan,nan,nan
33.400000,nan,nan,nan,nan,nan,nan,nan,nan,nan,nan,nan,nan,nan,0.001000,nan,1.570796,0.350000,0.350000,0.350000,1.000000,nan,nan,nan,nan,nan,nan
33.410000,nan,nan,nan,nan,nan,nan,nan,nan,nan,nan,nan,nan,nan,0.001000,nan,1.570796,0.350000,0.350000,0.350000,1.000000,nan,nan,nan,nan,nan,nan
33.420000,nan,nan,nan,nan,nan,nan,nan,nan,nan,nan,nan,nan,nan,0.001000,nan,1.570796,0.350000,0.350000,0.350000,1.000000,nan,nan,nan,nan,nan,nan
33.430000,nan,nan,nan,nan,nan,nan,nan,nan,nan,nan,nan,nan,nan,0.001000,nan,1.570796,0.350000,0.350000,0.350000,1.000000,nan,nan,nan,nan,nan,nan
33.440000,nan,nan,nan,nan,nan,nan,nan,nan,nan,nan,nan,nan,nan,0.001000,nan,1.570796,0.350000,0.350000,0.350000,1.000000,nan,nan,nan,nan,nan,nan
33.450000,nan,nan,nan,nan,nan,nan,nan,nan,nan,nan,nan,nan,nan,0.001000,nan,1.570796,0.350000,0.350000,0.350000,1.000000,nan,nan,nan,nan,nan,nan
33.460000,nan,nan,nan,nan,nan,nan,nan,nan,nan,nan,nan,nan,nan,0.001000,nan,1.570796,0.350000,0.350000,0.350000,1.000000,nan,nan,nan,nan,nan,nan
33.470000,nan,nan,nan,nan,nan,nan,nan,nan,nan,nan,nan,nan,nan,0.001000,nan,1.570796,0.350000,0.350000,0.350000,1.000000,nan,nan,nan,nan,nan,nan
33.480000,nan,nan,nan,nan,nan,nan,nan,nan,nan,nan,nan,nan,nan,0.001000,nan,1.570796,0.350000,0.350000,0.350000,1.000000,nan,nan,nan,nan,nan,nan
33.490000,nan,nan,nan,nan,nan,nan,nan,nan,nan,nan,nan,nan,nan,0.001000,nan,1.570796,0.350000,0.350000,0.350000,1.000000,nan,nan,nan,nan,nan,nan
33.500000,nan,nan,nan,nan,nan,nan,nan,nan,nan,nan,nan,nan,nan,0.001000,nan,1.570796,0.350000,0.350000,0.350000,1.000000,nan,nan,nan,nan,nan,nan
33.510000,nan,nan,nan,nan,nan,nan,nan,nan,nan,nan,nan,nan,nan,0.001000,nan,1.570796,0.350000,0.350000,0.350000,1.000000,nan,nan,nan,nan,nan,nan
33.520000,nan,nan,nan,nan,nan,nan,nan,nan,nan,nan,nan,nan,nan,0.001000,nan,1.570796,0.350000,0.350000,0.350000,1.000000,nan,nan,nan,nan,nan,nan
33.530000,nan,nan,nan,nan,nan,nan,nan,nan,nan,nan,nan,nan,nan,0.001000,nan,1.570796,0.350000,0.350000,0.350000,1.000000,nan,nan,nan,nan,nan,nan
33.540000,nan,nan,nan,nan,nan,nan,nan,nan,nan,nan,nan,nan,nan,0.001000,nan,1.570796,0.350000,0.350000,0.350000,1.000000,nan,nan,nan,nan,nan,nan
33.550000,nan,nan,nan,nan,nan,nan,nan,nan,nan,nan,nan,nan,nan,0.001000,nan,1.570796,0.350000,0.350000,0.350000,1.000000,nan,nan,nan,nan,nan,nan
33.560000,nan,nan,nan,nan,nan,nan,nan,nan,nan,nan,nan,nan,nan,0.001000,nan,1.570796,0.350000,0.350000,0.350000,1.000000,nan,nan,nan,nan,nan,nan
33.570000,nan,nan,nan,nan,nan,nan,nan,nan,nan,nan,nan,nan,nan,0.001000,nan,1.570796,0.350000,0.350000,0.350000,1.000000,nan,nan,nan,nan,nan,nan
33.580000,nan,nan,nan,nan,nan,nan,nan,nan,nan,nan,nan,nan,nan,0.001000,nan,1.570796,0.350000,0.350000,0.350000,1.000000,nan,nan,nan,nan,nan,nan
33.590000,nan,nan,nan,nan,nan,nan,nan,nan,nan,nan,nan,nan,nan,0.001000,nan,1.570796,0.350000,0.350000,0.350000,1.000000,nan,nan,nan,nan,nan,nan
33.600000,nan,nan,nan,nan,nan,nan,nan,nan,nan,nan,nan,nan,nan,0.001000,nan,1.570796,0.350000,0.350000,0.350000,1.000000,nan,nan,nan,nan,nan,nan
33.610000,nan,nan,nan,nan,nan,nan,nan,nan,nan,nan,nan,nan,nan,0.001000,nan,1.570796,0.350000,0.350000,0.350000,1.000000,nan,nan,nan,nan,nan,nan
33.620000,nan,nan,nan,nan,nan,nan,nan,nan,nan,nan,nan,nan,nan,0.001000,nan,1.570796,0.350000,0.350000,0.350000,1.000000,nan,nan,nan,nan,nan,nan
33.630000,nan,nan,nan,nan,nan,nan,nan,nan,nan,nan,nan,nan,nan,0.001000,nan,1.570796,0.350000,0.350000,0.350000,1.000000,nan,nan,nan,nan,nan,nan
33.640000,nan,nan,nan,nan,nan,nan,nan,nan,nan,nan,nan,nan,nan,0.001000,nan,1.570796,0.350000,0.350000,0.350000,1.000000,nan,nan,nan,nan,nan,nan
33.650000,nan,nan,nan,nan,nan,nan,nan,nan,nan,nan,nan,nan,nan,0.001000,nan,1.570796,0.350000,0.350000,0.350000,1.000000,nan,nan,nan,nan,nan,nan
33.660000,nan,nan,nan,nan,nan,nan,nan,nan,nan,nan,nan,nan,nan,0.001000,nan,1.570796,0.350000,0.350000,0.350000,1.000000,nan,nan,nan,nan,nan,nan
33.670000,nan,nan,nan,nan,nan,nan,nan,nan,nan,nan,nan,nan,nan,0.001000,nan,1.570796,0.350000,0.350000,0.350000,1.000000,nan,nan,nan,nan,nan,nan
33.680000,nan,nan,nan,nan,nan,nan,nan,nan,nan,nan,nan,nan,nan,0.001000,nan,1.570796,0.350000,0.350000,0.350000,1.000000,nan,nan,nan,nan,nan,nan
33.690000,nan,nan,nan,nan,nan,nan,nan,nan,nan,nan,nan,nan,nan,0.001000,nan,1.570796,0.350000,0.350000,0.350000,1.000000,nan,nan,nan,nan,nan,nan
33.700000,nan,nan,nan,nan,nan,nan,nan,nan,nan,nan,nan,nan,nan,0.001000,nan,1.570796,0.350000,0.350000,0.350000,1.000000,nan,nan,nan,nan,nan,nan
33.710000,nan,nan,nan,nan,nan,nan,nan,nan,nan,nan,nan,nan,nan,0.001000,nan,1.570796,0.350000,0.350000,0.350000,1.000000,nan,nan,nan,nan,nan,nan
33.720000,nan,nan,nan,nan,nan,nan,nan,nan,nan,nan,nan,nan,nan,0.001000,nan,1.570796,0.350000,0.350000,0.350000,1.000000,nan,nan,nan,nan,nan,nan
33.730000,nan,nan,nan,nan,nan,nan,nan,nan,nan,nan,nan,nan,nan,0.001000,nan,1.570796,0.350000,0.350000,0.350000,1.000000,nan,nan,nan,nan,nan,nan
33.740000,nan,nan,nan,nan,nan,nan,nan,nan,nan,nan,nan,nan,nan,0.001000,nan,1.570796,0.350000,0.350000,0.350000,1.000000,nan,nan,nan,nan,nan,nan
33.750000,nan,nan,nan,nan,nan,nan,nan,nan,nan,nan,nan,nan,nan,0.001000,nan,1.570796,0.350000,0.350000,0.350000,1.000000,nan,nan,nan,nan,nan,nan
33.760000,nan,nan,nan,nan,nan,nan,nan,nan,nan,nan,nan,nan,nan,0.001000,nan,1.570796,0.350000,0.350000,0.350000,1.000000,nan,nan,nan,nan,nan,nan
33.770000,nan,nan,nan,nan,nan,nan,nan,nan,nan,nan,nan,nan,nan,0.001000,nan,1.570796,0.350000,0.350000,0.350000,1.000000,nan,nan,nan,nan,nan,nan
33.780000,nan,nan,nan,nan,nan,nan,nan,nan,nan,nan,nan,nan,nan,0.001000,nan,1.570796,0.350000,0.350000,0.350000,1.000000,nan,nan,nan,nan,nan,nan
33.790000,nan,nan,nan,nan,nan,nan,nan,nan,nan,nan,nan,nan,nan,0.001000,nan,1.570796,0.350000,0.350000,0.350000,1.000000,nan,nan,nan,nan,nan,nan
33.800000,nan,nan,nan,nan,nan,nan,nan,nan,nan,nan,nan,nan,nan,0.001000,nan,1.570796,0.350000,0.350000,0.350000,1.000000,nan,nan,nan,nan,nan,nan
33.810000,nan,nan,nan,nan,nan,nan,nan,nan,nan,nan,nan,nan,nan,0.001000,nan,1.570796,0.350000,0.350000,0.350000,1.000000,nan,nan,nan,nan,nan,nan
33.820000,nan,nan,nan,nan,nan,nan,nan,nan,nan,nan,nan,nan,nan,0.001000,nan,1.570796,0.350000,0.350000,0.350000,1.000000,nan,nan,nan,nan,nan,nan
33.830000,nan,nan,nan,nan,nan,nan,nan,nan,nan,nan,nan,nan,nan,0.001000,nan,1.570796,0.350000,0.350000,0.350000,1.000000,nan,nan,nan,nan,nan,nan
33.840000,nan,nan,nan,nan,nan,nan,nan,nan,nan,nan,nan,nan,nan,0.001000,nan,1.570796,0.350000,0.350000,0.350000,1.000000,nan,nan,nan,nan,nan,nan
33.850000,nan,nan,nan,nan,nan,nan,nan,nan,nan,nan,nan,nan,nan,0.001000,nan,1.570796,0.350000,0.350000,0.350000,1.000000,nan,nan,nan,nan,nan,nan
33.860000,nan,nan,nan,nan,nan,nan,nan,nan,nan,nan,nan,nan,nan,0.001000,nan,1.570796,0.350000,0.350000,0.350000,1.000000,nan,nan,nan,nan,nan,nan
33.870000,nan,nan,nan,nan,nan,nan,nan,nan,nan,nan,nan,nan,nan,0.001000,nan,1.570796,0.350000,0.350000,0.350000,1.000000,nan,nan,nan,nan,nan,nan
33.880000,nan,nan,nan,nan,nan,nan,nan,nan,nan,nan,nan,nan,nan,0.001000,nan,1.570796,0.350000,0.350000,0.350000,1.000000,nan,nan,nan,nan,nan,nan
33.890000,nan,nan,nan,nan,nan,nan,nan,nan,nan,nan,nan,nan,nan,0.001000,nan,1.570796,0.350000,0.350000,0.350000,1.000000,nan,nan,nan,nan,nan,nan
33.900000,nan,nan,nan,nan,nan,nan,nan,nan,nan,nan,nan,nan,nan,0.001000,nan,1.570796,0.350000,0.350000,0.350000,1.000000,nan,nan,nan,nan,nan,nan
33.910000,nan,nan,nan,nan,nan,nan,nan,nan,nan,nan,nan,nan,nan,0.001000,nan,1.570796,0.350000,0.350000,0.350000,1.000000,nan,nan,nan,nan,nan,nan
33.920000,nan,nan,nan,nan,nan,nan,nan,nan,nan,nan,nan,nan,nan,0.001000,nan,1.570796,0.350000,0.350000,0.350000,1.000000,nan,nan,nan,nan,nan,nan
33.930000,nan,nan,nan,nan,nan,nan,nan,nan,nan,nan,nan,nan,nan,0.001000,nan,1.570796,0.350000,0.350000,0.350000,1.000000,nan,nan,nan,nan,nan,nan
33.940000,nan,nan,nan,nan,nan,nan,nan,nan,nan,nan,nan,nan,nan,0.001000,nan,1.570796,0.350000,0.350000,0.350000,1.000000,nan,nan,nan,nan,nan,nan
33.950000,nan,nan,nan,nan,nan,nan,nan,nan,nan,nan,nan,nan,nan,0.001000,nan,1.570796,0.350000,0.350000,0.350000,1.000000,nan,nan,nan,nan,nan,nan
33.960000,nan,nan,nan,nan,nan,nan,nan,nan,nan,nan,nan,nan,nan,0.001000,nan,1.570796,0.350000,0.350000,0.350000,1.000000,nan,nan,nan,nan,nan,nan
33.970000,nan,nan,nan,nan,nan,nan,nan,nan,nan,nan,nan,nan,nan,0.001000,nan,1.570796,0.350000,0.350000,0.350000,1.000000,nan,nan,nan,nan,nan,nan
33.980000,nan,nan,nan,nan,nan,nan,nan,nan,nan,nan,nan,nan,nan,0.001000,nan,1.570796,0.350000,0.350000,0.350000,1.000000,nan,nan,nan,nan,nan,nan
33.990000,nan,nan,nan,nan,nan,nan,nan,nan,nan,nan,nan,nan,nan,0.001000,nan,1.570796,0.350000,0.350000,0.350000,1.000000,nan,nan,nan,nan,nan,nan
34.000000,nan,nan,nan,nan,nan,nan,nan,nan,nan,nan,nan,nan,nan,0.001000,nan,1.570796,0.350000,0.350000,0.350000,1.000000,nan,nan,nan,nan,nan,nan
34.010000,nan,nan,nan,nan,nan,nan,nan,nan,nan,nan,nan,nan,nan,0.001000,nan,1.570796,0.350000,0.350000,0.350000,1.000000,nan,nan,nan,nan,nan,nan
34.020000,nan,nan,nan,nan,nan,nan,nan,nan,nan,nan,nan,nan,nan,0.001000,nan,1.570796,0.350000,0.350000,0.350000,1.000000,nan,nan,nan,nan,nan,nan
34.030000,nan,nan,nan,nan,nan,nan,nan,nan,nan,nan,nan,nan,nan,0.001000,nan,1.570796,0.350000,0.350000,0.350000,1.000000,nan,nan,nan,nan,nan,nan
34.040000,nan,nan,nan,nan,nan,nan,nan,nan,nan,nan,nan,nan,nan,0.001000,nan,1.570796,0.350000,0.350000,0.350000,1.000000,nan,nan,nan,nan,nan,nan
34.050000,nan,nan,nan,nan,nan,nan,nan,nan,nan,nan,nan,nan,nan,0.001000,nan,1.570796,0.350000,0.350000,0.350000,1.000000,nan,nan,nan,nan,nan,nan
34.060000,nan,nan,nan,nan,nan,nan,nan,nan,nan,nan,nan,nan,nan,0.001000,nan,1.570796,0.350000,0.350000,0.350000,1.000000,nan,nan,nan,nan,nan,nan
34.070000,nan,nan,nan,nan,nan,nan,nan,nan,nan,nan,nan,nan,nan,0.001000,nan,1.570796,0.350000,0.350000,0.350000,1.000000,nan,nan,nan,nan,nan,nan
34.080000,nan,nan,nan,nan,nan,nan,nan,nan,nan,nan,nan,nan,nan,0.001000,nan,1.570796,0.350000,0.350000,0.350000,1.000000,nan,nan,nan,nan,nan,nan
34.090000,nan,nan,nan,nan,nan,nan,nan,nan,nan,nan,nan,nan,nan,0.001000,nan,1.570796,0.350000,0.350000,0.350000,1.000000,nan,nan,nan,nan,nan,nan
34.100000,nan,nan,nan,nan,nan,nan,nan,nan,nan,nan,nan,nan,nan,0.001000,nan,1.570796,0.350000,0.350000,0.350000,1.000000,nan,nan,nan,nan,nan,nan
34.110000,nan,nan,nan,nan,nan,nan,nan,nan,nan,nan,nan,nan,nan,0.001000,nan,1.570796,0.350000,0.350000,0.350000,1.000000,nan,nan,nan,nan,nan,nan
34.120000,nan,nan,nan,nan,nan,nan,nan,nan,nan,nan,nan,nan,nan,0.001000,nan,1.570796,0.350000,0.350000,0.350000,1.000000,nan,nan,nan,nan,nan,nan
34.130000,nan,nan,nan,nan,nan,nan,nan,nan,nan,nan,nan,nan,nan,0.001000,nan,1.570796,0.350000,0.350000,0.350000,1.000000,nan,nan,nan,nan,nan,nan
34.140000,nan,nan,nan,nan,nan,nan,nan,nan,nan,nan,nan,nan,nan,0.001000,nan,1.570796,0.350000,0.350000,0.350000,1.000000,nan,nan,nan,nan,nan,nan
34.150000,nan,nan,nan,nan,nan,nan,nan,nan,nan,nan,nan,nan,nan,0.001000,nan,1.570796,0.350000,0.350000,0.350000,1.000000,nan,nan,nan,nan,nan,nan
34.160000,nan,nan,nan,nan,nan,nan,nan,nan,nan,nan,nan,nan,nan,0.001000,nan,1.570796,0.350000,0.350000,0.350000,1.000000,nan,nan,nan,nan,nan,nan
34.170000,nan,nan,nan,nan,nan,nan,nan,nan,nan,nan,nan,nan,nan,0.001000,nan,1.570796,0.350000,0.350000,0.350000,1.000000,nan,nan,nan,nan,nan,nan
34.180000,nan,nan,nan,nan,nan,nan,nan,nan,nan,nan,nan,nan,nan,0.001000,nan,1.570796,0.350000,0.350000,0.350000,1.000000,nan,nan,nan,nan,nan,nan
34.190000,nan,nan,nan,nan,nan,nan,nan,nan,nan,nan,nan,nan,nan,0.001000,nan,1.570796,0.350000,0.350000,0.350000,1.000000,nan,nan,nan,nan,nan,nan
34.200000,nan,nan,nan,nan,nan,nan,nan,nan,nan,nan,nan,nan,nan,0.001000,nan,1.570796,0.350000,0.350000,0.350000,1.000000,nan,nan,nan,nan,nan,nan
34.210000,nan,nan,nan,nan,nan,nan,nan,nan,nan,nan,nan,nan,nan,0.001000,nan,1.570796,0.350000,0.350000,0.350000,1.000000,nan,nan,nan,nan,nan,nan
34.220000,nan,nan,nan,nan,nan,nan,nan,nan,nan,nan,nan,nan,nan,0.001000,nan,1.570796,0.350000,0.350000,0.350000,1.000000,nan,nan,nan,nan,nan,nan
34.230000,nan,nan,nan,nan,nan,nan,nan,nan,nan,nan,nan,nan,nan,0.001000,nan,1.570796,0.350000,0.350000,0.350000,1.000000,nan,nan,nan,nan,nan,nan
34.240000,nan,nan,nan,nan,nan,nan,nan,nan,nan,nan,nan,nan,nan,0.001000,nan,1.570796,0.350000,0.350000,0.350000,1.000000,nan,nan,nan,nan,nan,nan
34.250000,nan,nan,nan,nan,nan,nan,nan,nan,nan,nan,nan,nan,nan,0.001000,nan,1.570796,0.350000,0.350000,0.350000,1.000000,nan,nan,nan,nan,nan,nan
34.260000,nan,nan,nan,nan,nan,nan,nan,nan,nan,nan,nan,nan,nan,0.001000,nan,1.570796,0.350000,0.350000,0.350000,1.000000,nan,nan,nan,nan,nan,nan
34.270000,nan,nan,nan,nan,nan,nan,nan,nan,nan,nan,nan,nan,nan,0.001000,nan,1.570796,0.350000,0.350000,0.350000,1.000000,nan,nan,nan,nan,nan,nan
34.280000,nan,nan,nan,nan,nan,nan,nan,nan,nan,nan,nan,nan,nan,0.001000,nan,1.570796,0.350000,0.350000,0.350000,1.000000,nan,nan,nan,nan,nan,nan
34.290000,nan,nan,nan,nan,nan,nan,nan,nan,nan,nan,nan,nan,nan,0.001000,nan,1.570796,0.350000,0.350000,0.350000,1.000000,nan,nan,nan,nan,nan,nan
34.300000,nan,nan,nan,nan,nan,nan,nan,nan,nan,nan,nan,nan,nan,0.001000,nan,1.570796,0.350000,0.350000,0.350000,1.000000,nan,nan,nan,nan,nan,nan
34.310000,nan,nan,nan,nan,nan,nan,nan,nan,nan,nan,nan,nan,nan,0.001000,nan,1.570796,0.350000,0.350000,0.350000,1.000000,nan,nan,nan,nan,nan,nan
34.320000,nan,nan,nan,nan,nan,nan,nan,nan,nan,nan,nan,nan,nan,0.001000,nan,1.570796,0.350000,0.350000,0.350000,1.000000,nan,nan,nan,nan,nan,nan
34.330000,nan,nan,nan,nan,nan,nan,nan,nan,nan,nan,nan,nan,nan,0.001000,nan,1.570796,0.350000,0.350000,0.350000,1.000000,nan,nan,nan,nan,nan,nan
34.340000,nan,nan,nan,nan,nan,nan,nan,nan,nan,nan,nan,nan,nan,0.001000,nan,1.570796,0.350000,0.350000,0.350000,1.000000,nan,nan,nan,nan,nan,nan
34.350000,nan,nan,nan,nan,nan,nan,nan,nan,nan,nan,nan,nan,nan,0.001000,nan,1.570796,0.350000,0.350000,0.350000,1.000000,nan,nan,nan,nan,nan,nan
34.360000,nan,nan,nan,nan,nan,nan,nan,nan,nan,nan,nan,nan,nan,0.001000,nan,1.570796,0.350000,0.350000,0.350000,1.000000,nan,nan,nan,nan,nan,nan
34.370000,nan,nan,nan,nan,nan,nan,nan,nan,nan,nan,nan,nan,nan,0.001000,nan,1.570796,0.350000,0.350000,0.350000,1.000000,nan,nan,nan,nan,nan,nan
34.380000,nan,nan,nan,nan,nan,nan,nan,nan,nan,nan,nan,nan,nan,0.001000,nan,1.570796,0.350000,0.350000,0.350000,1.000000,nan,nan,nan,nan,nan,nan
34.390000,nan,nan,nan,nan,nan,nan,nan,nan,nan,nan,nan,nan,nan,0.001000,nan,1.570796,0.350000,0.350000,0.350000,1.000000,nan,nan,nan,nan,nan,nan
34.400000,nan,nan,nan,nan,nan,nan,nan,nan,nan,nan,nan,nan,nan,0.001000,nan,1.570796,0.350000,0.350000,0.350000,1.000000,nan,nan,nan,nan,nan,nan
34.410000,nan,nan,nan,nan,nan,nan,nan,nan,nan,nan,nan,nan,nan,0.001000,nan,1.570796,0.350000,0.350000,0.350000,1.000000,nan,nan,nan,nan,nan,nan
34.420000,nan,nan,nan,nan,nan,nan,nan,nan,nan,nan,nan,nan,nan,0.001000,nan,1.570796,0.350000,0.350000,0.350000,1.000000,nan,nan,nan,nan,nan,nan
34.430000,nan,nan,nan,nan,nan,nan,nan,nan,nan,nan,nan,nan,nan,0.001000,nan,1.570796,0.350000,0.350000,0.350000,1.000000,nan,nan,nan,nan,nan,nan
34.440000,nan,nan,nan,nan,nan,nan,nan,nan,nan,nan,nan,nan,nan,0.001000,nan,1.570796,0.350000,0.350000,0.350000,1.000000,nan,nan,nan,nan,nan,nan
34.450000,nan,nan,nan,nan,nan,nan,nan,nan,nan,nan,nan,nan,nan,0.001000,nan,1.570796,0.350000,0.350000,0.350000,1.000000,nan,nan,nan,nan,nan,nan
34.460000,nan,nan,nan,nan,nan,nan,nan,nan,nan,nan,nan,nan,nan,0.001000,nan,1.570796,0.350000,0.350000,0.350000,1.000000,nan,nan,nan,nan,nan,nan
34.470000,nan,nan,nan,nan,nan,nan,nan,nan,nan,nan,nan,nan,nan,0.001000,nan,1.570796,0.350000,0.350000,0.350000,1.000000,nan,nan,nan,nan,nan,nan
34.480000,nan,nan,nan,nan,nan,nan,nan,nan,nan,nan,nan,nan,nan,0.001000,nan,1.570796,0.350000,0.350000,0.350000,1.000000,nan,nan,nan,nan,nan,nan
34.490000,nan,nan,nan,nan,nan,nan,nan,nan,nan,nan,nan,nan,nan,0.001000,nan,1.570796,0.350000,0.350000,0.350000,1.000000,nan,nan,nan,nan,nan,nan
34.500000,nan,nan,nan,nan,nan,nan,nan,nan,nan,nan,nan,nan,nan,0.001000,nan,1.570796,0.350000,0.350000,0.350000,1.000000,nan,nan,nan,nan,nan,nan
34.510000,nan,nan,nan,nan,nan,nan,nan,nan,nan,nan,nan,nan,nan,0.001000,nan,1.570796,0.350000,0.350000,0.350000,1.000000,nan,nan,nan,nan,nan,nan
34.520000,nan,nan,nan,nan,nan,nan,nan,nan,nan,nan,nan,nan,nan,0.001000,nan,1.570796,0.350000,0.350000,0.350000,1.000000,nan,nan,nan,nan,nan,nan
34.530000,nan,nan,nan,nan,nan,nan,nan,nan,nan,nan,nan,nan,nan,0.001000,nan,1.570796,0.350000,0.350000,0.350000,1.000000,nan,nan,nan,nan,nan,nan
34.540000,nan,nan,nan,nan,nan,nan,nan,nan,nan,nan,nan,nan,nan,0.001000,nan,1.570796,0.350000,0.350000,0.350000,1.000000,nan,nan,nan,nan,nan,nan
34.550000,nan,nan,nan,nan,nan,nan,nan,nan,nan,nan,nan,nan,nan,0.001000,nan,1.570796,0.350000,0.350000,0.350000,1.000000,nan,nan,nan,nan,nan,nan
34.560000,nan,nan,nan,nan,nan,nan,nan,nan,nan,nan,nan,nan,nan,0.001000,nan,1.570796,0.350000,0.350000,0.350000,1.000000,nan,nan,nan,nan,nan,nan
34.570000,nan,nan,nan,nan,nan,nan,nan,nan,nan,nan,nan,nan,nan,0.001000,nan,1.570796,0.350000,0.350000,0.350000,1.000000,nan,nan,nan,nan,nan,nan
34.580000,nan,nan,nan,nan,nan,nan,nan,nan,nan,nan,nan,nan,nan,0.001000,nan,1.570796,0.350000,0.350000,0.350000,1.000000,nan,nan,nan,nan,nan,nan
34.590000,nan,nan,nan,nan,nan,nan,nan,nan,nan,nan,nan,nan,nan,0.001000,nan,1.570796,0.350000,0.350000,0.350000,1.000000,nan,nan,nan,nan,nan,nan
34.600000,nan,nan,nan,nan,nan,nan,nan,nan,nan,nan,nan,nan,nan,0.001000,nan,1.570796,0.350000,0.350000,0.350000,1.000000,nan,nan,nan,nan,nan,nan
34.610000,nan,nan,nan,nan,nan,nan,nan,nan,nan,nan,nan,nan,nan,0.001000,nan,1.570796,0.350000,0.350000,0.350000,1.000000,nan,nan,nan,nan,nan,nan
34.620000,nan,nan,nan,nan,nan,nan,nan,nan,nan,nan,nan,nan,nan,0.001000,nan,1.570796,0.350000,0.350000,0.350000,1.000000,nan,nan,nan,nan,nan,nan
34.630000,nan,nan,nan,nan,nan,nan,nan,nan,nan,nan,nan,nan,nan,0.001000,nan,1.570796,0.350000,0.350000,0.350000,1.000000,nan,nan,nan,nan,nan,nan
34.640000,nan,nan,nan,nan,nan,nan,nan,nan,nan,nan,nan,nan,nan,0.001000,nan,1.570796,0.350000,0.350000,0.350000,1.000000,nan,nan,nan,nan,nan,nan
34.650000,nan,nan,nan,nan,nan,nan,nan,nan,nan,nan,nan,nan,nan,0.001000,nan,1.570796,0.350000,0.350000,0.350000,1.000000,nan,nan,nan,nan,nan,nan
34.660000,nan,nan,nan,nan,nan,nan,nan,nan,nan,nan,nan,nan,nan,0.001000,nan,1.570796,0.350000,0.350000,0.350000,1.000000,nan,nan,nan,nan,nan,nan
34.670000,nan,nan,nan,nan,nan,nan,nan,nan,nan,nan,nan,nan,nan,0.001000,nan,1.570796,0.350000,0.350000,0.350000,1.000000,nan,nan,nan,nan,nan,nan
34.680000,nan,nan,nan,nan,nan,nan,nan,nan,nan,nan,nan,nan,nan,0.001000,nan,1.570796,0.350000,0.350000,0.350000,1.000000,nan,nan,nan,nan,nan,nan
34.690000,nan,nan,nan,nan,nan,nan,nan,nan,nan,nan,nan,nan,nan,0.001000,nan,1.570796,0.350000,0.350000,0.350000,1.000000,nan,nan,nan,nan,nan,nan
34.700000,nan,nan,nan,nan,nan,nan,nan,nan,nan,nan,nan,nan,nan,0.001000,nan,1.570796,0.350000,0.350000,0.350000,1.000000,nan,nan,nan,nan,nan,nan
34.710000,nan,nan,nan,nan,nan,nan,nan,nan,nan,nan,nan,nan,nan,0.001000,nan,1.570796,0.350000,0.350000,0.350000,1.000000,nan,nan,nan,nan,nan,nan
34.720000,nan,nan,nan,nan,nan,nan,nan,nan,nan,nan,nan,nan,nan,0.001000,nan,1.570796,0.350000,0.350000,0.350000,1.000000,nan,nan,nan,nan,nan,nan
34.730000,nan,nan,nan,nan,nan,nan,nan,nan,nan,nan,nan,nan,nan,0.001000,nan,1.570796,0.350000,0.350000,0.350000,1.000000,nan,nan,nan,nan,nan,nan
34.740000,nan,nan,nan,nan,nan,nan,nan,nan,nan,nan,nan,nan,nan,0.001000,nan,1.570796,0.350000,0.350000,0.350000,1.000000,nan,nan,nan,nan,nan,nan
34.750000,nan,nan,nan,nan,nan,nan,nan,nan,nan,nan,nan,nan,nan,0.001000,nan,1.570796,0.350000,0.350000,0.350000,1.000000,nan,nan,nan,nan,nan,nan
34.760000,nan,nan,nan,nan,nan,nan,nan,nan,nan,nan,nan,nan,nan,0.001000,nan,1.570796,0.350000,0.350000,0.350000,1.000000,nan,nan,nan,nan,nan,nan
34.770000,nan,nan,nan,nan,nan,nan,nan,nan,nan,nan,nan,nan,nan,0.001000,nan,1.570796,0.350000,0.350000,0.350000,1.000000,nan,nan,nan,nan,nan,nan
34.780000,nan,nan,nan,nan,nan,nan,nan,nan,nan,nan,nan,nan,nan,0.001000,nan,1.570796,0.350000,0.350000,0.350000,1.000000,nan,nan,nan,nan,nan,nan
34.790000,nan,nan,nan,nan,nan,nan,nan,nan,nan,nan,nan,nan,nan,0.001000,nan,1.570796,0.350000,0.350000,0.350000,1.000000,nan,nan,nan,nan,nan,nan
34.800000,nan,nan,nan,nan,nan,nan,nan,nan,nan,nan,nan,nan,nan,0.001000,nan,1.570796,0.350000,0.350000,0.350000,1.000000,nan,nan,nan,nan,nan,nan
34.810000,nan,nan,nan,nan,nan,nan,nan,nan,nan,nan,nan,nan,nan,0.001000,nan,1.570796,0.350000,0.350000,0.350000,1.000000,nan,nan,nan,nan,nan,nan
34.820000,nan,nan,nan,nan,nan,nan,nan,nan,nan,nan,nan,nan,nan,0.001000,nan,1.570796,0.350000,0.350000,0.350000,1.000000,nan,nan,nan,nan,nan,nan
34.830000,nan,nan,nan,nan,nan,nan,nan,nan,nan,nan,nan,nan,nan,0.001000,nan,1.570796,0.350000,0.350000,0.350000,1.000000,nan,nan,nan,nan,nan,nan
34.840000,nan,nan,nan,nan,nan,nan,nan,nan,nan,nan,nan,nan,nan,0.001000,nan,1.570796,0.350000,0.350000,0.350000,1.000000,nan,nan,nan,nan,nan,nan
34.850000,nan,nan,nan,nan,nan,nan,nan,nan,nan,nan,nan,nan,nan,0.001000,nan,1.570796,0.350000,0.350000,0.350000,1.000000,nan,nan,nan,nan,nan,nan
34.860000,nan,nan,nan,nan,nan,nan,nan,nan,nan,nan,nan,nan,nan,0.001000,nan,1.570796,0.350000,0.350000,0.350000,1.000000,nan,nan,nan,nan,nan,nan
34.870000,nan,nan,nan,nan,nan,nan,nan,nan,nan,nan,nan,nan,nan,0.001000,nan,1.570796,0.350000,0.350000,0.350000,1.000000,nan,nan,nan,nan,nan,nan
34.880000,nan,nan,nan,nan,nan,nan,nan,nan,nan,nan,nan,nan,nan,0.001000,nan,1.570796,0.350000,0.350000,0.350000,1.000000,nan,nan,nan,nan,nan,nan
34.890000,nan,nan,nan,nan,nan,nan,nan,nan,nan,nan,nan,nan,nan,0.001000,nan,1.570796,0.350000,0.350000,0.350000,1.000000,nan,nan,nan,nan,nan,nan
34.900000,nan,nan,nan,nan,nan,nan,nan,nan,nan,nan,nan,nan,nan,0.001000,nan,1.570796,0.350000,0.350000,0.350000,1.000000,nan,nan,nan,nan,nan,nan
34.910000,nan,nan,nan,nan,nan,nan,nan,nan,nan,nan,nan,nan,nan,0.001000,nan,1.570796,0.350000,0.350000,0.350000,1.000000,nan,nan,nan,nan,nan,nan
34.920000,nan,nan,nan,nan,nan,nan,nan,nan,nan,nan,nan,nan,nan,0.001000,nan,1.570796,0.350000,0.350000,0.350000,1.000000,nan,nan,nan,nan,nan,nan
34.930000,nan,nan,nan,nan,nan,nan,nan,nan,nan,nan,nan,nan,nan,0.001000,nan,1.570796,0.350000,0.350000,0.350000,1.000000,nan,nan,nan,nan,nan,nan
34.940000,nan,nan,nan,nan,nan,nan,nan,nan,nan,nan,nan,nan,nan,0.001000,nan,1.570796,0.350000,0.350000,0.350000,1.000000,nan,nan,nan,nan,nan,nan
34.950000,nan,nan,nan,nan,nan,nan,nan,nan,nan,nan,nan,nan,nan,0.001000,nan,1.570796,0.350000,0.350000,0.350000,1.000000,nan,nan,nan,nan,nan,nan
34.960000,nan,nan,nan,nan,nan,nan,nan,nan,nan,nan,nan,nan,nan,0.001000,nan,1.570796,0.350000,0.350000,0.350000,1.000000,nan,nan,nan,nan,nan,nan
34.970000,nan,nan,nan,nan,nan,nan,nan,nan,nan,nan,nan,nan,nan,0.001000,nan,1.570796,0.350000,0.350000,0.350000,1.000000,nan,nan,nan,nan,nan,nan
34.980000,nan,nan,nan,nan,nan,nan,nan,nan,nan,nan,nan,nan,nan,0.001000,nan,1.570796,0.350000,0.350000,0.350000,1.000000,nan,nan,nan,nan,nan,nan
34.990000,nan,nan,nan,nan,nan,nan,nan,nan,nan,nan,nan,nan,nan,0.001000,nan,1.570796,0.350000,0.350000,0.350000,1.000000,nan,nan,nan,nan,nan,nan
